ID,Name,Image,GBA Sprite,Species,Personality,Gender,Default Catchphrase,Default Clothing,Default Umbrella,Furniture,Wallpaper,Carpet,House Song,House Image,House Exterior Type,House Exterior Palette,Villager's House Copied,Starting Villager,GBA Personality,GBA Constellation,GBA Speed,GBA Throw Speed,GBA Popularity,GBA Intelligence,GBA Unknown Stat,Name (Romanization),Name (Translation),Name Notes,Name (Future Games English),Personality (Future Games English Terms),Internal ID (Name),Internal ID (Number)
E000,ニコバン,,,Cat,Absent-minded,Male,ネコ,blossom shirt,gelato umbrella,kiddie dresser;kiddie clock;kiddie stereo;kiddie bureau;kiddie bed;kiddie table;kiddie couch;kiddie chair;N logo; /,kiddie wall,kiddie carpet,K.K. Ragtime,,Barnhouse,2,-,TRUE,Absent-minded (0),Capricorn (9),209,112,216,87,104,Nikoban,Nikoban,,Bob,Lazy,CAT0,000
E001,オリビア,,,Cat,Domineering,Female,なんやん,floral knit,elegant umbrella,pothos;regal armoire;regal vanity;regal lamp;regal bed;ivory piano;mega lullaboid;retro stereo;lullaboid;regal dresser;pothos;mini lullaboid;bass; /,ornate wall,classic carpet,Two Days Ago,,Brick,3,-,TRUE,Domineering (12),Aquarius (10),189,102,183,141,80,Oribia,Olivia,,Olivia,Snooty,CAT1,001
E002,マール,,,Cat,Normal,Female,ニャー,patchwork top,classic umbrella,weeping fig;gargloid;warbloid;blue bed;blue dresser;cabana bookcase;red boom box;bromeliaceae; /,kitchen wall,ranch flooring,K.K. Swing,,Cottage,1,-,TRUE,Normal (10),Libra (6),217,82,205,124,89,Māru,Merle,,Mitzi,Normal,CAT2,002
E003,キャビア,,,Cat,Normal,Female,だニ,argyle knit,ribbon parasol,cactus;round cactus;retro stereo;cabana lamp;pine chair;pine table;pine chair;polka parasol;mega bovoid; / daffodil;,mod wall,music room floor,K.K. Country,,Cottage,0,-,TRUE,Normal (10),Libra (6),191,97,192,133,91,Kyabia,Caviar,,Kiki,Normal,CAT3,003
E004,ヒャクパー,,,Cat,Peppy,Female,みかん,chain-gang shirt,orange umbrella,watermelon table;apple TV;strawberry shirt;pear dresser;pear wardrobe;mini metatoid;apple clock;pineapple bed;lemon table;lime chair;mega rustoid;grapefruit table;orange chair; /,citrus wall,citrus carpet,-,,Barnhouse,1,-,TRUE,Peppy (11),Gemini (2),200,112,157,100,100,Hyakupā,,,Tangy,Peppy,CAT4,004
E005,かぶきち,,,Cat,Scary,Male,ぃよぉー,lavender robe,hypno parasol,pagoda;samurai suit;taiko drum;red boom box;paper parasol;lavender robe;novel painting;deer scare;mugho bonsai;shrine lantern;shrine lantern;pine bonsai; /,gold screen wall,18 mat tatami,K.K. Folk,,Cabana,4,-,FALSE,Scary (2),Sagittarius (8),169,145,38,96,102,Kabukichi,Kabukichi,,Kabuki,Cranky,CAT5,005
E006,トラこ,,,Cat,Peppy,Female,にゃは,fish bone shirt,Nintendo parasol,holly bonsai;retro TV;Aiko figurine;Yuki figurine;Emi figurine;danger shirt;leopard print;tiger print;Naomi figurine;Maki figurine;tiger bobblehead;computer;mega percoloid;timpanoid; /,gold screen wall,8 mat tatami,-,,Cabana,0,-,TRUE,Peppy (11),Leo (4),165,131,3,99,117,Torako,Torako,,Tabby,Peppy,CAT6,006
E007,ジェーン,,,Cat,Domineering,Female,ウフーン,grape shirt,ribbon parasol,Mama bear;lovely stereo;plum kimono;groovy shirt;rainbow shirt;cream sofa;moving painting;iris table;lovely armchair;lovely bed;tulip table;lovely armchair;lovely lamp; /,groovy wall,ceramic tile,K.K. Swing,,Brick,1,-,TRUE,Domineering (12),Libra (6),195,98,84,134,85,Jēn,Jane,,Monique,Snooty,CAT7,007
E008,アセクサ,,,Cat,Briskly,Male,ダァーッ,splendid shirt,flame umbrella,blue corner;neutral corner;boxing mat;boxing mat;neutral corner;red corner;boxing mat;boxing mat;folding chair;ringside table;red boom box; / judge's bell;,ringside seating,boxing ring mat,K.K. Rock,,Cabin,3,-,FALSE,Briskly (1),Leo (4),174,143,37,89,106,Asekusa,,,Stinky,Jock,CAT8,008
E009,たま,,,Cat,Domineering,Female,ふんっ,moody blue shirt,polka parasol,exotic bed;hi-fi stereo;antique clock;mini fizzoid;caladium;classic sofa;perfect painting;red armchair;birdcage;mega fizzoid; /,concrete wall,checkered tile,K.K. Swing,,Cottage,2,-,TRUE,Domineering (12),Gemini (2),190,109,113,119,94,Tama,Tama,,Purrl,Snooty,CAT9,009
E00A,ショコラ,,,Cat,Domineering,Female,フフ,crewel shirt,lacy parasol,classic hutch;lacy parasol;rose shirt;regal armoire;red armchair;regal bed;classic table;red armchair;gold stereo;classic clock; /,rose wall,fancy carpet,K.K. Etude,,Cottage,3,-,TRUE,Domineering (12),Aquarius (10),203,90,55,134,85,Shokora,Chocolat,,Kitty,Snooty,CATA,010
E00B,バンタム,,,Cat,Scary,Male,ちぇっ,BB shirt,flame umbrella,fan palm;tall gargloid;rocket;exotic screen;exotic table;mega sproid;exotic end table;flat stag beetle;exotic chair;mini quazoid;exotic end table;noodle shirt;jewel beetle; / catfish;ladybug;crucian carp;,exquisite wall,exquisite rug,-,,Cabin,4,-,TRUE,Scary (2),Sagittarius (8),198,124,109,87,103,Bantamu,Bantam,,Tom,Cranky,CATB,011
E00C,ブーケ,,,Cat,Peppy,Female,チェキ,shortcake shirt,daffodil parasol,djimbe drum;conga drum;kitschy clock;giraffe print;pop machine;mega dekkoid;tape deck;green drum;grapefruit table;sandbag; /,mod wall,cowhide rug,Rockin' K.K.,,Cabin,2,-,TRUE,Peppy (11),Pisces (11),203,102,203,112,95,Būke,Bouquet,,Rosie,Peppy,CATC,012
E00D,アリンコ,,,Anteater,Normal,Female,でアリ,loud bloom shirt,pastel parasol,pothos;ruby econo-chair;worthy painting;rare painting;famous painting;dainty painting;fine painting;strange painting;flowery painting;classic painting;classic painting;classic painting;mini tootoid;mega lullaboid; /,plaster wall,old flooring,-,,Cabin,2,-,FALSE,Normal (10),Aquarius (10),132,106,13,110,164,Arinko,,,Nosegay,Normal,ANT0,013
E00E,ビーフン,,,Anteater,Normal,Female,だモン,hot spring shirt,plaid parasol,pear wardrobe;pear dresser;jukebox;mini nebuloid;quazoid;tall droploid;melon chair;watermelon table;melon chair;mod top;static shirt;star shirt;groovy shirt; /,kitchen wall,citrus carpet,K.K. Fusion,,Barnhouse,1,-,FALSE,Normal (10),Aquarius (10),108,132,19,109,163,Bīfun,,,Zoe,Normal,ANT1,014
E00F,パトラ,,,Anteater,Peppy,Female,だっしー,subdued print,checked umbrella,classic clock;classic cabinet;rare painting;cabana armchair;birdcage;phonograph;biwa lute;cabana screen;corn plant;bromeliaceae;bowtoid;timpanoid; /,lattice wall,exotic rug,K.K. Casbah,,Brick,2,-,FALSE,Peppy (11),Scorpio (7),154,103,14,116,139,Patora,,,Pango,Peppy,ANT2,015
E010,さくらじま,,,Anteater,Scary,Male,でごわす,wave print,paper parasol,exotic wardrobe;exotic table;taiko drum;exotic chair;mega oboid;green ring shirt;white ring shirt;tall lantern;Aiko figurine;Keiko figurine;tall lantern; / globe;,modern screen,8 mat tatami,-,,Cabana,2,-,FALSE,Scary (2),Pisces (11),116,143,23,96,157,Sakurajima,,,Cyrano,Cranky,ANT3,016
E011,こまち,,,Anteater,Domineering,Female,たもれ,blossoming shirt,hypno parasol,exotic bureau;biwa lute;tall puffoid;oombloid;mini strumboid;regal bed;ebony piano;harp;birdcage;exotic end table; / plum bonsai;,modern screen,imperial tile,-,,Cabana,0,-,FALSE,Domineering (12),Scorpio (7),114,106,29,150,142,Komachi,Komachi,,Snooty,Snooty,ANT4,017
E012,たいへいた,,,Bear,Briskly,Male,ですたい,club shirt,paper parasol,blue golf bag;retro stereo;retro TV;writing desk;writing chair;ebony piano;space heater;dracaena;Mama bear; /,chic wall,plush carpet,Mr. K.K.,,Barnhouse,0,-,TRUE,Briskly (1),Libra (6),86,221,107,63,142,Taiheita,,,Teddy,Jock,BEA0,018
E013,チャウヤン,,,Bear,Scary,Male,アルヨ,star shirt,noodle parasol,red vase;biwa lute;mega dingloid;tall oombloid;lullaboid;exotic screen;fan palm;exotic bed;exotic end table;exotic chest;exotic chair;exotic lamp; / popeyed goldfish;,imperial wall,imperial tile,-,,Brick,1,-,TRUE,Scary (2),Leo (4),79,223,38,81,129,Chauyan,,,Chow,Cranky,BEA1,019
E014,スリープ,,,Bear,Absent-minded,Male,グー,bear shirt,yellow umbrella,exotic lamp;cabana lamp;cabana lamp;regal lamp;regal lamp;classic bed;exotic lamp;nebuloid;poltergoid;owl clock;metronome; /,manor wall,opulent rug,-,,Cottage,3,-,TRUE,Absent-minded (0),Pisces (11),84,208,8,44,176,Surīpu,Sleep,,Dozer,Lazy,BEA2,020
E015,バッカス,,,Bear,Absent-minded,Male,んだ,spring shirt,orange umbrella,refrigerator;white boom box;bug zapper;iris table;Mama bear;hammock;fan;goldfish;popeyed goldfish; / tea set;,ivy wall,backyard lawn,K.K. Lullaby,,Cabana,3,-,TRUE,Absent-minded (0),Leo (4),79,213,15,26,194,Bakkasu,Bacchus,,Nate,Lazy,BEA4,021
E016,クロー,,,Bear,Scary,Male,ワォー,windsock shirt,twig parasol,modern desk;gold stereo;samurai suit;office chair;modern table;modern sofa;blue golf bag;green golf bag;white golf bag;batbrella; / Baby bear;,shanty wall,old flooring,K.K. Lament,,Brick,2,-,TRUE,Scary (2),Libra (6),76,244,31,49,143,Kurō,Claw,,Groucho,Cranky,BEA5,022
E017,れんにゅう,,,Bear,Peppy,Female,ファイト,heart shirt,pastel parasol,refrigerator;stove;retro TV;Mama bear;pothos;cabana table;white boom box;lovely end table;cabana lamp;folk guitar;wobbelina;petal parasol; / tea set;Baby bear;,mod wall,8 mat tatami,K.K. Steppe,,Cabana,0,-,TRUE,Peppy (11),Virgo (5),106,204,56,59,143,Rennyū,,,Tutu,Peppy,BEA6,023
E018,ネーヤ,,,Bear,Domineering,Female,やーねぇ,diner uniform,berry umbrella,bromeliaceae;regal cupboard;turntable;dainty painting;regal lamp;classic bed;worthy painting;perfect painting;bass; /,plaza wall,checkered tile,Café K.K.,,Brick,4,-,TRUE,Domineering (12),Capricorn (9),93,207,21,72,140,Nēya,,,Ursala,Snooty,BEA7,024
E019,ムー,,,Bear,Scary,Male,だクマ,houndstooth tee,hypno parasol,salmon;salmon;fishing bear;reel-to-reel;cabin bed;cow skull;barrel;bear shirt;campfire;keg;keg;skull shirt;fish bone shirt;taiko drum; /,cabin wall,western desert,K.K. Safari,,Cabana,1,-,TRUE,Scary (2),Leo (4),87,225,28,53,147,Mū,,,Grizzly,Cranky,BEA8,025
E01A,タンタン,,,Bear,Peppy,Female,わぉ,dazed shirt,berry umbrella,exotic wardrobe;exotic screen;red vase;birdcage;mini strumboid;exotic table;mini lamentoid;exotic bench;exotic end table;mini dingloid;corn plant;exotic chest; / jasmine bonsai;,exquisite wall,bamboo flooring,-,,Cabana,3,-,TRUE,Peppy (11),Virgo (5),99,216,40,78,119,Tantan,Tantan,,Pinky,Peppy,BEA9,026
E01B,ツバクロ,,,Bird,Briskly,Male,でおます,six-ball shirt,yellow umbrella,bass;cello;violin;classic hutch;classic clock;rocking chair;phonograph;vibraphone;mini lullaboid;perfect painting; /,ornate wall,classic carpet,K.K. Waltz,,Brick,0,-,TRUE,Briskly (1),Cancer (3),247,73,124,93,99,Tsubakuro,,,Jay,Jock,BRD0,027
E01C,ピーチク,,,Bird,Peppy,Female,ッピ,barber shirt,gelato umbrella,cabana vanity;hi-fi stereo;cabana lamp;blue bed;cabana chair;Baby bear;blue bureau;mini gargloid;mini warbloid;dracaena; /,ranch wall,checkered tile,K.K. Calypso,,Cottage,3,-,TRUE,Peppy (11),Cancer (3),227,74,31,95,116,Pīchiku,,,Twiggy,Peppy,BRD1,028
E01D,アンチョビ,,,Bird,Absent-minded,Male,でシ,straw shirt,orange umbrella,slot machine;slot machine;slot machine;slot machine;slot machine;slot machine;classic table;classic table;classic table;green counter;retro stereo; /,classic wall,parquet floor,K.K. Ragtime,,Cottage,4,-,TRUE,Absent-minded (0),Pisces (11),211,84,51,103,114,Anchobi,Anchovy,,Anchovy,Lazy,BRD2,029
E01E,レイコ,,,Bird,Peppy,Female,けどー,striking outfit,daffodil parasol,cabana vanity;birdcage;weeping fig;cabana bed;cabana lamp;cabana chair;timpano drum;cabana chair;birdcage;birdcage;turntable; /,wood paneling,birch flooring,Only Me,,Barnhouse,2,-,TRUE,Peppy (11),Aries (0),196,65,33,145,106,Reiko,Reiko,,Piper,Peppy,BRD3,030
E01F,イッテツ,,,Bird,Scary,Male,ってか,orange pinstripe,paper parasol,plate armor;wide-screen TV;wide-screen TV;samurai suit;train set;elephant slide;haz-mat barrel;globe;haz-mat barrel;weight bench;haz-mat barrel; /,shanty wall,steel flooring,-,,Cabana,1,-,TRUE,Scary (2),Aquarius (10),201,94,43,121,96,Ittetsu,Stubborn,,Admiral,Cranky,BRD4,031
E020,たくあん,,,Bird,Absent-minded,Male,なのじゃ,moldy shirt,twig parasol,mini gongoid;mini strumboid;mini dingloid;standing stone;deer scare;backyard pool;stone couple;stone couple;novel painting;mini croakoid; /,gold screen wall,mossy carpet,-,,Cabana,3,-,TRUE,Absent-minded (0),Capricorn (9),194,77,30,135,106,Takuan,Takuan,,Otis,Lazy,BRD5,032
E021,パーチク,,,Bird,Domineering,Female,さ,kiwi shirt,blue umbrella,classic hutch;classic desk;turntable;gray tartan;birdcage;pine table;birdcage;pine chair;birdcage;icy umbrella; /,lattice wall,kitchen tile,K.K. Bossa,,Brick,0,-,TRUE,Domineering (12),Sagittarius (8),207,93,13,96,116,Pāchiku,,,Robin,Snooty,BRD6,033
E022,うずまき,,,Bird,Normal,Female,キョン,new spring shirt,lotus parasol,regal bed;lovely lamp;red tie-dye;lite polka shirt;daisy shirt;birdcage;lovely stereo;lovely end table;lovely chair;wee dingloid;lovely vanity;mini dingloid;polka parasol;sunny parasol;lotus parasol;petal parasol; /,rose wall,birch flooring,K.K. Lullaby,,Cottage,4,-,TRUE,Normal (10),Pisces (11),206,72,99,131,103,Uzumaki,Spiral,,Midge,Normal,BRD7,034
E023,フェザー,,,Bird,Briskly,Male,でヤス,spade shirt,sharp umbrella,migratory locust;spotted ladybug;dice stereo;Spaceman Sam;large char;mini sputnoid;large bass;campfire;mini dinkoid;pale chub;koi;eel;executive toy;catfish;evening cicada;bee; /,kiddie wall,classroom floor,K.K. Parade,,Barnhouse,3,-,TRUE,Briskly (1),Pisces (11),231,83,60,86,112,Fezā,Feather,,Ace,Jock,BRD8,035
E024,ダンガン,,,Bird,Scary,Male,でチュン,arctic camo,flame umbrella,sandbag;trash bin;weight bench;soda machine;office chair;office desk;office locker;blue golf bag;office locker;white golf bag;extinguisher;tape deck; / cube clock;,office wall,office flooring,Go K.K. Rider!,,Cabana,4,-,TRUE,Scary (2),Leo (4),210,108,25,60,134,Dangan,Bullet,,Twirp,Cranky,BRD9,036
E025,ビフテキ,,,Bull,Scary,Male,ってんだ,four-ball shirt,Nintendo parasol,green wardrobe;green pantry;green dresser;green lamp;green bed;green counter;green table;green chair;green bench;turntable;barrel;green desk; /,green wall,green rug,K.K. Blues,,Cottage,2,-,TRUE,Scary (2),Taurus (1),69,216,17,44,183,Bifuteki,Beefsteak,,Chuck,Cranky,BUL0,037
E026,モーリス,,,Bull,Absent-minded,Male,だなっす,seven-ball shirt,plaid parasol,blue dresser;blue chair;owl clock;corn plant;blue table;blue chair;gold stereo;blue bed; / gerbera;,cabin wall,exquisite rug,To the Edge,,Cabin,4,-,TRUE,Absent-minded (0),Taurus (1),64,215,14,48,185,Mōrisu,Morris,,Stu,Lazy,BUL1,038
E027,ケンタ,,,Chicken,Briskly,Male,だコケ,tropical shirt,paper parasol,weeping fig;ranch bed;retro stereo;ranch hutch;ranch wardrobe;classic chair;classic table;classic chair;keg;barrel;plaid parasol; /,floral wall,backyard lawn,K.K. Country,,Cabin,0,-,TRUE,Briskly (1),Libra (6),139,148,56,69,156,Kenta,Kenta,,Goose,Jock,CHN0,039
E028,ホイップ,,,Chicken,Normal,Female,だがね,comfy sweater,classic umbrella,garbage can;refrigerator;stove;alarm clock;extinguisher;apple TV;pine chair;pine chair;pine table;pine chair;fan;rubber tree; / tea set;,backyard fence,ceramic tile,-,,Cabin,1,-,TRUE,Normal (10),Gemini (2),132,125,9,61,194,Hoippu,Whip,,Betty,Normal,CHN1,040
E029,ピロシ,,,Chicken,Briskly,Male,なのだ,light line shirt,bumbershoot,phonograph;giant catfish;samurai suit;slot machine;slot machine;Mrs. Flamingo;globe;modern desk;Mr. Flamingo;white golf bag;black king;black king; /,office wall,office flooring,K.K. March,,Brick,4,-,TRUE,Briskly (1),Aries (0),180,164,37,81,87,Piroshi,Piroshi,,Hector,Jock,CHN2,041
E02A,しもやけ,,,Chicken,Absent-minded,Male,だヨ,swell shirt,blue umbrella,robo-stereo;cream sofa;robo-clock;rocket;rare painting;mega dinkoid;tall sputnoid;mini dinkoid;pulse shirt;dinosaur egg; /,modern wall,blue flooring,K.K. Technopop,,Brick,1,-,TRUE,Absent-minded (0),Libra (6),127,116,19,58,211,Shimoyake,Frostbite,,Egbert,Lazy,CHN3,042
E02B,ドミグラ,,,Chicken,Normal,Female,のよぉ,checkerboard tee,polka parasol,cabin clock;cabin bed;Mama bear;Papa bear;turntable;gaudy sweater;cabin table;tootoid;lite polka shirt;loud bloom shirt;gumdrop shirt;weeping fig; / Baby bear;,cabin wall,cabin rug,K.K. Condor,,Cabin,1,-,TRUE,Normal (10),Taurus (1),123,95,16,81,213,Domigura,Demi-gla,,Ava,Normal,CHN4,043
E02C,タツた,,,Chicken,Briskly,Male,じゃん,exotic shirt,retro umbrella,alarm clock;plinkoid;mini plinkoid;retro stereo;modern cabinet;modern sofa;corn plant;modern chair;modern chair;modern desk;bass; / modern lamp;,library wall,old flooring,K.K. Love Song,,Cottage,0,-,TRUE,Briskly (1),Libra (6),157,110,29,57,188,Tatsuta,Tatsuta,,Hank,Jock,CHN5,044
E02D,ディアナ,,,Chicken,Peppy,Female,だもん,puzzling shirt,yellow umbrella,cabin armchair;cabin clock;cabin dresser;cabin wardrobe;cabin couch;cabin low table;cabin bookcase;cabin table;cabin bed;round cactus;mini lamentoid;tall alloid;mega dingloid; /,cabin wall,cabin rug,-,,Cabin,0,-,TRUE,Peppy (11),Sagittarius (8),147,112,18,64,189,Diana,Diana,,Leigh,Peppy,CHN6,045
E02E,ブイヨン,,,Chicken,Domineering,Female,コッコ,red tie-dye,daffodil parasol,holly bonsai;quince bonsai;jade econo-chair;gold econo-chair;jade econo-chair;cow print;dice stereo;daffodil table;daffodil table;leopard print;flame shirt;big star shirt;ruby econo-chair;regal vanity; /,kitschy wall,stone tile,The K. Funk,,Brick,3,-,TRUE,Domineering (12),Aries (0),118,144,29,71,179,Buiyon,Bouillon,,Rhoda,Snooty,CHN7,046
E02F,ガビ,,,Cub,Scary,Male,やんけ,tiger print,flame umbrella,detour arrow;traffic cone;cement mixer;elephant slide;iron frame;saw horse;saw horse;orange cone;tall droploid;froggy chair;froggy chair;mega quazoid;hammock;mini timpanoid;handcart; /,sandlot wall,sandlot,-,,Cabana,1,-,TRUE,Scary (2),Leo (4),97,130,33,116,169,Gabi,Gabi,,Vladimir,Cranky,CBR0,047
E030,のりお,,,Cub,Scary,Male,ですばい,static shirt,retro umbrella,elephant slide;Baby bear;gold stereo;Master Sword;barrel;barrel;Baby bear;billiard table;orange cone;mega freakoid;toilet;super toilet; /,stone wall,imperial tile,K.K. D & B,,Brick,2,-,TRUE,Scary (2),Capricorn (9),109,128,11,132,143,Norio,Norio,,Murphy,Cranky,CBR1,048
E031,クリスピー,,,Cub,Domineering,Female,かしら,dreamy shirt,ribbon parasol,antique clock;classic hutch;rubber tree;ranch tea table;ranch couch;phonograph;birdcage;space heater;rocking chair;classic desk;caladium;blue golf bag; /,lattice wall,ornate rug,K.K. Waltz,,Cabin,3,-,TRUE,Domineering (12),Gemini (2),94,96,26,172,150,Kurispī,Crispy,,Cupcake,Snooty,CBR2,049
E032,アイダホ,,,Cub,Briskly,Male,のこころ,far-out shirt,sunny parasol,bear pole;exotic table;exotic table;eagle pole;oombloid;stringfish;coelacanth;gongoid;frog woman pole;djimbe drum;djimbe drum;raven pole; / arowana;angelfish;catfish;piranha;,ancient wall,exotic rug,-,,Cabin,0,-,TRUE,Briskly (1),Libra (6),117,144,75,76,175,Aidaho,Idaho,,Kody,Jock,CBR3,050
E033,メープル,,,Cub,Normal,Female,だベア,citrus gingham,lotus parasol,rubber tree;ranch tea table;Mama bear;Papa bear;Papa bear;classic table;turntable;Mama bear;Baby bear;lullaboid;rubber tree;Papa bear;rubber tree;mini lullaboid; / Baby bear;gerbera;Baby bear;,ranch wall,ranch flooring,I Love You,,Cabana,0,-,TRUE,Normal (10),Gemini (2),93,92,33,161,166,Mēpuru,Maple,,Maple,Normal,CBR4,051
E034,きんぞう,,,Cub,Absent-minded,Male,んもう,green ring shirt,noodle parasol,folk guitar;Mama bear;crawfish;apple TV;Arwing;round cactus;red boom box;hamster cage;flip-top desk;mountain bike;tall sputnoid;barber's pole; /,ornate wall,green rug,Rockin' K.K.,,Cabana,0,-,TRUE,Absent-minded (0),Gemini (2),93,101,6,112,206,Kinzou,Kinzou,,Pudge,Lazy,CBR5,052
E035,ピッコロ,,,Cub,Normal,Female,マグ,dapper shirt,gingham parasol,lovely lamp;lovely stereo;Mama bear;Papa bear;tulip chair;tulip table;tulip table;lovely dresser;wobbelina; / gerbera;Baby bear;,lovely wall,plaza tile,Only Me,,Barnhouse,4,-,TRUE,Normal (10),Cancer (3),107,111,84,155,139,Pikkoro,Piccolo,,Olive,Normal,CBR6,053
E036,ポンチョ,,,Cub,Briskly,Male,モン,blue grid shirt,plaid parasol,refrigerator;stove;comfy sweater;modern dresser;modern wardrobe;tall droploid;modern bed;mega timpanoid;rubber tree;classic table;mini dekkoid;cream sofa;mini bowtoid; /,music room wall,steel flooring,-,,Cabin,2,-,TRUE,Briskly (1),Capricorn (9),104,105,105,141,162,Poncho,Poncho,,Poncho,Jock,CBR7,054
E037,グルミン,,,Cub,Peppy,Female,キュン,lemon gingham,icy umbrella,conga drum;red boom box;Baby bear;blue dresser;blue bed;conga drum;red armchair;red armchair;Baby bear;cabana table;rock guitar;coconut palm;polka parasol; /,exotic wall,cabana flooring,K.K. Ska,,Cabin,1,-,TRUE,Peppy (11),Cancer (3),101,115,93,110,186,Gurumin,Gurumin,,Bluebear,Peppy,CBR8,055
E038,カルピ,,,Cow,Peppy,Female,だモー,citrus shirt,gelato umbrella,cabana wardrobe;cabana vanity;cabana lamp;cabana bed;cabana armchair;birdcage;cabana bookcase;cabana dresser;cabana table;white boom box;cabana chair; /,cabana wall,cabana flooring,K.K. Calypso,,Cottage,0,-,TRUE,Peppy (11),Taurus (1),89,186,19,73,164,Karupi,Calpi,,Patty,Peppy,COW0,056
E039,しもふり,,,Cow,Domineering,Female,ザマス,spunky knit,checked umbrella,tall bovoid;cow print;dice stereo;red clock;weeping fig;red sofa;aloe;country guitar;cabana lamp;round cactus;cabana table; / gerbera;,plaster wall,cowhide rug,K.K. Tango,,Brick,2,-,TRUE,Domineering (12),Taurus (1),100,153,9,112,147,Shimofuri,Marbling,,Petunia,Snooty,COW1,057
E03A,アモーレ,,,Cow,Normal,Female,ずら,berry gingham,plaid parasol,birdcage;barrel;dice stereo;pine table;pine chair;cactus;lady palm;fan palm;rubber tree;pothos;goldfish; / sunflower;,ivy wall,slate flooring,K.K. Salsa,,Brick,1,-,TRUE,Normal (10),Taurus (1),81,167,11,84,180,Amōre,Amore,,Bessie,Normal,COW2,058
E03B,ミルク,,,Cow,Peppy,Female,にゅう,denim shirt,petal parasol,cabana dresser;cabana wardrobe;folk guitar;tall bovoid;cabin clock;cow print;cabana table;cow print;violin;cow print;mega bovoid;cabin chair; /,cabana wall,cabin rug,-,,Cabin,0,-,TRUE,Peppy (11),Cancer (3),79,168,19,84,181,Miruku,Milk,,Belle,Peppy,COW3,059
E03C,アルベルト,,,Alligator,Absent-minded,Male,だワニ,big bro's shirt,mod umbrella,lady palm;mini rhythmoid;pachira;mini rhythmoid;toilet;mini rhythmoid;mini rhythmoid;exotic chair;exotic table;exotic bench;white boom box; /,imperial wall,basement floor,Forest Life,,Brick,2,-,TRUE,Absent-minded (0),Gemini (2),50,195,20,38,229,Aruberuto,Albert,,Alfonso,Lazy,CRD0,060
E03D,ホウサク,,,Alligator,Briskly,Male,だぴょん,jester shirt,dainty parasol,rubber tree;turntable;exotic bench;croton;corn plant;exotic screen;common painting;snake plant;bromeliaceae;aloe;dracaena; /,ivy wall,slate flooring,K.K. Aria,,Brick,1,-,TRUE,Briskly (1),Leo (4),47,207,20,30,228,Housaku,Housaku,,Boots,Jock,CRD1,061
E03E,ストロベリー,,,Alligator,Normal,Female,なの,diamond shirt,berry umbrella,lovely bed;lovely lamp;lovely vanity;lovely armoire;lovely kitchen;tulip chair;tulip table;lovely stereo;wobbelina;hot spring shirt;red tie-dye;ribbon parasol;lotus parasol;grape shirt;strawberry shirt; /,lovely wall,checkered tile,K.K. Ballad,,Cabana,0,-,TRUE,Normal (10),Virgo (5),54,197,17,42,219,Sutoroberī,Strawberry,,Liz,Normal,CRD2,062
E03F,ロビン,,,Dog,Absent-minded,Male,だイヌ,mod top,sunny parasol,high-end stereo;cabin clock;ranch armchair;cabin low table;ranch armchair;fan palm;ranch bed;mega bovoid;mini tootoid; /,wood paneling,cabana flooring,K.K. Mambo,,Barnhouse,2,-,TRUE,Absent-minded (0),Taurus (1),143,107,49,137,125,Robin,Robin,,Biskit,Lazy,DOG0,063
E040,キャラメル,,,Dog,Normal,Female,ワン,hippie shirt,polka parasol,turntable;tall nebuloid;cabana bed;cream sofa;cabin table;round cactus;No.4 shirt;tall cactus;rocking chair; /,blue-trim wall,birch flooring,K.K. Aria,,Barnhouse,4,-,TRUE,Normal (10),Capricorn (9),141,96,188,163,112,Kyarameru,Caramel,,Goldie,Normal,DOG1,064
E041,バニラ,,,Dog,Normal,Female,だよね,kiddie shirt,gelato umbrella,antique clock;amber;ammonite;dinosaur egg;dinosaur track;mammoth skull;mammoth torso;mega alloid;wee dingloid;extinguisher; /,library wall,tartan rug,-,,Cottage,4,-,TRUE,Normal (10),Scorpio (7),126,107,136,139,140,Banira,Vanilla,,Daisy,Normal,DOG2,065
E042,ラッキー,,,Dog,Absent-minded,Male,らしいよ,No.23 shirt,batbrella,asteroid;asteroid;asteroid;asteroid;asteroid;asteroid;asteroid;asteroid;asteroid;Master Sword;Master Sword;asteroid;pond lantern;bus stop;potbelly stove;slot machine;squat dingloid;mini dingloid; /,ancient wall,ancient tile,-,,Cabana,2,-,FALSE,Absent-minded (0),Scorpio (7),128,101,89,179,104,Rakkī,Lucky,,Lucky,Lazy,DOG3,066
E043,ブレンダ,,,Dog,Domineering,Female,フンッ,polar fleece,elegant umbrella,white knight;antique clock;exotic lamp;regal vanity;regal dresser;phonograph;regal chair;regal table;houndstooth knit;neo-classic knit;lacy parasol; /,stately wall,tartan rug,Café K.K.,,Brick,0,-,TRUE,Domineering (12),Scorpio (7),129,119,34,148,116,Burenda,Brenda,,Portia,Snooty,DOG4,067
E044,マロン,,,Dog,Peppy,Female,ワンツー,fetching outfit,pastel parasol,cabana wardrobe;computer;gold stereo;pachira;conga drum;classic sofa;cabana bed;bromeliaceae;mega fizzoid;round cactus;mini fizzoid;sunny parasol;gingham parasol; /,cabana wall,music room floor,K.K. Fusion,,Cabin,0,-,TRUE,Peppy (11),Capricorn (9),159,108,32,116,129,Maron,Maron,,Maddie,Peppy,DOG5,068
E045,ジョン,,,Dog,Scary,Male,ノン,houndstooth knit,classic umbrella,modern cabinet;green golf bag;bromeliaceae;strange painting;modern table;billiard table;gold stereo;modern sofa;corn plant;nebuloid;noble shirt;BB shirt; /,concrete wall,modern tile,K.K. Fusion,,Brick,2,-,TRUE,Scary (2),Scorpio (7),134,131,88,133,114,Jon,John,,Butch,Cranky,DOG7,069
E046,ピータン,,,Duck,Briskly,Male,だね,No.2 shirt,dainty parasol,exotic wardrobe;coconut palm;exotic bench;coconut palm;exotic end table;loach;darner dragonfly;exotic table;arowana;giant beetle;birdcage;phonograph; / exotic lamp;brown cicada;,lattice wall,kitchen tile,K.K. Reggae,,Cottage,0,-,TRUE,Briskly (1),Aquarius (10),128,144,159,96,144,Pītan,,,Bill,Jock,DUK0,070
E047,のりっぺ,,,Duck,Peppy,Female,だっピ,No.4 shirt,berry umbrella,reel-to-reel;round cactus;tall cactus;stove;refrigerator;nebuloid;iris chair;tulip table;iris chair;train set;kitschy clock;owl clock; /,kitchen wall,kitschy tile,K.K. Jazz,,Barnhouse,4,-,TRUE,Peppy (11),Aquarius (10),168,100,103,147,97,Norippe,,,Pompom,Peppy,DUK1,071
E048,リチャード,,,Duck,Absent-minded,Male,でヤンス,No.3 shirt,leaf umbrella,sprinkler;sprinkler;backyard pool;sprinkler;sprinkler;red boom box; /,blue tarp,daisy meadow,Rockin' K.K.,,Cabin,3,-,TRUE,Absent-minded (0),Capricorn (9),99,182,112,64,167,Richādo,Richard,,Joey,Lazy,DUK2,072
E049,マモル,,,Duck,Briskly,Male,グワッ,frog shirt,flame umbrella,crucian carp;pond smelt;piranha;small bass;pop machine;soda machine;white boom box;cabana armchair;corn plant;corn plant;mini lamentoid;mega lamentoid;mega lamentoid;mini lamentoid; /,cabin wall,shanty mat,K.K. Calypso,,Cabana,3,-,TRUE,Briskly (1),Gemini (2),153,101,85,97,161,Mamoru,Mamoru,,Scoot,Jock,DUK3,073
E04A,ボン,,,Duck,Absent-minded,Male,ね!ママ,yellow bar shirt,orange umbrella,trilobite;ammonite;teacher's desk;writing chair;computer;teacher's desk;tricera torso;globe;mini metatoid;coelacanth;metatoid;fan palm;lady palm;round cactus;cactus; / purple butterfly;mantis;catfish;arowana;,library wall,tartan rug,-,,Cabana,4,-,TRUE,Absent-minded (0),Gemini (2),113,116,38,158,125,Bon,Bon,,Derwin,Lazy,DUK4,074
E04B,マグロ,,,Duck,Peppy,Female,ぎょぎょ,oft-seen print,mod umbrella,toilet;scale;pop machine;cabana screen;pothos;lawn chair;lawn chair;caladium;bear pole;pachira;white boom box; /,green wall,bamboo flooring,K.K. Song,,Cabin,1,-,TRUE,Peppy (11),Pisces (11),111,129,39,114,158,Maguro,Tuna,,Freckles,Peppy,DUK5,075
E04C,パオロ,,,Elephant,Absent-minded,Male,パオ,cherry shirt,mod umbrella,kiddie clock;kiddie bookcase;elephant slide;table tennis;slot machine;elephant slide;wobbelina;garbage can;dice stereo;refrigerator; /,playroom wall,kiddie carpet,K.K. March,,Cabana,2,-,TRUE,Absent-minded (0),Taurus (1),59,222,91,47,184,Paoro,Paolo,,Paolo,Lazy,ELP0,076
E04D,ヒュージ,,,Elephant,Absent-minded,Male,だゾウ,No.5 shirt,gelato umbrella,elephant slide;one-ball shirt;alarm clock;ranch bed;mini dingloid;mega timpanoid;mega lamentoid;blue chair;train set;toilet; /,wood paneling,backyard lawn,-,,Cabin,1,-,TRUE,Absent-minded (0),Cancer (3),45,250,41,59,158,Hyūji,Huge,,Dizzy,Lazy,ELP1,077
E04E,エックスエル,,,Elephant,Briskly,Male,でゴンス,fresh shirt,retro umbrella,dingloid;rhythmoid;ebony piano;rustoid;timpanoid;djimbe drum;conga drum;conga drum;timpano drum;lady palm;rubber tree;dracaena;lady palm; /,ivy wall,daisy meadow,-,,Cabin,0,-,TRUE,Briskly (1),Aries (0),42,255,27,51,164,Ekkusueru,XL,,Axel,Jock,ELP2,078
E04F,ケロミ,,,Frog,Normal,Female,だケロ,frog shirt,lotus parasol,green bench;green lamp;owl clock;mega croakoid;mini croakoid;green table;polka parasol;daffodil parasol;blue umbrella;pothos;tall croakoid;croakoid;elegant umbrella; / popeyed goldfish;,blue-trim wall,kitchen tile,-,,Barnhouse,0,-,TRUE,Normal (10),Cancer (3),162,100,53,113,137,Keromi,,,Emerald,Normal,FLG0,079
E050,タンボ,,,Frog,Briskly,Male,だよん,one-ball shirt,sharp umbrella,elephant slide;backyard pool;elephant slide;froggy chair;mini squelchoid;froggy chair;mega dinkoid;lily-pad table;mini buzzoid;tall croakoid;froggy chair;lily-pad table; / goldfish;,playroom wall,kitchen flooring,-,,Barnhouse,3,-,TRUE,Briskly (1),Leo (4),179,113,82,101,119,Tanbo,,,Tad,Jock,FLG1,080
E051,サム,,,Frog,Scary,Male,だぎゃ,static shirt,leaf umbrella,aloe;bell cricket;tall bovoid;garden pond;snake plant;pine cricket;cricket;mega bovoid;garden pond;garden pond;mega bovoid; /,old brick wall,sandlot,-,,Cabana,2,-,TRUE,Scary (2),Leo (4),130,128,28,91,163,Samu,Sam,,Wart Jr,Cranky,FLG2,081
E052,ハルマキ,,,frog,Briskly,Male,のことよ,noodle shirt,noodle parasol,exotic bureau;reel-to-reel;exotic bed;exotic chair;exotic chest;exotic chair;exotic table;exotic wardrobe;exotic screen;lady palm; /,exotic wall,exotic rug,Imperial K.K.,,Barnhouse,4,-,TRUE,Briskly (1),Sagittarius (8),129,113,33,124,146,Harumaki,,,Cousteau,Jock,FLG3,082
E053,チョキ,,,Frog,Peppy,Female,っちゃ,lovely shirt,berry umbrella,cabana lamp;ranch wardrobe;stove;toilet;refrigerator;orange box;lawn chair;tape deck; / gerbera;,lunar horizon,daisy meadow,K.K. Ballad,,Cottage,0,-,TRUE,Peppy (11),Capricorn (9),145,134,56,126,107,Choki,,,Puddles,Peppy,FLG4,083
E054,レイニー,,,Frog,Normal,Female,でちゅ,neo-classic knit,petal parasol,fan;stove;refrigerator;froggy chair;froggy chair;froggy chair;red boom box;large bass;lily-pad table;lily-pad table;lily-pad table;froggy chair;garbage can;water bird;garbage can; / bitterling;,mod wall,ceramic tile,K.K. Salsa,,Barnhouse,1,-,TRUE,Normal (10),Aquarius (10),155,101,91,116,140,Reinī,Rainy,,Lily,Normal,FLG5,084
E055,クワトロ,,,Frog,Absent-minded,Male,にゃむ,sunset top,Nintendo parasol,white boom box;mega squelchoid;table tennis;froggy chair;lily-pad table;garden pond;crewel shirt;chevron shirt;oft-seen print;kiwi shirt;leaf umbrella;shirt circuit; /,bamboo wall,red tile,K.K. Mambo,,Barnhouse,2,-,TRUE,Absent-minded (0),Cancer (3),151,104,59,100,157,Kuwatoro,Quattro,,Jeremiah,Lazy,FLG6,085
E056,ストロー,,,Frog,Absent-minded,Male,とかー,melon gingham,sunny parasol,cello;ebony piano;pine chair;corn plant;pine table;pine table;pine chair;pine chair;corn plant;pine chair;turntable; /,plaza wall,parquet floor,K.K. Gumbo,,Cabana,3,-,TRUE,Absent-minded (0),Cancer (3),163,98,28,109,142,Sutorō,Straw,,Huck,Lazy,FLG7,086
E057,フルメタル,,,Frog,Scary,Male,わい,MVP shirt,batbrella,oil drum;green drum;tricera skull;piranha;office locker;CD player;folding chair;refrigerator;modern sofa;garbage can; /,concrete wall,office flooring,K.K. Rock,,Cabin,3,-,TRUE,Scary (2),Gemini (2),126,150,28,75,161,Furumetaru,Full Metal,,Camofrog,Cranky,FLG8,087
E058,ガチャ,,,Frog,Briskly,Male,だロボ,pulse shirt,blue umbrella,lunar lander;rocket;Spaceman Sam;slim quazoid;tall quazoid;lunar rover;asteroid;space shuttle;satellite; /,lunar horizon,lunar surface,-,,Cottage,1,-,FALSE,Briskly (1),Aquarius (10),128,128,88,128,128,Gacha,Gacha,,Ribbot,Jock,FLG9,088
E059,カール,,,Frog,Absent-minded,Male,ですだ,yellow bar shirt,leaf umbrella,rock guitar;red armchair;high-end stereo;red armchair;white king;red armchair;red armchair;ivory piano;ebony piano;red armchair;red armchair;black queen;red armchair;red armchair;folk guitar; /,mod wall,diner tile,K.K. Soul,,Cabana,1,-,TRUE,Absent-minded (0),Cancer (3),118,143,34,87,164,Kāru,Carl,,Prince,Lazy,FLGA,089
E05A,エスメラルダ,,,Frog,Normal,Female,ですわよ,prism shirt,ribbon parasol,mega sproid;kiddie couch;mega drilloid;mini drilloid;mega sproid;train set;mega drilloid;gelato umbrella; /,kiddie wall,modern tile,-,,Brick,4,-,TRUE,Normal (10),Scorpio (7),150,90,10,140,132,Esumeraruda,Esmeralda,,Jambette,Normal,FLGB,090
E05B,アーシンド,,,Goat,Briskly,Male,よのう,sharp outfit,classic umbrella,toilet;toilet;exotic screen;exotic screen;toilet;toilet;exotic screen;exotic screen;soda machine;toilet;trash bin;aloe;exotic screen; /,exotic wall,mosaic tile,-,,Cabana,4,-,TRUE,Briskly (1),Aries (0),193,109,81,88,122,Āshindo,,,Billy,Jock,GOA0,091
E05C,ユキ,,,Goat,Normal,Female,っぺ,natty shirt,gingham parasol,regal bookcase;fresh shirt;Mama bear;jade econo-chair;Papa bear;white boom box;petal parasol;petal parasol; /,plaza wall,classic carpet,K.K. Chorale,,Brick,3,-,TRUE,Normal (10),Pisces (11),183,88,85,132,109,Yuki,Yuki,,Chevre,Normal,GOA1,092
E05D,オトマツ,,,Goat,Briskly,Male,ですじゃ,white ring shirt,sharp umbrella,quince bonsai;samurai suit;samurai suit;pine bonsai;red vase;phonograph;tea vase; /,manor wall,18 mat tatami,Comrade K.K.,,Cabana,0,-,TRUE,Briskly (1),Capricorn (9),165,117,35,134,96,Otomatsu,Otomatsu,,Iggy,Jock,GOA2,093
E05E,ビリー,,,Goat,Scary,Male,イェーイ,big star shirt,flame umbrella,folk guitar;country guitar;rock guitar;jukebox;kitschy clock;ivory piano;bass;modern sofa;extinguisher;pothos; /,stone wall,modern tile,Only Me,,Brick,4,-,TRUE,Scary (2),Virgo (5),182,139,37,66,125,Birī,Billy,,Gruff,Cranky,GOA3,094
E05F,チャマジ,,,Goat,Absent-minded,Male,とほほ,desert camo,paper parasol,covered wagon;covered wagon;covered wagon;covered wagon;bonfire;covered wagon;covered wagon;chowder;poltergoid;saddle fence;saddle fence;mini metatoid; /,meadow vista,sandlot,-,,Cabana,4,-,TRUE,Absent-minded (0),Capricorn (9),146,103,51,158,105,Chamaji,,,Sven,Lazy,GOA4,095
E060,ピティエ,,,Goat,Domineering,Female,ザーマス,cool shirt,mod umbrella,fine painting;lady palm;classic clock;perfect painting;rare painting;space heater;classic sofa;common painting;dainty painting;fan palm;amazing painting;phonograph;globe; /,library wall,checkered tile,K.K. Cruisin',,Brick,1,-,FALSE,Domineering (12),Capricorn (9),158,95,5,94,165,Pitie,,,Velma,Snooty,GOA5,096
E061,フィーバー,,,Gorilla,Domineering,Female,だゴリ,rainbow shirt,sunny parasol,pop machine;apple TV;retro stereo;tulip chair;cream sofa;daffodil table;orange tie-dye;iris table;Jingle shirt;tulip table;rainbow shirt;lovely lamp; /,kitschy wall,kitschy tile,K.K. Soul,,Cabin,4,-,TRUE,Domineering (12),Sagittarius (8),144,178,17,99,91,Fībā,Fever,,Jane,Snooty,GOR0,097
E062,アラン,,,Gorilla,Scary,Male,ウホウホ,A shirt,bumbershoot,regal lamp;regal sofa;phonograph;tall alloid;tall strumboid;tall poltergoid;tall echoid;bromeliaceae;white pawn;white pawn;bromeliaceae; /,plaza wall,regal carpet,K.K. Lament,,Cabin,3,-,TRUE,Scary (2),Virgo (5),62,188,29,157,105,Aran,Alan,,Cesar,Cranky,GOR1,098
E063,マッスル,,,Gorilla,Briskly,Male,コング,li'l bro's shirt,petal parasol,cabin clock;round cactus;cabin armchair;cabin table;mini bowtoid;mega bowtoid;conga drum;conga drum;djimbe drum;bear pole;timpano drum;keg; /,wood paneling,cabin rug,-,,Cabin,1,-,TRUE,Briskly (1),Aries (0),65,191,30,131,125,Massuru,Muscle,,Louie,Jock,GOR2,099
E064,ダンベル,,,Gorilla,Scary,Male,ガオ,five-ball shirt,leaf umbrella,samurai suit;mega timpanoid;high-end stereo;rustoid;samurai suit;exotic bed;taiko drum;taiko drum; /,concrete wall,concrete floor,K.K. Casbah,,Cottage,1,-,TRUE,Scary (2),Virgo (5),57,195,11,136,124,Danberu,Dumbbell,,Peewee,Cranky,GOR3,100
E065,ヒポクラテス,,,Hippo,Absent-minded,Male,なのな,whirly shirt,dainty parasol,metatoid;maple bonsai;samurai suit;plum bonsai;ponderosa bonsai;tall percoloid;glass-top table;tiki torch;tiki torch; /,old brick wall,shanty mat,-,,Cabana,4,-,TRUE,Absent-minded (0),Leo (4),53,135,12,130,194,Hipokuratesu,Hippocrates,,Rollo,Lazy,HIP0,101
E066,チャコ,,,Hippo,Peppy,Female,でガンス,crossing shirt,plaid parasol,mega dekkoid;apple TV;apple clock;pear wardrobe;round cactus;dekkoid;mini dekkoid;watermelon table;melon chair;watermelon chair;pineapple bed;petal parasol;tall cactus;berry umbrella;orange umbrella; / Nook's portrait;,citrus wall,citrus carpet,-,,Cottage,2,-,TRUE,Peppy (11),Virgo (5),58,162,10,63,229,Chuko,,,Bubbles,Peppy,HIP1,102
E067,あんこ,,,Hippo,Normal,Female,そうです,pink tartan,gingham parasol,rare painting;gold stereo;modern bed;bromeliaceae;modern chair;modern end table;modern chair;cello;vibraphone;aloe; /,blue wall,stone tile,K.K. Cruisin',,Brick,3,-,TRUE,Normal (10),Taurus (1),55,136,32,82,239,Anko,Anko,,Bertha,Normal,HIP2,103
E068,サブレ,,,Horse,Absent-minded,Male,だヒヒン,gaudy sweater,gelato umbrella,phonograph;strange painting;regal chair;regal chair;regal table;regal chair;regal chair;ranch couch;classic clock; /,arched window,opulent rug,K.K. Waltz,,Cottage,3,-,TRUE,Absent-minded (0),Libra (6),193,93,29,52,174,Sabure,Sablé,,Elmer,Lazy,HRS0,104
E069,マキバスター,,,Horse,Peppy,Female,みゃあ,cow print,gingham parasol,lovely stereo;lovely vanity;lovely dresser;lovely armoire;lovely chair;lovely lamp;Mama bear;lovely end table;lovely bed;lovely table;lovely armchair; / gerbera;,lovely wall,lovely carpet,My Place,,Barnhouse,0,-,TRUE,Peppy (11),Aquarius (10),192,81,58,68,171,Makibasutā,Ranch Star,,Winnie,Peppy,HRS1,105
E06A,サバンナ,,,Horse,Normal,Female,ってば,deep blue tee,icy umbrella,lady palm;cabana armchair;retro stereo;cabana armchair;corn plant;caladium;cabana screen;birdcage;conga drum;conga drum; /,plaza wall,red tile,Forest Life,,Brick,3,-,TRUE,Normal (10),Aquarius (10),205,85,57,60,162,Sabanna,Savanna,,Savannah,Normal,HRS2,106
E06B,キザノホマレ,,,Horse,Briskly,Male,じゃない,rickrack shirt,checked umbrella,modern bed;modern chair;gold stereo;modern dresser;modern wardrobe;modern desk;globe;modern sofa;modern table;modern end table; / modern lamp;,modern wall,modern tile,K.K. Ballad,,Brick,2,-,TRUE,Briskly (1),Virgo (5),204,105,38,49,154,Kizanohomare,,,Ed,Jock,HRS3,107
E06C,アイソトープ,,,Horse,Domineering,Female,あそばせ,silk bloom shirt,icy umbrella,corn plant;croton;retro stereo;rubber tree;weeping fig;aloe;bromeliaceae;mermaid statue;cabana screen;cabana lamp;cabana vanity;wee dingloid;mini lullaboid; /,mosaic wall,mosaic tile,K.K. Bossa,,Cottage,4,-,TRUE,Domineering (12),Aquarius (10),178,89,30,92,153,Aisotōpu,Isotope,,Cleo,Snooty,HRS4,108
E06D,ドサコ,,,Horse,Normal,Female,だポン,lite polka shirt,berry umbrella,letter cubby;windsock shirt;windsock shirt;water bird;wobbelina;elephant slide;kiddie stereo;squelchoid;mega squelchoid;mini squelchoid; /,kiddie wall,playroom rug,Señor K.K.,,Barnhouse,4,-,TRUE,Normal (10),Sagittarius (8),156,128,30,50,178,Dosako,,,Peaches,Normal,HRS5,109
E06E,ヴァヤシコフ,,,Horse,Briskly,Male,なんちて,eight-ball shirt,sharp umbrella,phonograph;leather jerkin;antique clock;exotic chest;ranch couch;classic table;ranch armchair;exotic screen;space heater;tea vase; /,old brick wall,opulent rug,My Place,,Cottage,0,-,TRUE,Briskly (1),Aries (0),166,109,77,76,161,Vayashikofu,Vayashikov,,Buck,Jock,HRS6,110
E06F,マミィ,,,Kangaroo,Normal,Female,だフン,toad print,gingham parasol,executive toy;glow clock;stove;refrigerator;rubber tree;green table;jade econo-chair;gold econo-chair;ruby econo-chair;tall harmonoid;mini gargloid;water bird; / tea set;,kitchen wall,kitchen flooring,-,,Barnhouse,1,-,FALSE,Normal (10),Sagittarius (8),183,151,20,68,110,Mamī,Mommy,,Carrie,Normal,KGR0,111
E070,アザラク,,,Kangaroo,Domineering,Female,ッハ,U R here shirt,elegant umbrella,classic clock;slot machine;slot machine;slot machine;slot machine;corn plant;billiard table;classic sofa;classic table;checkered shirt;checkerboard tee;jukebox; /,green wall,checkered tile,K.K. Ragtime,,Cottage,3,-,FALSE,Domineering (12),Scorpio (7),153,166,42,72,121,Azaraku,Azarak,,Mathilda,Snooty,KGR1,112
E071,モジモジ,,,Kangaroo,Peppy,Female,っきょ,snowcone shirt,polka parasol,toilet;apple clock;tape deck;daffodil table;tulip chair;mini timpanoid;mini alloid;mini poltergoid;mini fizzoid; /,exotic wall,tropical floor,Aloha K.K.,,Cabin,2,-,FALSE,Peppy (11),Cancer (3),163,139,21,56,154,Mojimoji,,,Marcy,Peppy,KGR2,113
E072,アップリケ,,,Kangaroo,Normal,Female,ッポン,moody blue shirt,orange umbrella,turntable;classic cabinet;ebony piano;classic table;classic chair;exotic bench;classic chair;classic desk;weeping fig; /,arched window,birch flooring,K.K. Chorale,,Barnhouse,0,-,FALSE,Normal (10),Libra (6),169,170,79,71,102,Appurike,Appliqué,,Kitt,Normal,KGR3,114
E073,エプロン,,,Kangaroo,Domineering,Female,ピョン,rose shirt,pastel parasol,phonograph;regal lamp;classic bed;regal lamp;cello;classic painting;weeping fig;regal sofa;dainty painting;perfect painting; /,regal wall,tartan rug,K.K. Etude,,Barnhouse,2,-,FALSE,Domineering (12),Sagittarius (8),172,131,30,83,126,Epuron,Apron,,Valise,Snooty,KGR4,115
E074,キッズ,,,Kangaroo,Domineering,Female,だパンク,star shirt,flame umbrella,regal lamp;regal chair;office locker;amazing painting;regal bed;high-end stereo;rock guitar;regal sofa;haz-mat barrel;orange cone;extinguisher; /,stately wall,steel flooring,The K. Funk,,Cabana,0,-,FALSE,Domineering (12),Virgo (5),157,172,20,58,125,Kizzu,Kids,,Astrid,Snooty,KGR5,116
E075,シドニー,,,Koala,Normal,Female,だコアラ,big dot shirt,polka parasol,cabin dresser;kitschy clock;rickrack shirt;red grid shirt;red boom box;cabin couch;Mama bear;cabin table;aloe;cabin armchair;cabin armchair;rubber tree; /,cabin wall,green rug,K.K. Jazz,,Cabin,4,-,TRUE,Normal (10),Gemini (2),115,91,76,120,186,Shidonī,Sydney,,Sydney,Normal,KAL0,117
E076,ゴンゾー,,,Koala,Scary,Male,だがや,earthy knit,batbrella,boxing barricade;boxing barricade;boxing barricade;boxing barricade;boxing barricade;boxing barricade;mega freakoid;orange box;boxing barricade;boxing barricade;boxing barricade;boxing barricade; / judge's bell;,ringside seating,8 mat tatami,-,,Cabana,1,-,TRUE,Scary (2),Libra (6),81,133,28,110,188,Gonzō,Gonzo,,Gonzo,Cranky,KAL1,118
E077,ドングリ,,,Koala,Absent-minded,Male,ククッ,giraffe print,leaf umbrella,letter cubby;folding chair;office locker;righty desk;righty desk;chalk board;righty desk;righty desk;tape deck;metronome;bus stop; /,music room wall,music room floor,Mr. K.K.,,Cottage,2,-,TRUE,Absent-minded (0),Taurus (1),65,131,10,89,227,Donguri,Acorn,,Ozzie,Lazy,KAL2,119
E078,ユーカリ,,,Koala,Domineering,Female,アラ,citrus gingham,daffodil parasol,regal vanity;turntable;regal chair;regal chair;regal bookcase;regal table;regal chair;regal chair;classic painting;ivory piano;pothos;dainty painting; /,classic wall,parquet floor,Soulful K.K.,,Brick,4,-,TRUE,Domineering (12),Cancer (3),86,113,40,115,198,Yūkari,Eucaly,,Yuka,Snooty,KAL3,120
E079,ダッコ,,,Koala,Peppy,Female,エヘ,jade check print,ribbon parasol,metronome;plinkoid;lovely armchair;plinkoid;hi-fi stereo;lovely armchair;plinkoid;ebony piano;lovely end table;pothos; /,cabana wall,exotic rug,Señor K.K.,,Cottage,2,-,TRUE,Peppy (11),Pisces (11),91,124,7,92,205,Dakko,Hug,,Huggy,Peppy,KAL4,121
E07A,サンデー,,,Lion,Absent-minded,Male,だオン,blue pinstripe,polka parasol,classic cabinet;classic bed;mega timpanoid;classic clock;white queen;weeping fig;black pawn;classic table;classic sofa;mini fizzoid; /,manor wall,opulent rug,-,,Cottage,2,-,TRUE,Absent-minded (0),Leo (4),105,184,22,78,145,Sandē,Sunday,,Rex,Lazy,LON0,122
E07B,アッサム,,,Lion,Briskly,Male,カンジー,Anju's shirt,twig parasol,lady palm;fan palm;Merlion;lady palm;caladium;birdcage;exotic end table;exotic bench;dracaena;phonograph;exotic screen;fan palm;fan palm;rubber tree;lady palm;pothos;bromeliaceae;corn plant; /,imperial wall,mossy carpet,Lucky K.K.,,Cabana,2,-,TRUE,Briskly (1),Pisces (11),83,179,57,122,128,Assamu,Assam,,Aziz,Jock,LON1,123
E07C,ティーチャー,,,Lion,Briskly,Male,よな,noble shirt,classic umbrella,classic hutch;classic wardrobe;weeping fig;classic clock;classic vanity;classic bed;classic sofa;classic table;mega harmonoid;classic desk;classic chair;bass;harmonoid; /,classic wall,classic carpet,-,,Brick,1,-,TRUE,Briskly (1),Leo (4),79,155,39,155,123,Tīchā,Teacher,,Leopold,Jock,LON2,124
E07D,ピース,,,Mouse,Briskly,Male,チュー,airy shirt,orange umbrella,melon chair;watermelon chair;dice stereo;mega plinkoid;kitschy clock;watermelon shirt;Nintendo parasol;melon shirt;slim nebuloid;large bass;water bird; /,citrus wall,kiddie carpet,Go K.K. Rider!,,Cottage,1,-,TRUE,Briskly (1),Cancer (3),241,56,36,122,93,Pīsu,Piece,,Samson,Jock,MUS0,125
E07E,ネズこ,,,Mouse,Peppy,Female,なのさ,subdued print,leaf umbrella,tape deck;office desk;potbelly stove;office chair;folding chair;modern bed;manhole cover;garbage can;garbage can; /,old brick wall,charcoal tile,K.K. Parade,,Brick,1,-,TRUE,Peppy (11),Cancer (3),245,48,27,130,89,Nezuko,Nezuko,,Penny,Peppy,MUS1,126
E07F,とめ,,,Mouse,Normal,Female,だべ,sharp outfit,sharp umbrella,hinaningyo;Maki figurine;Naomi figurine;ponderosa bonsai;quince bonsai;glass-top table;tape deck;tall lantern;blue vase;deer scare;tall lantern; / goldfish;,tea room wall,18 mat tatami,Soulful K.K.,,Cabana,0,-,TRUE,Normal (10),Aquarius (10),252,39,28,172,49,Tome,,,Dora,Normal,MUS2,127
E080,チューボー,,,Mouse,Absent-minded,Male,ナリ,blue check print,Nintendo parasol,red vase;tea vase;timpanoid;pond lantern;exotic bureau;exotic chest;reel-to-reel;exotic bench;lady palm;djimbe drum;exotic end table; / ponderosa bonsai;,exquisite wall,charcoal tile,K.K. Faire,,Brick,2,-,TRUE,Absent-minded (0),Capricorn (9),238,52,12,128,94,Chūbō,,,Chico,Lazy,MUS3,128
E081,かんゆ,,,Mouse,Peppy,Female,ですワ,ancient knit,petal parasol,daisy shirt;blossom shirt;apple TV;funky dot shirt;apple clock;lovely shirt;red sofa;red armchair;lovely stereo;snake plant;mini dekkoid;mini tootoid; /,rose wall,kitschy tile,K.K. Calypso,,Barnhouse,0,-,TRUE,Peppy (11),Aries (0),225,41,22,152,94,Kan'yu,,,Candi,Peppy,MUS4,129
E082,ちょろきち,,,Mouse,Scary,Male,がってん,lavender robe,hypno parasol,blue vase;exotic screen;exotic screen;red vase;Aiko figurine;Maki figurine;Emi figurine;Naomi figurine;Yoko figurine;Maki figurine;tall gongoid;Yuki figurine;Aiko figurine;tall lamentoid;tall dingloid;tall strumboid;standing stone;mossy stone;stone couple; /,gold screen wall,old flooring,-,,Cabana,2,-,FALSE,Scary (2),Capricorn (9),255,60,13,126,71,Chorokichi,Chorokichi,,Rizzo,Cranky,MUS5,130
E083,ラザニア,,,Mouse,Peppy,Female,ルンルン,desert shirt,berry umbrella,Papa bear;Mama bear;regal chair;regal chair;weeping fig;dainty painting;vibraphone;hi-fi stereo;mini gargloid;bass; /,rose wall,ornate rug,K.K. Aria,,Cottage,0,-,TRUE,Peppy (11),Pisces (11),244,46,9,139,83,Razania,Lasagna,,Anicotti,Peppy,MUS6,131
E084,らっきょ,,,Mouse,Scary,Male,てやんで,thunder shirt,twig parasol,garden stone;exotic screen;exotic screen;garden stone;mini dingloid;tall oombloid;tall percoloid;wee dingloid;taiko drum;taiko drum;dark stone;dark stone;shrine lantern;samurai suit;reel-to-reel;shrine lantern; /,mortar wall,sand garden,K.K. Folk,,Cabana,1,-,TRUE,Scary (2),Libra (6),232,61,24,119,100,Rakkyo,,,Limberg,Cranky,MUS7,132
E085,ゼリー,,,Mouse,Domineering,Female,んとんと,ribbon shirt,petal parasol,round cactus;green counter;red sofa;tall cactus;red armchair;mini drilloid;mini plinkoid;pineapple bed;pineapple bed;toilet;apple TV;extinguisher; /,kitschy wall,kitschy tile,-,,Cottage,3,-,TRUE,Domineering (12),Aries (0),230,58,51,119,105,Zerī,Jelly,,Carmen,Snooty,MUS8,133
E086,おくたろう,,,Octopus,Scary,Male,タコ,big star shirt,hypno parasol,Master Sword;garden stone;stone couple;dark stone;extinguisher;stone couple;flying saucer;garden stone;robo-stereo;standing stone;garden stone;dark stone;standing stone;garden stone;N logo; /,lunar horizon,sandlot,K.K. D & B,,Cabana,1,-,FALSE,Scary (2),Virgo (5),72,104,42,81,255,Okutarou,Octarou,,Octavian,Cranky,OCT0,134
E087,ラン,,,Ostrich,Normal,Female,だチョー,blue scale shirt,gelato umbrella,oil drum;lunar lander;squat nebuloid;mega harmonoid;mega sputnoid;green drum;rocket;iron frame;manhole cover;jackhammer;green drum;men at work sign;saw horse;jersey barrier;jersey barrier; /,desert vista,Saharah's desert,-,,Cabana,3,-,FALSE,Normal (10),Libra (6),218,81,16,44,169,Ran,Ran,,Sandy,Normal,OST0,135
E088,ヘルツ,,,Ostrich,Briskly,Male,だメカ,No.67 shirt,flame umbrella,blue corner;boxing barricade;boxing barricade;red corner;mini plinkoid;mega plinkoid;office locker;judge's bell;robo-clock;robo-stereo;folding chair;folding chair;lunar rover;flagman sign;extinguisher;cement mixer;orange cone; /,industrial wall,concrete floor,K.K. Technopop,,Barnhouse,3,-,FALSE,Briskly (1),Sagittarius (8),192,112,22,64,144,Herutsu,Hertz,,Sprocket,Jock,OST1,136
E089,デジャネイロ,,,Ostrich,Peppy,Female,リン,red scale shirt,dainty parasol,bear pole;cactus;gold stereo;timpano drum;country guitar;cabana lamp;mini clankoid;mega percoloid;cabana chair;mini rhythmoid;conga drum;conga drum;vibraphone; /,wood paneling,cabana flooring,K.K. Samba,,Cottage,4,-,FALSE,Peppy (11),Virgo (5),226,93,12,45,148,De Janeiro,De Janeiro,,Rio,Peppy,OST2,137
E08A,タキュ,,,Ostrich,Domineering,Female,やっぱし,laced shirt,lacy parasol,black rook;phonograph;classic sofa;white rook;black knight;white knight;black king;black pawn;white pawn;white king;black queen;black pawn;white pawn;white queen;black bishop;black pawn;white pawn;white bishop;black rook;white rook; /,backgammon wall,chessboard rug,K.K. Gumbo,,Brick,0,-,FALSE,Domineering (12),Scorpio (7),221,86,27,62,143,Takyu,,,Queenie,Snooty,OST3,138
E08B,アポロ,,,Eagle,Scary,Male,だワイ,zipper shirt,paper parasol,regal bookcase;black knight;white queen;hi-fi stereo;billiard table;modern desk;modern sofa;houndstooth knit;trilobite;dracaena;ammonite; /,classic wall,tartan rug,Soulful K.K.,,Cottage,0,-,TRUE,Scary (2),Cancer (3),182,118,171,99,113,Aporo,Apollo,,Apollo,Cranky,PBR0,139
E08C,ひでよし,,,Eagle,Scary,Male,ッキーッ,racer 6 shirt,twig parasol,black king;black rook;black pawn;white pawn;white rook;white king;country guitar;rock guitar;blue bench;red boom box;garbage can;dracaena;flame umbrella; /,ivy wall,slate flooring,The K. Funk,,Cabana,1,-,TRUE,Scary (2),Sagittarius (8),156,142,53,76,138,Hideyoshi,Hideyoshi,,Buzz,Cranky,PBR1,140
E08D,ハチェット,,,Eagle,Briskly,Male,ゲロッパ,rally shirt,yellow umbrella,bear pole;eagle pole;cabin chair;cabin chair;exotic shirt;cabin table;jukebox;tall cactus;cactus;cabin bed; /,meadow vista,cowhide rug,K.K. Western,,Cabin,4,-,TRUE,Briskly (1),Virgo (5),172,146,93,70,124,Hachetto,Hatchet,,Quetzal,Jock,PBR2,141
E08E,アンデス,,,Eagle,Domineering,Female,カラカラ,spiderweb shirt,daffodil parasol,dinosaur track;ammonite;monkey shirt;tape deck;giant snakehead;birdcage;cabin bed;ranch chair;tall puffoid;ranch tea table;cactus;country guitar;aloe;bromeliaceae; /,desert vista,cabin rug,K.K. Condor,,Cabin,3,-,TRUE,Domineering (12),Scorpio (7),158,122,11,108,124,Andesu,Andes,,Amelia,Snooty,PBR3,142
E08F,セバスチャン,,,Eagle,Briskly,Male,バサバサ,circus shirt,retro umbrella,regal cupboard;phonograph;regal armoire;regal vanity;regal bed;regal chair;regal table;regal sofa;regal lamp;moving painting; /,regal wall,regal carpet,K.K. Etude,,Brick,3,-,TRUE,Briskly (1),Capricorn (9),207,159,110,57,89,Sebasuchan,Sebastian,,Pierce,Jock,PBR4,143
E090,ペンタ,,,Penguin,Briskly,Male,だペン,café shirt,daffodil parasol,elephant slide;kiddie clock;puzzling shirt;robo-stereo;mini sproid;space shuttle;train set;gelato umbrella;toilet; /,playroom wall,kiddie carpet,K.K. Parade,,Barnhouse,2,-,TRUE,Briskly (1),Capricorn (9),115,109,125,184,104,Penta,Penta,,Roald,Jock,PGN0,144
E091,オーロラ,,,Penguin,Normal,Female,だジョー,classic top,orange umbrella,lullaboid;harmonoid;nebuloid;dingloid;refrigerator;stove;daffodil chair;iris table;daffodil chair;alarm clock;red boom box;elephant slide;kitschy clock;glow clock;red clock; /,lunar horizon,kitchen tile,K.K. Gumbo,,Brick,0,-,TRUE,Normal (10),Aquarius (10),83,84,202,255,90,Ōrora,Aurora,,Aurora,Normal,PGN1,145
E092,ダルマン,,,Penguin,Scary,Male,ちぅねん,dragon suit,flame umbrella,cabin chair;cabin chair;bear pole;eagle pole;cabin low table;mega timpanoid;gongoid;mini rustoid;raven pole;frog woman pole;barrel;round cactus;barrel; /,cabin wall,cowhide rug,-,,Cabin,0,-,TRUE,Scary (2),Aries (0),75,110,98,224,103,Daruman,,,Hopper,Cranky,PGN2,146
E093,ビス,,,Penguin,Absent-minded,Male,ペンペン,G logo shirt,petal parasol,robo-clock;tulip chair;apple TV;iris chair;daffodil chair;robo-stereo;squat nebuloid;plinkoid;tall quazoid;round cactus;mini dinkoid;round cactus;round cactus; /,mod wall,diner tile,K.K. Technopop,,Cabana,4,-,TRUE,Absent-minded (0),Aquarius (10),80,121,81,193,118,Bisu,Vis,,Cube,Lazy,PGN3,147
E094,ホッケー,,,Penguin,Absent-minded,Male,さぶー,BB shirt,blue umbrella,blue wardrobe;blue bureau;blue clock;blue bookcase;blue cabinet;water bird;blue dresser;blue bed;blue bench;blue chair;mega plinkoid;blue table;plinkoid;mini plinkoid; /,blue wall,blue flooring,-,,Cottage,3,-,TRUE,Absent-minded (0),Pisces (11),79,149,42,117,167,Hokkē,Hockey,,Puck,Lazy,PGN4,148
E095,ポーラ,,,Penguin,Domineering,Female,ウフフ,yellow bolero,lacy parasol,antique clock;fan palm;phonograph;classic chair;classic cabinet;classic sofa;classic table;ebony piano;lacy parasol;checked umbrella; /,plaza wall,plaza tile,Café K.K.,,Cottage,4,-,TRUE,Domineering (12),Aquarius (10),103,86,9,204,119,Pōra,Paula,,Gwen,Snooty,PGN5,149
E096,サブリナ,,,Penguin,Domineering,Female,ツルルン,cozy sweater,lacy parasol,regal bookcase;regal armoire;turntable;cabana lamp;wavy pink shirt;regal chair;regal chair;bubble shirt;regal table;cabana screen;lacy parasol;pastel parasol; / daffodil;,arched window,classic carpet,K.K. Tango,,Cabin,3,-,TRUE,Domineering (12),Libra (6),88,88,27,212,124,Saburina,Sabrina,,Friga,Snooty,PGN6,150
E097,ハムカツ,,,Pig,Briskly,Male,どもども,green bar shirt,gelato umbrella,country guitar;coconut palm;cabin bookcase;tape deck;ranch bed;pachira;mini croakoid;tall cactus; /,wood paneling,music room floor,K.K. Reggae,,Cabin,2,-,TRUE,Briskly (1),Leo (4),91,132,36,85,204,Hamukatsu,Ham Katsu,,Curly,Jock,PIG0,151
E098,トンコ,,,Pig,Peppy,Female,だわさ,turnip top,polka parasol,lovely kitchen;mega tootoid;mini tootoid;timpano drum;timpano drum;mini tootoid;gold econo-chair;blue table;gold econo-chair;sunset top;gingham parasol;melon shirt; / tea set;,citrus wall,lovely carpet,-,,Barnhouse,3,-,TRUE,Peppy (11),Leo (4),90,138,32,83,201,Tonko,,,Truffles,Peppy,PIG1,152
E099,ポーク,,,Pig,Absent-minded,Male,だブー,jade check print,yellow umbrella,globe;antique clock;chalk board;giant catfish;righty desk;righty desk;lefty desk;righty desk;righty desk;righty desk;bus stop;tape deck; /,classroom wall,backyard lawn,Soulful K.K.,,Cabin,0,-,TRUE,Absent-minded (0),Virgo (5),83,135,10,91,203,Hōku,,,Spork,Lazy,PIG2,153
E09A,クッチャネ,,,Pig,Absent-minded,Male,とかね,trendy top,orange umbrella,refrigerator;stove;kiddie stereo;alarm clock;kiddie bed;goldfish;kiddie couch;mini sproid;sproid;super toilet; /,plaster wall,diner tile,K.K. Mambo,,Cabin,1,-,TRUE,Absent-minded (0),Capricorn (9),80,141,25,78,213,Kutchune,,,Hugh,Lazy,PIG3,154
E09B,グレオ,,,Pig,Scary,Male,まんねん,fortune shirt,Nintendo parasol,storefront;storefront;storefront;pine cricket;bell cricket;tape deck;glass-top table;well;Chinese lioness;Chinese lion; / quince bonsai;maple bonsai;,shanty wall,charcoal tile,K.K. Faire,,Cabin,2,-,TRUE,Scary (2),Aries (0),89,173,36,104,146,Gureo,,,Rasher,Cranky,PIG4,155
E09C,ブルジョア,,,Pig,Domineering,Female,ざんす,snappy print,elegant umbrella,regal armoire;antique clock;rose shirt;high-end stereo;regal vanity;regal sofa;regal lamp;harp;regal chair;famous painting; /,rose wall,fancy carpet,K.K. Waltz,,Brick,3,-,TRUE,Domineering (12),Libra (6),71,121,10,82,238,Burujoa,Bourgeois ,,Sue E,Snooty,PIG5,156
E09D,はちまき,,,Pig,Briskly,Male,だス,concierge shirt,bumbershoot,writing desk;globe;owl clock;ranch bookcase;writing chair;ponderosa bonsai;space heater;tape deck;vaulting horse; /,modern screen,8 mat tatami,Mr. K.K.,,Cabana,3,-,TRUE,Briskly (1),Virgo (5),109,116,17,63,224,Hachimaki,Hachimaki,,Hambo,Jock,PIG6,157
E09E,ルーシー,,,Pig,Normal,Female,よぅ,natty shirt,gingham parasol,Mr. Flamingo;Mrs. Flamingo;backyard pool;birdhouse;red boom box;bug zapper;picnic table;hammock; /,backyard fence,backyard lawn,Comrade K.K.,,Barnhouse,0,-,TRUE,Normal (10),Gemini (2),102,124,29,116,170,Rūshī,Lucy,,Lucy,Normal,PIG7,158
E09F,ハカセ,,,Pig,Briskly,Male,でアール,racer shirt,bumbershoot,apato skull;apato torso;apato tail;amber;trilobite;dinosaur track;ammonite;slim quazoid;giant snakehead;tall nebuloid; /,library wall,checkered tile,-,,Cottage,4,-,TRUE,Briskly (1),Libra (6),76,141,29,87,208,Hakase,,,Cobb,Jock,PIG8,159
E0A0,ダリー,,,Pig,Scary,Male,ブヒッ,Kaffe's shirt,noodle parasol,pothos;croakoid;writing chair;writing desk;computer;mini echoid;brook trout;wide-screen TV;globe;red check shirt;train set;flat stag beetle; /,green wall,ceramic tile,-,,Barnhouse,1,-,TRUE,Scary (2),Scorpio (7),69,163,17,81,199,Darī,,,Boris,Cranky,PIG9,160
E0A1,リリアン,,,Rabbit,Peppy,Female,みたいな,flicker shirt,daffodil parasol,lovely stereo;lovely lamp;regal vanity;regal bed;red check shirt;berry gingham;lovely chair;lovely end table;Papa bear;ebony piano; /,wood paneling,parquet floor,K.K. Aria,,Cabin,2,-,TRUE,Peppy (11),Taurus (1),212,106,231,103,91,Ririan,Lilian,,Bunnie,Peppy,RBT0,161
E0A2,トビオ,,,Rabbit,Absent-minded,Male,ですね,vertigo shirt,bumbershoot,globe;chalk board;bass (fish);small bass;school desk;school desk;school desk;flip-top desk;cubby hole;tape deck; /,classroom wall,classroom floor,K.K. March,,Cottage,2,-,TRUE,Absent-minded (0),Pisces (11),186,98,12,123,105,Tobio,Tobio,,Doc,Lazy,RBT1,162
E0A3,モサキチ,,,Rabbit,Scary,Male,ムホッ,swell shirt,Nintendo parasol,science table;speed bag;sandbag;classic clock;piranha;weight bench;hamster cage;weight bench;tiki torch;haz-mat barrel;reel-to-reel;giant catfish; /,basement wall,basement floor,K.K. Dirge,,Cabana,4,-,TRUE,Scary (2),Scorpio (7),171,102,51,160,79,Mosakichi,Mosakichi,,Gaston,Cranky,RBT2,163
E0A4,やよい,,,Rabbit,Normal,Female,はにょ,blossoming shirt,leaf umbrella,well;exotic bench;mega lamentoid;lamentoid;mega gongoid;western fence;saddle fence;western fence;mini lamentoid;garden pond;mossy stone;garden stone;paper parasol;dark stone; /,garden wall,sandlot,-,,Cabana,2,-,FALSE,Normal (10),Pisces (11),205,101,92,107,99,Yayoi,Yayoi,,Coco,Normal,RBT3,164
E0A5,ペチカ,,,Rabbit,Peppy,Female,だっち,waffle shirt,berry umbrella,fan palm;rubber tree;cabana screen;turntable;lady palm;ebony piano;cabana chair;vibraphone;cabana chair;caladium;metronome;bromeliaceae;pachira; /,green wall,birch flooring,K.K. Love Song,,Barnhouse,2,-,TRUE,Peppy (11),Sagittarius (8),210,105,41,110,87,Pechika,,,Gabi,Peppy,RBT4,165
E0A6,マーサ,,,Rabbit,Peppy,Female,ラン,blue check shirt,yellow umbrella,toilet;tape deck;garden stone;Moai statue;Moai statue;Moai statue;Moai statue;Moai statue;alarm clock;garden stone; /,tropical vista,tropical floor,Aloha K.K.,,Cottage,0,-,TRUE,Peppy (11),Pisces (11),212,96,130,121,83,Māsa,Martha,,Dotty,Peppy,RBT5,166
E0A7,ゲンジ,,,Rabbit,Briskly,Male,まろ,misty shirt,paper parasol,standing stone;tall lantern;stone couple;standing stone;leaning stone;pond lantern;mini gongoid;maple bonsai;mini poltergoid; /,garden wall,sand garden,-,,Cabana,1,-,FALSE,Briskly (1),Aquarius (10),192,110,42,141,69,Genji,Genji,,Genji,Jock,RBT6,167
E0A8,モモチ,,,Rabbit,Briskly,Male,ニンニン,zipper shirt,twig parasol,deer scare;oombloid;dark stone;garden pond;low lantern;garden stone;mossy stone;dark stone;quince bonsai;mini strumboid; /,mortar wall,mossy carpet,-,,Cabana,3,-,FALSE,Briskly (1),Scorpio (7),249,97,33,71,95,Momochi,Momochi,,Snake,Jock,RBT7,168
E0A9,ビネガー,,,Rabbit,Absent-minded,Male,ぶいぶい,dark polka shirt,blue umbrella,tumbleweed;cow skull;cooler;desert cactus;red boom box;rustoid;campfire;poltergoid;backpack;sleeping bag;desert cactus;cow skull; /,lunar horizon,Saharah's desert,K.K. Folk,,Cabana,0,-,TRUE,Absent-minded (0),Sagittarius (8),204,113,36,87,108,Binegā,Vinegar,,Claude,Lazy,RBT8,169
E0AA,くるぶし,,,Rhino,Briskly,Male,ですサイ,No.1 shirt,gelato umbrella,tall lantern;garden stone;exotic table;red vase;blue vase;tall gongoid;exotic bench;garden pond;deer scare;dark stone;mossy stone;taiko drum; / hawthorn bonsai;ponderosa bonsai;,bamboo wall,sandlot,-,,Cabana,3,-,TRUE,Briskly (1),Taurus (1),56,205,29,31,220,Kurubushi,,,Tank,Jock,RHN0,170
E0AB,スクワット,,,Rhino,Scary,Male,でヤンキ,skull shirt,paper parasol,haz-mat barrel;green drum;jersey barrier;jersey barrier;merge sign;iron frame;tape deck;manhole cover;mega buzzoid;traffic cone;detour arrow;steam roller;men at work sign;saw horse; /,blue tarp,closed road,Surfin' K.K.,,Cabana,4,-,TRUE,Scary (2),Cancer (3),49,171,15,43,249,Sukuwatto,Squat,,Spike,Cranky,RHN1,171
E0AC,ワイハ,,,Rhino,Domineering,Female,てゆーか,yodel shirt,sunny parasol,regal chair;regal chair;violin;regal lamp;weeping fig;ebony piano;bass;squat nebuloid;nebuloid;tall croakoid;mega croakoid; /,classic wall,checkered tile,-,,Cottage,3,-,FALSE,Domineering (12),Scorpio (7),85,176,4,17,234,Waiha,Waiha,,Tiara,Snooty,RHN2,172
E0AD,メリヤス,,,Sheep,Normal,Female,なのね,fall plaid shirt,elegant umbrella,aloe;classic clock;turntable;rocking chair;space heater;sewing machine;fetching outfit;spring shirt;gumdrop shirt;botanical shirt;natty shirt;citrus gingham;monkey shirt;folk shirt;deer shirt;comfy sweater;spunky knit; /,ranch wall,backyard lawn,K.K. Steppe,,Cottage,4,-,TRUE,Normal (10),Aries (0),161,125,144,80,146,Meriyasu,Knitting,,Vesta,Normal,SHP0,173
E0AE,リッキー,,,Squirrel,Absent-minded,Male,でしゅ,vogue top,mod umbrella,corn plant;apple TV;pachira;round cactus;froggy chair;lily-pad table;froggy chair;froggy chair;train set;mini croakoid;mega croakoid; /,lunar horizon,citrus carpet,-,,Barnhouse,1,-,TRUE,Absent-minded (0),Gemini (2),238,88,119,84,102,Rikkī,Ricky,,Filbert,Lazy,SQU0,174
E0AF,ララミー,,,Squirrel,Normal,Female,ったら,neo-classic knit,petal parasol,green wardrobe;green dresser;dracaena;ruby econo-chair;jade econo-chair;cabana table;gold econo-chair;cabana screen;red boom box;classic umbrella; / tea set;,blue-trim wall,kitchen tile,K.K. Fusion,,Cottage,2,-,TRUE,Normal (10),Gemini (2),228,75,86,94,115,Raramī,Laramie,,Sally,Normal,SQU1,175
E0B0,ももこ,,,Squirrel,Peppy,Female,なのよ,beatnik shirt,ribbon parasol,refrigerator;stove;tall droploid;tall droploid;green counter;red armchair;dice stereo;cream sofa;barber's pole;oft-seen print; /,citrus wall,kitchen flooring,K.K. Salsa,,Cottage,1,-,TRUE,Peppy (11),Gemini (2),229,62,242,136,85,Momoko,Momoko,,Peanut,Peppy,SQU2,176
E0B1,レベッカ,,,Squirrel,Domineering,Female,つんっ,red check shirt,checked umbrella,regal bookcase;regal vanity;regal lamp;regal bed;classic painting;hi-fi stereo;silk bloom shirt;dainty painting;common painting;common painting; /,stately wall,stone tile,Café K.K.,,Barnhouse,2,-,TRUE,Domineering (12),Virgo (5),240,45,93,132,95,Rebekka,Rebecca,,Pecan,Snooty,SQU3,177
E0B2,カジロウ,,,Squirrel,Scary,Male,キッ,three-ball shirt,batbrella,cabin clock;jukebox;green wardrobe;green counter;cactus;ranch couch;round cactus;classic table;billiard table;ranch armchair; /,manor wall,old flooring,K.K. Western,,Cabin,2,-,TRUE,Scary (2),Virgo (5),213,103,26,86,110,Kajirou,Kajirou,,Ricky,Cranky,SQU4,178
E0B3,スパーク,,,Squirrel,Scary,Male,ピカッ,melon shirt,yellow umbrella,pothos;mini gargloid;mini bowtoid;gold stereo;bromeliaceae;retro stereo;rock guitar;modern end table;high-end stereo;caladium;white boom box;folk guitar;country guitar; / Nook's portrait;,plaza wall,steel flooring,Surfin' K.K.,,Cottage,3,-,TRUE,Scary (2),Cancer (3),253,91,52,90,78,Supāku,Spark,,Static,Cranky,SQU5,179
E0B4,ミント,,,Squirrel,Domineering,Female,うっふん,gumdrop shirt,lacy parasol,blue cabinet;blue clock;weeping fig;Papa bear;pine table;pine chair;Mama bear;turntable;blue dresser;weeping fig;swell shirt;blue table; / Mama bear;Baby bear;Baby bear;,blue-trim wall,birch flooring,K.K. Soul,,Cabin,3,-,TRUE,Domineering (12),Taurus (1),233,64,50,112,103,Minto,Mint,,Mint,Snooty,SQU6,180
E0B5,ガリガリ,,,Squirrel,Peppy,Female,ガジガジ,watermelon shirt,dainty parasol,water bird;lovely armchair;lovely armchair;lovely lamp;lovely armchair;tall sproid;mini sproid;mega sproid;elephant slide;rock guitar; /,kitchen wall,citrus carpet,-,,Barnhouse,3,-,TRUE,Peppy (11),Cancer (3),222,62,19,106,122,Garigari,,,Nibbles,Peppy,SQU7,181
E0B6,ハリマオ,,,Tiger,Briskly,Male,だトラ,two-ball shirt,blue umbrella,coffee machine;soda machine;detour arrow;jackhammer;oil drum;detour arrow;detour arrow;folding chair;mega drilloid;steam roller;barber's pole;manhole cover;drilloid;detour signboard;mini drilloid; /,tree-lined wall,sidewalk,-,,Cabana,3,-,TRUE,Briskly (1),Leo (4),144,180,56,67,121,Harimao,Harimau,,Tybalt,Jock,TIG0,182
E0B7,チョモラン,,,Tiger,Scary,Male,だガー,bubble shirt,dainty parasol,modern wardrobe;gold stereo;black knight;modern bed;modern end table;modern sofa;mini bowtoid;modern cabinet;white knight;bowtoid; / arowana;,industrial wall,steel flooring,Rockin' K.K.,,Brick,3,-,TRUE,Scary (2),Leo (4),120,181,31,69,142,Chomoran,Qomolang,,Rolf,Cranky,TIG1,183
E0B8,ルーズ,,,Tiger,Peppy,Female,なのぉー,pop bloom shirt,daffodil parasol,reel-to-reel;apple clock;retro TV;kitschy clock;nebuloid;mini dinkoid;N logo;modern sofa;mini sputnoid;country guitar;rock guitar;round cactus;tall cactus; /,kitschy wall,citrus carpet,K.K. Cruisin',,Cottage,1,-,TRUE,Peppy (11),Virgo (5),162,138,29,93,119,Rūzu,Rouge,,Bangle,Peppy,TIG2,184
E0B9,ブンジロウ,,,Wolf,Scary,Male,だぜよ,checkered shirt,paper parasol,rubber tree;retro stereo;mega bowtoid;mega poltergoid;space heater;timpano drum;conga drum;conga drum;cabin chair;country guitar;corn plant;globe;corn plant; /,stone wall,cowhide rug,K.K. Safari,,Cabin,4,-,TRUE,Scary (2),Scorpio (7),166,140,90,85,121,Bunjirou,Bunjirou,,Lobo,Cranky,WOL0,185
E0BA,ツンドラ,,,Wolf,Domineering,Female,なのだわ,deer shirt,elegant umbrella,strange painting;perfect painting;common painting;modern chair;hi-fi stereo;blue chair;fine painting;flowery painting;regal chair;classic chair;amazing painting;dainty painting; /,stately wall,palace tile,K.K. Tango,,Brick,4,-,TRUE,Domineering (12),Sagittarius (8),179,130,38,70,133,Tsundora,Tundra,,Freya,Snooty,WOL1,186
E0BB,チーフ,,,Wolf,Scary,Male,やんか,red bar shirt,checked umbrella,alarm clock;odd clock;owl clock;glow clock;red clock;cube clock;robo-clock;modern bed;tape deck;office locker;office locker;coffee machine;toilet; /,industrial wall,steel flooring,DJ K.K.,,Barnhouse,4,-,TRUE,Scary (2),Sagittarius (8),181,146,128,68,117,Chīfu,Chief,,Chief,Cranky,WOL2,187
E0BC,アチョット,,,Duck,Absent-minded,Male,ピヨ,fish knit,dainty parasol,table tennis;robo-clock;robo-stereo;kitschy clock;timpanoid;mini timpanoid;train set;lunar rover;water bird;rocket; /,blue wall,playroom rug,K.K. March,,Cottage,4,-,TRUE,Absent-minded (0),Cancer (3),112,137,37,114,149,Achotto,,,Weber,Lazy,DUK6,188
E0BD,スミモモ,,,Duck,Domineering,Female,ヨネ,blue stripe knit,sunny parasol,weeping fig;cabana bookcase;jukebox;caladium;cactus;flowery painting;cabana lamp;cabana bed;sunflower; /,blue-trim wall,mosaic tile,K.K. Bossa,,Cottage,1,-,TRUE,Domineering (12),Scorpio (7),183,111,43,110,108,Sumimomo,,,Mallary,Snooty,DUK7,189
E0BE,ロボ,,,Wolf,Scary,Male,のな,Gracie's top,batbrella,tricera tail;high-end stereo;rock guitar;modern bed;tricera torso;tricera skull;modern end table;mega howloid; / piranha;,concrete wall,modern tile,K.K. Song,,Barnhouse,1,-,TRUE,Scary (2),Sagittarius (8),176,141,62,83,112,Robo,Lobo,,Wolfgang,Cranky,WOL3,190
E0BF,みつお,,,Rhino,Absent-minded,Male,のネン,chevron shirt,polka parasol,exotic wardrobe;bromeliaceae;reel-to-reel;exotic chest;cactus;cabin couch;cabin bed;coconut palm;gaudy sweater;big star shirt; /,cabana wall,bamboo flooring,Aloha K.K.,,Barnhouse,2,-,TRUE,Absent-minded (0),Pisces (11),60,209,31,38,205,Mitsuo,Mitsuo,,Hornsby,Lazy,RHN3,191
E0C0,イワオ,,,Bull,Scary,Male,でんがな,leather jerkin,twig parasol,covered wagon;cow skull;desert cactus;tumbleweed;western fence;saddle fence;western fence;western fence;wagon wheel;storefront;storefront;watering trough;phonograph;storefront;storefront;tumbleweed; /,western vista,western desert,K.K. Western,,Cabana,2,-,TRUE,Scary (2),Taurus (1),57,211,31,52,192,Iwao,Iwao,,Oxford,Cranky,BUL2,192
E0C1,ボルシチ,,,Bull,Absent-minded,Male,だっぺ,yellow pinstripe,sharp umbrella,fan palm;lady palm;snake plant;phonograph;globe;exotic bench;pachira;pothos;caladium;bromeliaceae;giant catfish;weeping fig;cow skull;bass; /,bamboo wall,bamboo flooring,K.K. Reggae,,Cottage,1,-,TRUE,Absent-minded (0),Taurus (1),70,214,11,42,186,Borushichi,Borscht,,T-Bone,Lazy,BUL3,193
E0C2,ガブリエル,,,Hippo,Briskly,Male,じゃけん,jagged shirt,mod umbrella,country guitar;folk guitar;reel-to-reel;ranch couch;ranch tea table;ranch armchair;green dresser;red grid shirt;melon gingham;pothos; /,plaster wall,green rug,K.K. Blues,,Cabin,3,-,TRUE,Briskly (1),Aries (0),48,153,41,79,232,Gaburieru,Gabriel,,Biff,Jock,HIP3,194
E0C3,オパール,,,Elephant,Domineering,Female,ヨン,gray tartan,checked umbrella,phonograph;exotic bed;exotic wardrobe;odd clock;exotic chair;exotic chair;red vase;red vase; /,mosaic wall,plaza tile,Forest Life,,Brick,4,-,TRUE,Domineering (12),Aquarius (10),61,212,24,101,138,Opāru,Opal,,Opal,Snooty,ELP3,195
E0C4,トミ,,,Dog,Absent-minded,Male,ネッ,caveman tunic,leaf umbrella,tall harmonoid;mini harmonoid;globe;writing desk;writing chair;alarm clock;computer;office chair;executive toy;office locker; /,playroom wall,green rug,-,,Cabana,1,-,TRUE,Absent-minded (0),Leo (4),133,119,61,136,124,Tomi,,,Bones,Lazy,DOG8,196
E0C5,ベーグル,,,Dog,Normal,Female,グー,go-go shirt,orange umbrella,green lamp;green bed;CD player;ranch bookcase;ranch wardrobe;gelato shirt;blossom shirt;rally shirt;Mama bear;Baby bear; /,rose wall,ceramic tile,K.K. Parade,,Barnhouse,3,-,TRUE,Normal (10),Libra (6),149,100,43,156,107,Bēguru,Bagel,,Bea,Normal,DOG9,197
E0C6,エーミー,,,Hippo,Domineering,Female,だピー,funky dot shirt,ribbon parasol,high-end stereo;mega quazoid;croton;zebra print;modern table;red sofa;tiger print;jade econo-chair;cabana vanity; /,office wall,steel flooring,DJ K.K.,,Brick,4,-,TRUE,Domineering (12),Libra (6),64,134,10,65,249,Ēmī,Amy,,Bitty,Snooty,HIP4,198
E0C7,ゴンザレス,,,Hippo,Scary,Male,だぎゃー,danger shirt,paper parasol,birdcage;owl clock;keg;barrel;exotic chest;billiard table;ranch armchair;ranch couch;globe;turntable; /,stone wall,old flooring,Lucky K.K.,,Cabin,3,-,TRUE,Scary (2),Leo (4),40,174,16,61,237,Gonzaresu,Gonzales,,Rocco,Cranky,HIP5,199
E0C8,エルニーニョ,,,Hippo,Peppy,Female,ニョニョ,flowery shirt,orange umbrella,kiddie bed;kiddie clock;elephant slide;kiddie bed;wobbelina;kiddie bed;wobbelina;kiddie bed;wobbelina;kiddie bed;wobbelina; /,playroom wall,playroom rug,-,,Barnhouse,2,-,TRUE,Peppy (11),Sagittarius (8),62,142,8,73,235,Eru Ninyo,El Niño,,Lulu,Peppy,HIP6,200
E0C9,シルエット,,,Squirrel,Domineering,Female,ふふん,peachy shirt,gingham parasol,retro stereo;metronome;slot machine;strange painting;lime chair;cream sofa;red sofa;orange chair;grapefruit table;lime chair;lemon table;red armchair;orange chair; /,citrus wall,kitschy tile,K.K. Jazz,,Barnhouse,0,-,TRUE,Domineering (12),Cancer (3),236,63,121,114,99,Shiruetto,Silhouette,,Blaire,Snooty,SQU8,201
E0CA,パセリ,,,Squirrel,Normal,Female,ララー,ladybug shirt,berry umbrella,pear dresser;pear wardrobe;apple TV;tall lullaboid;mega lullaboid;mini lullaboid;fan palm;pine table;pineapple bed;pine chair;pink tartan;blue tartan;lemon gingham; /,wood paneling,lovely carpet,-,,Cabin,0,-,TRUE,Normal (10),Virgo (5),224,60,71,108,120,Paseri,Parsley,,Cally,Normal,SQU9,202
E0CB,エクレア,,,Elephant,Normal,Female,ラン,red grid shirt,polka parasol,blue wardrobe;blue bureau;green bed;green lamp;green chair;blue table;green chair;white boom box;blue umbrella;No.3 shirt; /,plaster wall,ceramic tile,K.K. Ballad,,Barnhouse,0,-,TRUE,Normal (10),Taurus (1),73,202,37,88,149,Ekurea,Éclair,,Ellie,Normal,ELP4,203
E0CC,エレフィン,,,Elephant,Domineering,Female,ルン,loud line shirt,dainty parasol,green lamp;howloid;blue clock;green pantry;blue bed;high-end stereo;green desk;blue bench;pachira;country guitar;quazoid;harmonoid; /,citrus wall,ceramic tile,K.K. Jazz,,Brick,2,-,TRUE,Domineering (12),Sagittarius (8),77,201,34,99,135,Erefin,Elefin,,Eloise,Snooty,ELP5,204
E0CD,クロコ,,,Alligator,Domineering,Female,どすえ,leopard print,sunny parasol,sewing machine;li'l bro's shirt;funky dot shirt;twinkle shirt;cherry shirt;blossom shirt;racer 6 shirt;dark polka shirt;hi-fi stereo;dawn shirt;striking outfit;strawberry shirt;ranch couch;ranch armchair; /,cabana wall,cabana flooring,K.K. Chorale,,Brick,4,-,TRUE,Domineering (12),Scorpio (7),52,185,7,55,220,Kuroko,Croco,,Alli,Snooty,CRD3,205
E0CE,ロッタ,,,Rabbit,Peppy,Female,なのサ,ugly shirt,classic umbrella,picnic table;white boom box;birdhouse;bird bath;backyard pool;bug zapper;barbecue;sprinkler;lawn mower;sprinkler;Mr. Flamingo;Mrs. Flamingo;Mr. Flamingo;Mrs. Flamingo; /,backyard fence,backyard lawn,K.K. Mambo,,Barnhouse,1,-,TRUE,Peppy (11),Gemini (2),193,99,39,134,86,Rotta,Lotta,,Pippy,Peppy,RBT9,206
E0CF,モヘア,,,Sheep,Normal,Female,メェー,red grid shirt,plaid parasol,classic cabinet;retro TV;plinkoid;mega dekkoid;mini dekkoid;classic sofa;weeping fig;ebony piano;lacy parasol; /,kitchen wall,kitchen flooring,-,,Barnhouse,3,-,TRUE,Normal (10),Aries (0),157,135,77,88,132,Mohea,Mohair,,Eunice,Normal,SHP1,207
E0D0,トロワ,,,Sheep,Domineering,Female,アンドゥ,purple tie-dye,ribbon parasol,weeping fig;classic sofa;classic clock;weeping fig;classic sofa;classic table;cello;turntable;ivory piano; / tea set;,arched window,parquet floor,K.K. Swing,,Brick,0,-,TRUE,Domineering (12),Aries (0),156,128,26,92,136,Torowa,Trois,,Baabara,Snooty,SHP2,208
E0D1,シベリア,,,Wolf,Scary,Male,ですダス,icy shirt,icy umbrella,red vase;snappy print;hi-fi stereo;bromeliaceae;glass-top table;taiko drum;exotic chest;mega poltergoid;dracaena; /,modern screen,red tile,K.K. Faire,,Brick,0,-,TRUE,Scary (2),Sagittarius (8),188,127,118,94,103,Shiberia,Siberia,,Fang,Cranky,WOL4,209
E0D2,まりも,,,Duck,Normal,Female,マル,mosaic shirt,gingham parasol,letter cubby;folding chair;mega harmonoid;vaulting horse;vaulting horse;vaulting horse;vaulting horse;boxing mat;boxing mat;table tennis;office locker;office locker;weight bench; /,concrete wall,concrete floor,-,,Cabin,4,-,TRUE,Normal (10),Cancer (3),129,107,41,130,146,Marimo,Marimo,,Deena,Normal,DUK8,210
E0D3,ナッキー,,,Duck,Peppy,Female,メソメソ,winter sweater,plaid parasol,classic wardrobe;classic clock;ranch chair;classic table;regal lamp;classic bed;mini howloid;turntable;mini freakoid;mega freakoid;regal sofa; /,stone wall,opulent rug,K.K. Dirge,,Barnhouse,3,-,TRUE,Peppy (11),Pisces (11),100,152,41,128,132,Nakkī,Nakkī,,Pate,Peppy,DUK9,211
E0D4,アクリル,,,Sheep,Normal,Female,ウール,aurora knit,gingham parasol,regal chair;regal chair;violin;harp;regal lamp;ivory piano;rare painting;moving painting;metronome;mini dinkoid;mega sputnoid; /,meadow vista,daisy meadow,-,,Cabin,1,-,TRUE,Normal (10),Aries (0),149,121,95,79,163,Akuriru,Acryl,,Stella,Normal,SHP3,212
E0D5,ラムール,,,Sheep,Domineering,Female,ありんす,nebula shirt,checked umbrella,classic bed;cabana chair;biwa lute;exotic lamp;exotic screen;biwa lute;exotic end table;lady palm;bromeliaceae;snake plant;mini buzzoid;mini buzzoid;green wardrobe; / bell cricket;,exotic wall,exquisite rug,-,,Brick,3,-,TRUE,Domineering (12),Aries (0),136,134,6,65,177,Ramūru,L'Amour,,Cashmere,Snooty,SHP4,213
E0D6,ホシオ,,,Sheep,Briskly,Male,ヨロシク,dark polka shirt,polka parasol,robo-stereo;robo-clock;two-ball shirt;three-ball shirt;four-ball shirt;billiard table;cactus;mega freakoid;mini drilloid; /,playroom wall,steel flooring,K.K. Ska,,Barnhouse,4,-,FALSE,Briskly (1),Aries (0),141,145,27,74,152,Hoshio,Hoshio,,Woolio,Jock,SHP5,214
E0D7,ペリーヌ,,,Dog,Peppy,Female,プリリン,blue tartan,lotus parasol,ranch hutch;hi-fi stereo;ranch dresser;ranch wardrobe;ranch chair;ranch table;ranch armchair;ranch couch;folk guitar;ranch bed;mega tootoid;mini tootoid; / sunflower;,ranch wall,ranch flooring,K.K. Country,,Cabin,4,-,TRUE,Peppy (11),Gemini (2),135,109,114,135,133,Perīnu,Perrine,,Cookie,Peppy,DOG6,215
E0E8,アセロラ,,,Cub,Peppy,Female,なんてね,yellow bar shirt,orange umbrella,retro stereo;oil drum;haz-mat barrel;red sofa;bear pole;eagle pole;timpano drum;eagle pole;djimbe drum;djimbe drum; /,groovy wall,kitchen flooring,K.K. Samba,,Barnhouse,0,-,TRUE,Peppy (11),Pisces (11),109,137,86,117,149,Aserora,Acerola,,Cheri,Peppy,CBRA,232
E0EB,ビンタ,,,Cat,Absent-minded,Male,だのら,cherry shirt,Nintendo parasol,blue bed;Mama bear;gold econo-chair;gold econo-chair;blue table;blue table;gold stereo;cactus;bromeliaceae;speed bag; /,mod wall,blue flooring,K.K. Love Song,,Cabana,1,-,TRUE,Absent-minded (0),Aries (0),187,113,78,84,128,Binta,,,Punchy,Lazy,CATE,235
C001,ベン,,,Dog,Absent-minded,Male,バウ,No.67 shirt,classic umbrella,high-end stereo;cabin clock;ranch armchair;cabin low table;ranch armchair;fan palm;ranch bed;mega bovoid;mini tootoid; /,stone wall,old flooring,Two Days Ago,,Cottage,2,Biskit,FALSE,Absent-minded (0),Gemini (2),102,145,103,131,134,Ben,Ben,,Walker,Lazy,-,-
C002,マーガレット,,,Pig,Normal,Female,うん,yodel shirt,pastel parasol,cabin dresser;kitschy clock;rickrack shirt;red grid shirt;red boom box;cabin couch;Mama bear;cabin table;aloe;cabin armchair;cabin armchair;rubber tree; /,green wall,ranch flooring,K.K. Ballad,,Cabin,1,Sydney,FALSE,Normal (10),Virgo (5),85,139,81,86,199,Māgaretto,Margaret,,Maggie,Normal,-,-
C003,ジャン,,,Mouse,Briskly,Male,すっげぇ,zipper shirt,gelato umbrella,cabin clock;jukebox;green wardrobe;green counter;cactus;ranch couch;round cactus;classic table;billiard table;ranch armchair; /,wood paneling,palace tile,K.K. March,,Barnhouse,4,Ricky,FALSE,Briskly (1),Leo (4),250,75,95,83,104,Jan,Jean,,Rod,Jock,-,-
C004,さっち,,,Cat,Peppy,Female,にゃん,daisy shirt,yellow umbrella,executive toy;glow clock;stove;refrigerator;rubber tree;green table;jade econo-chair;gold econo-chair;ruby econo-chair;tall harmonoid;mini gargloid;water bird; / tea set;,mod wall,birch flooring,-,,Brick,2,Carrie,FALSE,Peppy (11),Cancer (3),180,105,199,125,102,Satchi,Satchi,,Merry,Peppy,-,-
C005,セルバンテス,,,Bull,Scary,Male,ふふ,flame shirt,sharp umbrella,weeping fig;classic sofa;classic clock;weeping fig;classic sofa;classic table;cello;turntable;ivory piano; / tea set;,old brick wall,cowhide rug,Señor K.K.,,Cabin,0,Baabara,FALSE,Scary (2),Taurus (1),76,203,78,41,192,Serubantesu,Cervantes,,Angus,Cranky,-,-
C006,マリー,,,Sheep,Domineering,Female,ですのよ,bad plaid shirt,lacy parasol,pothos;regal armoire;regal vanity;regal lamp;regal bed;ivory piano;mega lullaboid;retro stereo;lullaboid;regal dresser;pothos;mini lullaboid;bass; /,stately wall,palace tile,K.K. Etude,,Brick,4,Olivia,FALSE,Domineering (12),Sagittarius (8),153,127,170,98,134,Marī,Marie,,Willow,Snooty,-,-
C007,ジンペイ,,,Cat,Absent-minded,Male,な,fish bone shirt,plaid parasol,mega dekkoid;apple TV;apple clock;pear wardrobe;round cactus;dekkoid;mini dekkoid;watermelon table;melon chair;watermelon chair;pineapple bed;petal parasol;tall cactus;berry umbrella;orange umbrella; / Nook's portrait;,green wall,classroom floor,-,,Barnhouse,2,Bubbles,FALSE,Absent-minded (0),Capricorn (9),171,132,144,90,122,Jinpei,Jinpei,,Moe,Lazy,-,-
C008,キャロット,,,Cow,Normal,Female,きゃはっ,tropical shirt,berry umbrella,reel-to-reel;apple clock;retro TV;kitschy clock;nebuloid;mini dinkoid;N logo;modern sofa;mini sputnoid;country guitar;rock guitar;round cactus;tall cactus; /,mod wall,backyard lawn,Only Me,,Cabin,4,Bangle,FALSE,Normal (10),Gemini (2),117,167,67,65,163,Kyarotto,Carrot,,-,Normal,-,-
C009,ゲン,,,Sheep,Briskly,Male,っしゃあ,red check shirt,hypno parasol,refrigerator;stove;kiddie stereo;alarm clock;kiddie bed;goldfish;kiddie couch;mini sproid;sproid;super toilet; /,kiddie wall,modern tile,K.K. Fusion,,Cottage,3,Hugh,FALSE,Briskly (1),Aries (0),147,156,92,70,147,Gen,Gen,,-,Jock,-,-
C010,イザベラ,,,Mouse,Peppy,Female,ギャハッ,skull shirt,flame umbrella,reel-to-reel;round cactus;tall cactus;stove;refrigerator;nebuloid;iris chair;tulip table;iris chair;train set;kitschy clock;owl clock; /,concrete wall,steel flooring,K.K. Ballad,,Barnhouse,3,Pompom,FALSE,Peppy (11),Capricorn (9),243,38,69,168,63,Izabera,Isabella,,Bella,Peppy,-,-
C011,ガンテツ,,,Bear,Scary,Male,ウム,MVP shirt,bumbershoot,high-end stereo;mega quazoid;croton;zebra print;modern table;red sofa;tiger print;jade econo-chair;cabana vanity; /,manor wall,tartan rug,K.K. Jazz,,Cabana,2,Bitty,FALSE,Scary (2),Cancer (3),105,161,62,123,123,Gantetsu,Gantetsu,,Curt,Cranky,-,-
C012,ナターシャ,,,Squirrel,Domineering,Female,やるわね,leather jerkin,icy umbrella,phonograph;leather jerkin;antique clock;exotic chest;ranch couch;classic table;ranch armchair;exotic screen;space heater;tea vase; /,arched window,cowhide rug,K.K. Steppe,,Cottage,4,Buck,FALSE,Domineering (12),Sagittarius (8),254,44,76,138,76,Natāsha,Natasha,,Tasha,Snooty,-,-
C013,のぶお,,,Penguin,Absent-minded,Male,ブツブツ,paw shirt,retro umbrella,sandbag;trash bin;weight bench;soda machine;office chair;office desk;office locker;blue golf bag;office locker;white golf bag;extinguisher;tape deck; / cube clock;,concrete wall,concrete floor,K.K. D & B,,Cabana,3,Twirp,FALSE,Absent-minded (0),Pisces (11),72,177,66,105,158,Nobuo,Nobuo,,Chabwick,Lazy,-,-
C014,サリー,,,Elephant,Normal,Female,シャララ,hot spring shirt,lotus parasol,red vase;tea vase;timpanoid;pond lantern;exotic bureau;exotic chest;reel-to-reel;exotic bench;lady palm;djimbe drum;exotic end table; / ponderosa bonsai;,mosaic wall,exquisite rug,K.K. Bossa,,Brick,1,Chico,FALSE,Normal (10),Aquarius (10),38,206,139,143,125,Sarī,Sari,,Margie,Normal,-,-
C015,キット,,,Squirrel,Briskly,Male,だキョ,jagged shirt,orange umbrella,mega dekkoid;apple TV;apple clock;pear wardrobe;round cactus;dekkoid;mini dekkoid;watermelon table;melon chair;watermelon chair;pineapple bed;petal parasol;tall cactus;berry umbrella;orange umbrella; / Nook's portrait;,blue wall,kitchen tile,-,,Barnhouse,0,Bubbles,FALSE,Briskly (1),Libra (6),225,62,123,141,84,Kitto,Kit,,-,Jock,-,-
C016,ボイド,,,Gorilla,Scary,Male,おうおう,fortune shirt,paper parasol,strange painting;perfect painting;common painting;modern chair;hi-fi stereo;blue chair;fine painting;flowery painting;regal chair;classic chair;amazing painting;dainty painting; /,arched window,parquet floor,The K. Funk,,Cabin,3,Freya,FALSE,Scary (2),Libra (6),80,200,53,102,130,Boido,Boyd,,Boyd,Cranky,-,-
C017,フランソワ,,,Rabbit,Domineering,Female,ルララ,dark polka shirt,yellow umbrella,regal bed;lovely lamp;red tie-dye;lite polka shirt;daisy shirt;birdcage;lovely stereo;lovely end table;lovely chair;wee dingloid;lovely vanity;mini dingloid;polka parasol;sunny parasol;lotus parasol;petal parasol; /,parlor wall,ceramic tile,I Love You,,Brick,3,Midge,FALSE,Domineering (12),Aquarius (10),208,95,143,125,85,Furansowa,François,,Francine,Snooty,-,-
C018,クリスチーヌ,,,Rabbit,Peppy,Female,リララ,lite polka shirt,yellow umbrella,Mama bear;lovely stereo;plum kimono;groovy shirt;rainbow shirt;cream sofa;moving painting;iris table;lovely armchair;lovely bed;tulip table;lovely armchair;lovely lamp; /,lovely wall,diner tile,K.K. Waltz,,Brick,0,Monique,FALSE,Peppy (11),Virgo (5),204,94,141,105,109,Kurisuchīnu,Christine,,Chrissy,Peppy,-,-
C019,ぺしみち,,,Chicken,Absent-minded,Male,ウヒョー,two-ball shirt,polka parasol,tape deck;office desk;potbelly stove;office chair;folding chair;modern bed;manhole cover;garbage can;garbage can; /,backyard fence,sidewalk,I Love You,,Cabana,1,Penny,FALSE,Absent-minded (0),Libra (6),120,121,72,76,195,Peshimichi,Peshimichi,,Benedict,Lazy,-,-
C020,クララ,,,Hippo,Normal,Female,うふふ,yellow bolero,petal parasol,executive toy;glow clock;stove;refrigerator;rubber tree;green table;jade econo-chair;gold econo-chair;ruby econo-chair;tall harmonoid;mini gargloid;water bird; / tea set;,meadow vista,daisy meadow,-,,Cabin,2,Carrie,FALSE,Normal (10),Pisces (11),54,163,65,55,240,Kurara,Clara,,-,Normal,-,-
C021,タロウ,,,Wolf,Briskly,Male,ワオーン,houndstooth knit,Nintendo parasol,science table;speed bag;sandbag;classic clock;piranha;weight bench;hamster cage;weight bench;tiki torch;haz-mat barrel;reel-to-reel;giant catfish; /,office wall,music room floor,Go K.K. Rider!,,Cabana,4,Gaston,FALSE,Briskly (1),Gemini (2),155,145,88,65,147,Tarō,Tarou,,-,Jock,-,-
C022,レイチェル,,,Bear,Peppy,Female,ヤッホー,denim shirt,mod umbrella,reel-to-reel;apple clock;retro TV;kitschy clock;nebuloid;mini dinkoid;N logo;modern sofa;mini sputnoid;country guitar;rock guitar;round cactus;tall cactus; /,groovy wall,kitschy tile,K.K. Rock,,Cottage,4,Bangle,FALSE,Peppy (11),Aries (0),117,168,70,79,148,Reicheru,Rachael,,Paula,Peppy,-,-
C023,ヤマト,,,Alligator,Scary,Male,プシュー,wave print,batbrella,pagoda;samurai suit;taiko drum;red boom box;paper parasol;lavender robe;novel painting;deer scare;mugho bonsai;shrine lantern;shrine lantern;pine bonsai; /,shanty wall,shanty mat,K.K. March,,Cabana,0,Kabuki,FALSE,Scary (2),Gemini (2),76,214,64,22,200,Yamato,Yamato,,Del,Cranky,-,-
C024,ミランダ,,,Duck,Domineering,Female,なにさ,laced shirt,checked umbrella,cactus;round cactus;retro stereo;cabana lamp;pine chair;pine table;pine chair;polka parasol;mega bovoid; / daffodil;,plaza wall,checkered tile,K.K. Salsa,,Cottage,4,Kiki,FALSE,Domineering (12),Taurus (1),128,125,93,135,124,Miranda,Miranda,,Miranda,Snooty,-,-
C031,1ごう,,,Cat,Briskly,Male,とぉっ,No.1 shirt,flame umbrella,letter cubby;folding chair;mega harmonoid;vaulting horse;vaulting horse;vaulting horse;vaulting horse;boxing mat;boxing mat;table tennis;office locker;office locker;weight bench; /,sandlot wall,sandlot,-,,Barnhouse,0,Deena,FALSE,Briskly (1),Leo (4),192,144,201,48,128,1 Gou,No. 1,,Kid Cat,Jock,-,-
C032,2ごう,,,Squirrel,Peppy,Female,せいやっ,No.2 shirt,icy umbrella,holly bonsai;quince bonsai;jade econo-chair;gold econo-chair;jade econo-chair;cow print;dice stereo;daffodil table;daffodil table;leopard print;flame shirt;big star shirt;ruby econo-chair;regal vanity; /,tree-lined wall,charcoal tile,K.K. Western,,Barnhouse,2,Rhoda,FALSE,Peppy (11),Scorpio (7),255,112,179,72,73,2 Gou,No. 2,,Agent S,Peppy,-,-
C033,3ごう,,,Elephant,Absent-minded,Male,うりゃー,No.3 shirt,Nintendo parasol,birdcage;barrel;dice stereo;pine table;pine chair;cactus;lady palm;fan palm;rubber tree;pothos;goldfish; / sunflower;,meadow vista,backyard lawn,K.K. Gumbo,,Barnhouse,1,Bessie,FALSE,Absent-minded (0),Libra (6),55,255,161,64,138,3 Gou,No. 3,,Big Top,Lazy,-,-
C034,もんぺ,,,Squirrel,Normal,Female,ひゅん,blossom shirt,daffodil parasol,regal vanity;turntable;regal chair;regal chair;regal bookcase;regal table;regal chair;regal chair;classic painting;ivory piano;pothos;dainty painting; /,blue wall,green rug,K.K. Jazz,,Cabin,1,Yuka,FALSE,Normal (10),Libra (6),200,97,176,93,122,Monpe,Monpe,,Sylvana,Normal,-,-
C035,シャンペン,,,Dog,Scary,Male,ったく,gray tartan,classic umbrella,folk guitar;Mama bear;crawfish;apple TV;Arwing;round cactus;red boom box;hamster cage;flip-top desk;mountain bike;tall sputnoid;barber's pole; /,stone wall,diner tile,K.K. Blues,,Cottage,1,Pudge,FALSE,Scary (2),Capricorn (9),126,129,99,141,116,Shanpen,Champagne,,Frett,Cranky,-,-
C036,サラ,,,Mouse,Domineering,Female,なんてね,floral knit,pastel parasol,regal bookcase;regal vanity;regal lamp;regal bed;classic painting;hi-fi stereo;silk bloom shirt;dainty painting;common painting;common painting; /,blue-trim wall,kitchen flooring,Two Days Ago,,Brick,2,Pecan,FALSE,Domineering (12),Cancer (3),214,57,189,123,118,Sara,Sara,,Bree,Snooty,-,-
C037,アイル,,,Cub,Absent-minded,Male,あーあ,blue grid shirt,gelato umbrella,migratory locust;spotted ladybug;dice stereo;Spaceman Sam;large char;mini sputnoid;large bass;campfire;mini dinkoid;pale chub;koi;eel;executive toy;catfish;evening cicada;bee; /,old brick wall,tartan rug,Lucky K.K.,,Cottage,2,Ace,FALSE,Absent-minded (0),Capricorn (9),133,104,71,111,164,Airu,Aisle,,-,Lazy,-,-
C038,スミ,,,Goat,Normal,Female,っしょ,citrus gingham,plaid parasol,lady palm;cabana armchair;retro stereo;cabana armchair;corn plant;caladium;cabana screen;birdcage;conga drum;conga drum; /,library wall,modern tile,K.K. Chorale,,Brick,1,Savannah,FALSE,Normal (10),Virgo (5),172,104,93,144,92,Sumi,Sumi,,Nan,Normal,-,-
C039,コージィ,,,Frog,Briskly,Male,クルリ,Gracie's top,retro umbrella,pear wardrobe;pear dresser;jukebox;mini nebuloid;quazoid;tall droploid;melon chair;watermelon table;melon chair;mod top;static shirt;star shirt;groovy shirt; /,citrus wall,kitschy tile,My Place,,Cabana,2,Zoe,FALSE,Briskly (1),Aquarius (10),146,115,110,130,121,Kōjii,Kōji,,Frobert,Jock,-,-
C040,ちえり,,,Pig,Peppy,Female,ぷるる,blue stripe shirt,sunny parasol,fan palm;rubber tree;cabana screen;turntable;lady palm;ebony piano;cabana chair;vibraphone;cabana chair;caladium;metronome;bromeliaceae;pachira; /,music room wall,ceramic tile,Two Days Ago,,Cottage,0,Gabi,FALSE,Peppy (11),Gemini (2),89,152,135,80,191,Chieri,Cherry,,Peggy,Peppy,-,-
C041,ジョー,,,Bird,Scary,Male,やれやれ,orange pinstripe,checked umbrella,modern bed;modern chair;gold stereo;modern dresser;modern wardrobe;modern desk;globe;modern sofa;modern table;modern end table; / modern lamp;,exotic wall,birch flooring,K.K. Cruisin',,Cabin,4,Ed,FALSE,Scary (2),Cancer (3),223,79,85,129,81,Jō,Joe,,-,Cranky,-,-
C042,シルビア,,,Kangaroo,Domineering,Female,よねー,flowery shirt,flame umbrella,lovely lamp;lovely stereo;Mama bear;Papa bear;tulip chair;tulip table;tulip table;lovely dresser;wobbelina; / gerbera;Baby bear;,parlor wall,kitchen flooring,Rockin' K.K.,,Cabin,4,Olive,FALSE,Domineering (12),Taurus (1),222,174,74,25,91,Shirubia,Sylvia,,Sylvia,Snooty,-,-
C043,プースケ,,,Rabbit,Absent-minded,Male,ぷぅ,racer shirt,blue umbrella,elephant slide;one-ball shirt;alarm clock;ranch bed;mini dingloid;mega timpanoid;mega lamentoid;blue chair;train set;toilet; /,plaster wall,kiddie carpet,-,,Barnhouse,2,Dizzy,FALSE,Absent-minded (0),Pisces (11),181,99,157,69,163,Pūsuke,Pūsuke,,Hopkins,Lazy,-,-
C044,ちとせ,,,Ostrich,Normal,Female,ですの,misty shirt,paper parasol,exotic wardrobe;exotic screen;red vase;birdcage;mini strumboid;exotic table;mini lamentoid;exotic bench;exotic end table;mini dingloid;corn plant;exotic chest; / jasmine bonsai;,modern screen,18 mat tatami,-,,Cabana,4,Pinky,FALSE,Normal (10),Capricorn (9),197,77,126,125,113,Chitose,Millenium,,Gladys,Normal,-,-
C045,アナログ,,,Penguin,Briskly,Male,だもんで,spring shirt,plaid parasol,alarm clock;odd clock;owl clock;glow clock;red clock;cube clock;robo-clock;modern bed;tape deck;office locker;office locker;coffee machine;toilet; /,industrial wall,steel flooring,K.K. Technopop,,Cottage,3,Chief,FALSE,Briskly (1),Aquarius (10),122,80,127,231,79,Anarogu,Analog,,-,Jock,-,-
C046,セントアロー,,,Horse,Peppy,Female,いくわよ,racer 6 shirt,lacy parasol,lullaboid;harmonoid;nebuloid;dingloid;refrigerator;stove;daffodil chair;iris table;daffodil chair;alarm clock;red boom box;elephant slide;kitschy clock;glow clock;red clock; /,backyard fence,daisy meadow,K.K. Country,,Cabin,0,Aurora,FALSE,Peppy (11),Scorpio (7),222,102,138,63,125,Sentoarō,Saint Arrow,,Victoria,Peppy,-,-
C047,ジュウベエ,,,Lion,Scary,Male,いかにも,thunder shirt,hypno parasol,storefront;storefront;storefront;pine cricket;bell cricket;tape deck;glass-top table;well;Chinese lioness;Chinese lion; / quince bonsai;maple bonsai;,lattice wall,old flooring,Imperial K.K.,,Cabana,0,Rasher,FALSE,Scary (2),Sagittarius (8),87,215,89,82,128,Jūbē,Jūbei,,-,Cranky,-,-
C048,アリア,,,Chicken,Domineering,Female,ハレルヤ,Kaffe's shirt,elegant umbrella,metronome;plinkoid;lovely armchair;plinkoid;hi-fi stereo;lovely armchair;plinkoid;ebony piano;lovely end table;pothos; /,mosaic wall,plaza tile,K.K. Aria,,Brick,0,Huggy,FALSE,Domineering (12),Sagittarius (8),175,114,86,101,122,Aria,Aria,,Becky,Snooty,-,-
C055,ブロッコリー,,,Mouse,Absent-minded,Male,ピコ,kiddie shirt,gelato umbrella,kiddie dresser;kiddie clock;kiddie stereo;kiddie bureau;kiddie bed;kiddie table;kiddie couch;kiddie chair;N logo; /,playroom wall,playroom rug,K.K. Ragtime,,Barnhouse,4,Bob,FALSE,Absent-minded (0),Cancer (3),220,46,179,156,90,Burokkorī,Broccoli,,Broccolo,Lazy,-,-
C056,サニー,,,Frog,Normal,Female,でちょ,citrus shirt,dainty parasol,dingloid;rhythmoid;ebony piano;rustoid;timpanoid;djimbe drum;conga drum;conga drum;timpano drum;lady palm;rubber tree;dracaena;lady palm; /,kitchen wall,cabana flooring,-,,Barnhouse,1,Axel,FALSE,Normal (10),Sagittarius (8),180,102,123,99,131,Sanī,Sunny,,-,Normal,-,-
C057,ポコ,,,Cub,Briskly,Male,へへ,arctic camo,yellow umbrella,crucian carp;pond smelt;piranha;small bass;pop machine;soda machine;white boom box;cabana armchair;corn plant;corn plant;mini lamentoid;mega lamentoid;mega lamentoid;mini lamentoid; /,wood paneling,music room floor,K.K. Parade,,Cabin,2,Scoot,FALSE,Briskly (1),Aries (0),97,135,117,126,154,Poko,Poko,,-,Jock,-,-
C058,メグミ,,,Dog,Peppy,Female,きゅん,berry gingham,mod umbrella,lovely stereo;lovely vanity;lovely dresser;lovely armoire;lovely chair;lovely lamp;Mama bear;lovely end table;lovely bed;lovely table;lovely armchair; / gerbera;,lovely wall,lovely carpet,Soulful K.K.,,Cottage,1,Winnie,FALSE,Peppy (11),Aries (0),153,115,144,120,124,Megumi,Megumi,,-,Peppy,-,-
C059,ダイク,,,Bear,Scary,Male,ボウズ,jungle camo,bumbershoot,bear pole;exotic table;exotic table;eagle pole;oombloid;stringfish;coelacanth;gongoid;frog woman pole;djimbe drum;djimbe drum;raven pole; / arowana;angelfish;catfish;piranha;,cabin wall,red tile,-,,Cabin,3,Kody,FALSE,Scary (2),Taurus (1),77,229,103,74,132,Daiku,Daiku,,Ike,Cranky,-,-
C060,ペチュニア,,,Rhino,Domineering,Female,メルシィ,rickrack shirt,petal parasol,cello;ebony piano;pine chair;corn plant;pine table;pine table;pine chair;pine chair;corn plant;pine chair;turntable; /,backyard fence,daisy meadow,Two Days Ago,,Cottage,4,Huck,FALSE,Domineering (12),Sagittarius (8),98,162,66,65,187,Pechunia,Petunia,,Azalea,Snooty,-,-
C061,ジャコテン,,,Bird,Absent-minded,Male,っつーの,green tie-dye,leaf umbrella,lady palm;fan palm;Merlion;lady palm;caladium;birdcage;exotic end table;exotic bench;dracaena;phonograph;exotic screen;fan palm;fan palm;rubber tree;lady palm;pothos;bromeliaceae;corn plant; /,ivy wall,mossy carpet,To the Edge,,Cabana,0,Aziz,FALSE,Absent-minded (0),Virgo (5),197,118,84,56,141,Jakoten,Jakoten,,Jacob,Lazy,-,-
C062,メルボルン,,,Koala,Normal,Female,キラリ,barber shirt,dainty parasol,birdcage;barrel;dice stereo;pine table;pine chair;cactus;lady palm;fan palm;rubber tree;pothos;goldfish; / sunflower;,green wall,diner tile,Surfin' K.K.,,Cottage,3,Bessie,FALSE,Normal (10),Leo (4),113,134,124,83,182,Meruborun,Melbourne,,Alice,Normal,-,-
C063,マコト,,,Anteater,Briskly,Male,ホントに,big star shirt,noodle parasol,rare painting;gold stereo;modern bed;bromeliaceae;modern chair;modern end table;modern chair;cello;vibraphone;aloe; /,plaza wall,cabana flooring,K.K. Ska,,Cabana,1,Bertha,FALSE,Briskly (1),Libra (6),105,138,96,116,153,Makoto,Makoto,,Antonio,Jock,-,-
C064,みかっち,,,Cat,Peppy,Female,ね,dapper shirt,polka parasol,garbage can;refrigerator;stove;alarm clock;extinguisher;apple TV;pine chair;pine chair;pine table;pine chair;fan;rubber tree; / tea set;,meadow vista,daisy meadow,-,,Brick,1,Betty,FALSE,Peppy (11),Aries (0),199,98,188,102,113,Mikatchi,Mikatchi,,Felicity,Peppy,-,-
C065,クスケチャ,,,Eagle,Scary,Male,アリョイ,uncommon shirt,twig parasol,asteroid;asteroid;asteroid;asteroid;asteroid;asteroid;asteroid;asteroid;asteroid;Master Sword;Master Sword;asteroid;pond lantern;bus stop;potbelly stove;slot machine;squat dingloid;mini dingloid; /,basement wall,twig parasol,-,,Cabana,4,Lucky,FALSE,Scary (2),Pisces (11),137,156,87,114,105,Kusukecha,Kusukecha,,Avery,Cranky,-,-
C066,ヴァネッサ,,,Wolf,Domineering,Female,だわよ,subdued print,classic umbrella,regal cupboard;phonograph;regal armoire;regal vanity;regal bed;regal chair;regal table;regal sofa;regal lamp;moving painting; /,regal wall,regal carpet,K.K. Swing,,Brick,3,Pierce,FALSE,Domineering (12),Aquarius (10),207,114,105,94,97,Vanessa,Vanessa,,Vivian,Snooty,-,-
C067,カマボコ,,,Penguin,Absent-minded,Male,だからね,spade shirt,mod umbrella,sprinkler;sprinkler;backyard pool;sprinkler;sprinkler;red boom box; /,lunar horizon,backyard lawn,Forest Life,,Cabana,3,Joey,FALSE,Absent-minded (0),Scorpio (7),123,97,94,150,142,Kamaboko,Kamaboko,,Wade,Lazy,-,-
C068,ラムネ,,,Cat,Normal,Female,あのね,natty shirt,orange umbrella,pear dresser;pear wardrobe;apple TV;tall lullaboid;mega lullaboid;mini lullaboid;fan palm;pine table;pineapple bed;pine chair;pink tartan;blue tartan;lemon gingham; /,citrus wall,citrus carpet,-,,Barnhouse,3,Sally,FALSE,Normal (10),Aries (0),209,112,112,103,88,Ramune,Ramune,,Lolly,Normal,-,-
C069,ヒョウタ,,,Tiger,Briskly,Male,じゃが,three-ball shirt,bumbershoot,refrigerator;white boom box;bug zapper;iris table;Mama bear;hammock;fan;goldfish;popeyed goldfish; / tea set;,tropical vista,tropical floor,K.K. Safari,,Cabin,1,Nate,FALSE,Briskly (1),Taurus (1),188,152,132,65,107,Hyōta,Hyōta,,Leonardo,Jock,-,-
C070,ケチャップ,,,Duck,Peppy,Female,プチ,flicker shirt,berry umbrella,green lamp;green bed;CD player;ranch bookcase;ranch wardrobe;gelato shirt;blossom shirt;rally shirt;Mama bear;Baby bear; /,ivy wall,kitchen tile,DJ K.K.,,Cottage,2,Bea,FALSE,Peppy (11),Leo (4),144,109,114,104,155,Kechappu,Ketchup,,Ketchup,Peppy,-,-
C071,シュバルツ,,,Horse,Scary,Male,ブルル,checkered shirt,twig parasol,modern wardrobe;gold stereo;black knight;modern bed;modern end table;modern sofa;mini bowtoid;modern cabinet;white knight;bowtoid; / arowana;,plaza wall,chessboard rug,K.K. Dirge,,Brick,4,Rolf,FALSE,Scary (2),Gemini (2),152,133,101,81,146,Shubarutsu,Schwarz,,Roscoe,Cranky,-,-
C072,バズレー,,,Rabbit,Domineering,Female,ってさ,spiderweb shirt,elegant umbrella,fan palm;lady palm;snake plant;phonograph;globe;exotic bench;pachira;pothos;caladium;bromeliaceae;giant catfish;weeping fig;cow skull;bass; /,stone wall,birch flooring,K.K. Rock,,Brick,4,T-Bone,FALSE,Domineering (12),Capricorn (9),183,94,104,162,73,Bazurē,Bazurē,,Tiffany,Snooty,-,-
C101,ニンドリ,,,Ostrich,Briskly,Male,ドクソウ,G logo shirt,Nintendo parasol,reel-to-reel;apple clock;retro TV;kitschy clock;nebuloid;mini dinkoid;N logo;modern sofa;mini sputnoid;country guitar;rock guitar;round cactus;tall cactus; /,green wall,8 mat tatami,Go K.K. Rider!,,Brick,2,Bangle,FALSE,Briskly (1),Virgo (5),217,88,226,58,149,Nindori,Nindori,,-,Jock,-,-
C102,ピエール,,,Cat,Briskly,Male,ってね,jester shirt,dainty parasol,kiddie clock;kiddie bookcase;elephant slide;table tennis;slot machine;elephant slide;wobbelina;garbage can;dice stereo;refrigerator; /,backgammon wall,playroom rug,K.K. Parade,,Barnhouse,4,Paolo,FALSE,Briskly (1),Sagittarius (8),221,80,188,92,119,Piēru,Pierre,,-,Jock,-,-
C103,バウ,,,Dog,Absent-minded,Male,バウ,houndstooth knit,blue umbrella,tall harmonoid;mini harmonoid;globe;writing desk;writing chair;alarm clock;computer;office chair;executive toy;office locker; /,old brick wall,office flooring,-,,Cottage,1,Bones,FALSE,Absent-minded (0),Leo (4),122,107,168,165,118,Bau,Bow,,-,Lazy,-,-
C104,ミャウ,,,Cat,Peppy,Female,ミャウ,blossom shirt,gingham parasol,lovely lamp;lovely stereo;Mama bear;Papa bear;tulip chair;tulip table;tulip table;lovely dresser;wobbelina; / gerbera;Baby bear;,ranch wall,lovely carpet,K.K. Gumbo,,Barnhouse,0,Olive,FALSE,Peppy (11),Virgo (5),145,101,115,165,101,Myau,Meow,,-,Peppy,-,-
C105,しょうきち,,,Bird,Briskly,Male,ズン,orange pinstripe,paper parasol,quince bonsai;samurai suit;samurai suit;pine bonsai;red vase;phonograph;tea vase; /,Japanese wall,tatami floor,K.K. Swing,,Cabana,4,Iggy,FALSE,Briskly (1),Capricorn (9),180,121,61,106,105,Shoukichi,Shoukichi,,-,Jock,-,-
C201,シナビル,,,Duck,Briskly,Male,シナ,MVP shirt,flame umbrella,writing desk;globe;owl clock;ranch bookcase;writing chair;ponderosa bonsai;space heater;tape deck;vaulting horse; /,wood paneling,music room floor,K.K. Reggae,,Barnhouse,2,Hambo,FALSE,Briskly (1),Cancer (3),177,120,225,99,116,Shinabiru,Shinabiru,,-,Jock,-,-