ID,Name,Image,Species,Personality,Gender,Default Catchphrase,Default Clothing,Default Umbrella,Furniture,Wallpaper,Carpet,House Song,House Image,House Image (EU),House Exterior Type,House Exterior Palette,Starting Villager,Name (Spanish),Catchphrase (Spanish),Name (French),Catchphrase (French),Name (German),Catchphrase (German),Name (Italian),Catchphrase (Italian),Name (Future Games),Personality (Future Games Terms),Internal ID (Name),Internal ID (Number)
E000,Bob,,Cat,Absent-minded,Male,pthhpth,blossom shirt,gelato umbrella,kiddie dresser;kiddie clock;kiddie stereo;kiddie bureau;kiddie bed;kiddie table;kiddie couch;kiddie chair;N logo; /,kiddie wall,kiddie carpet,K.K. Ragtime,,,4,2,TRUE,Arándano,zarpas,Robert,m'enfin,Jens,psssps,Bob,baffo,Bob,Lazy,CAT0,000
E001,Olivia,,Cat,Domineering,Female,purrr,floral knit,elegant umbrella,pothos;regal armoire;regal vanity;regal lamp;regal bed;ivory piano;mega lullaboid;retro stereo;lullaboid;regal dresser;pothos;mini lullaboid;bass; /,ornate wall,classic carpet,K.K. Etude,,,5,3,TRUE,Olivia,raspas,Olivia,ronronron,Bianca,schnurr,Micia,purrr,Olivia,Snooty,CAT1,001
E002,Mitzi,,Cat,Normal,Female,mew,patchwork top,classic umbrella,weeping fig;gargloid;warbloid;blue bed;blue dresser;cabana bookcase;red boom box;bromeliaceae; /,kitchen wall,ranch flooring,K.K. Swing,,,1,1,TRUE,Misi,misi-misi,Mistigri,miouuu,Miezi,muh,Zampetta,miao,Mitzi,Normal,CAT2,002
E003,Kiki,,Cat,Normal,Female,kittycat,argyle knit,ribbon parasol,cactus;round cactus;retro stereo;cabana lamp;pine chair;pine table;pine chair;polka parasol;mega bovoid; / daffodil;,mod wall,music room floor,K.K. Country,,,1,0,TRUE,Ágata,galletita,Kiki,petit chat,Kiki,miausi,Kiki,mieaoo,Kiki,Normal,CAT3,003
E004,Tangy,,Cat,Peppy,Female,reeeeOWR,chain-gang shirt,orange umbrella,watermelon table;apple TV;strawberry shirt;pear dresser;pear wardrobe;mini metatoid;apple clock;pineapple bed;lemon table;lime chair;mega rustoid;grapefruit table;orange chair; /,citrus wall,citrus carpet,-,,,4,1,TRUE,Tricia,mandarinas,Marine,minouche,Tanja,grraul,Arancina,miiiiaOU,Tangy,Peppy,CAT4,004
E005,Kabuki,,Cat,Scary,Male,meooo-OH,lavender robe,hypno parasol,pagoda;samurai suit;taiko drum;red boom box;paper parasol;lavender robe;novel painting;deer scare;mugho bonsai;shrine lantern;shrine lantern;pine bonsai; /,gold screen wall,18 mat tatami,K.K. Folk,,,3,4,FALSE,Kabuki,imikimono,Kabuki,miiiiiiiou,Kabuki,miiiau,Kabuki,meooo-OH,Kabuki,Cranky,CAT5,005
E006,Tabby,,Cat,Peppy,Female,me-WOW,fish bone shirt,Nintendo parasol,holly bonsai;retro TV;Aiko figurine;Yuki figurine;Emi figurine;danger shirt;leopard print;tiger print;Naomi figurine;Maki figurine;tiger bobblehead;computer;mega percoloid;timpanoid; /,gold screen wall,8 mat tatami,-,,,3,0,TRUE,Liana,animiaul,Tigri,mon pacha,Zita,mrriau,Lisca,meOW,Tabby,Peppy,CAT6,006
E007,Monique,,Cat,Domineering,Female,pffffft,grape shirt,ribbon parasol,Mama bear;lovely stereo;plum kimono;groovy shirt;rainbow shirt;cream sofa;moving painting;iris table;lovely armchair;lovely bed;tulip table;lovely armchair;lovely lamp; /,groovy wall,ceramic tile,K.K. Swing,,,5,1,TRUE,Monique,ronrón,Monique,minou,Monique,schnurr,Marylin,miaù,Monique,Snooty,CAT7,007
E008,Stinky,,Cat,Briskly,Male,GAAHHH,splendid shirt,flame umbrella,blue corner;neutral corner;boxing mat;boxing mat;neutral corner;red corner;boxing mat;boxing mat;folding chair;ringside table;red boom box; / judge's bell;,ringside seating,boxing ring mat,K.K. Rock,,,2,3,FALSE,Micifuz,marramiau,Tupux,miaou,Stefan,fauch,Puzzolo,GAAHHH,Stinky,Jock,CAT8,008
E009,Purrl,,Cat,Domineering,Female,kitten,moody blue shirt,polka parasol,exotic bed;hi-fi stereo;antique clock;mini fizzoid;caladium;classic sofa;perfect painting;red armchair;birdcage;mega fizzoid; /,concrete wall,checkered tile,K.K. Swing,,,1,2,TRUE,Wanda,tontaina,Perle,mimi,Franka,kätzchen,Felidia,micetto,Purrl,Snooty,CAT9,009
E00A,Kitty,,Cat,Domineering,Female,mrowrr,crewel shirt,lacy parasol,classic hutch;lacy parasol;rose shirt;regal armoire;red armchair;regal bed;classic table;red armchair;gold stereo;classic clock; /,rose wall,fancy carpet,K.K. Etude,,,1,3,TRUE,Kasandra,cascabel,Kitty,miaaaouh,Katja,schnurr,Ester,fusolo,Kitty,Snooty,CATA,010
E00B,Tom,,Cat,Scary,Male,me-YOWZA,BB shirt,flame umbrella,fan palm;tall gargloid;rocket;exotic screen;exotic table;mega sproid;exotic end table;flat stag beetle;exotic chair;mini quazoid;exotic end table;noodle shirt;jewel beetle; / catfish;ladybug;crucian carp;,exquisite wall,exquisite rug,-,,,2,4,TRUE,Zapirón,miooou,Tom,mistigri,Timo,fauch,Isidoro,mi-IAO,Tom,Cranky,CATB,011
E00C,Rosie,,Cat,Peppy,Female,silly,shortcake shirt,daffodil parasol,djimbe drum;conga drum;kitschy clock;giraffe print;pop machine;mega dekkoid;tape deck;green drum;grapefruit table;sandbag; /,mod wall,cowhide rug,Rockin' K.K.,,,2,2,TRUE,Minina,miaaau,Rosie,miou,Sophie,dummerchen,Grinfia,tontolon,Rosie,Peppy,CATC,012
E00D,Nosegay,,Anteater,Normal,Female,hoooonk,loud bloom shirt,pastel parasol,pothos;ruby econo-chair;worthy painting;rare painting;famous painting;dainty painting;fine painting;strange painting;flowery painting;classic painting;classic painting;classic painting;mini tootoid;mega lullaboid; /,plaster wall,old flooring,-,,,2,2,FALSE,Marisa,achís,Tamara,hoooonk,Hortense,schnauf,Narica,hoooonk,Nosegay,Normal,ANT0,013
E00E,Zoe,,Anteater,Normal,Female,whiiifff,hot spring shirt,plaid parasol,pear wardrobe;pear dresser;jukebox;mini nebuloid;quazoid;tall droploid;melon chair;watermelon table;melon chair;mod top;static shirt;star shirt;groovy shirt; /,kitchen wall,citrus carpet,K.K. Fusion,,,4,1,FALSE,Naricia,fufuf,Zoé,fouf fouf,Zoe,schnieef,Zoe,oiiinfff,Zoe,Normal,ANT1,014
E00F,Pango,,Anteater,Peppy,Female,snooooof,subdued print,checked umbrella,classic clock;classic cabinet;rare painting;cabana armchair;birdcage;phonograph;biwa lute;cabana screen;corn plant;bromeliaceae;bowtoid;timpanoid; /,lattice wall,exotic rug,K.K. Casbah,,,5,2,FALSE,Aspidora,snuf-snuf,Tapira,snouf,Mathilda,schnieef,Carlotta,snuuf,Pango,Peppy,ANT2,015
E010,Cyrano,,Anteater,Scary,Male,ah-CHOO,wave print,paper parasol,exotic wardrobe;exotic table;taiko drum;exotic chair;mega oboid;green ring shirt;white ring shirt;tall lantern;Aiko figurine;Keiko figurine;tall lantern; / globe;,modern screen,8 mat tatami,-,,,3,2,FALSE,Cirano,achús,Cyrano,atchoum,Theo,schneuf,Cirano,ett-CCIÚ,Cyrano,Cranky,ANT3,016
E011,Snooty,,Anteater,Domineering,Female,sniffff,blossoming shirt,hypno parasol,exotic bureau;biwa lute;tall puffoid;oombloid;mini strumboid;regal bed;ebony piano;harp;birdcage;exotic end table; / plum bonsai;,modern screen,imperial tile,-,,,3,0,FALSE,Rosanari,sniff,Tarina,snif snif,Hilde,schnuff,Lucrezia,sniffff,Snooty,Snooty,ANT4,017
E012,Teddy,,Bear,Briskly,Male,grooof,club shirt,paper parasol,blue golf bag;retro stereo;retro TV;writing desk;writing chair;ebony piano;space heater;dracaena;Mama bear; /,chic wall,plush carpet,Mr. K.K.,,,4,0,TRUE,Teddy,gruuuf,Teddy,grouf,Torsten,gruff,Teddy,gruf,Teddy,Jock,BEA0,018
E013,Chow,,Bear,Scary,Male,aiya,star shirt,noodle parasol,red vase;biwa lute;mega dingloid;tall oombloid;lullaboid;exotic screen;fan palm;exotic bed;exotic end table;exotic chest;exotic chair;exotic lamp; / popeyed goldfish;,imperial wall,imperial tile,-,,,5,1,TRUE,Pando,ándale-oso,Chulin,tabernak,Chang,hiijaa,Chowchow,ehilà,Chow,Cranky,BEA1,019
E014,Dozer,,Bear,Absent-minded,Male,zzzzzz,bear shirt,yellow umbrella,exotic lamp;cabana lamp;cabana lamp;regal lamp;regal lamp;classic bed;exotic lamp;nebuloid;poltergoid;owl clock;metronome; /,manor wall,opulent rug,-,,,1,3,TRUE,Toño,zzzzzz,Doudou,zzzzzz,Nicki,schnarch,Ronfo,zzzzzz,Dozer,Lazy,BEA2,020
E015,Nate,,Bear,Absent-minded,Male,yawwwn,spring shirt,orange umbrella,refrigerator;white boom box;bug zapper;iris table;Mama bear;hammock;fan;goldfish;popeyed goldfish; / tea set;,ivy wall,backyard lawn,K.K. Lullaby,,,3,3,TRUE,Nachete,uuaaaah,Nathan,baaîîîllle,Nathan,gäähn,Gianni,yauuun,Nate,Lazy,BEA4,021
E016,Groucho,,Bear,Scary,Male,grumble,windsock shirt,twig parasol,modern desk;gold stereo;samurai suit;office chair;modern table;modern sofa;blue golf bag;green golf bag;white golf bag;batbrella; / Baby bear;,shanty wall,old flooring,K.K. Rock,,,5,2,TRUE,Groucho,jorrr,Ronchon,arsouille,Ernst,brummel,Groucho,grum grum,Groucho,Cranky,BEA5,022
E017,Tutu,,Bear,Peppy,Female,twinkles,heart shirt,pastel parasol,refrigerator;stove;retro TV;Mama bear;pothos;cabana table;white boom box;lovely end table;cabana lamp;folk guitar;wobbelina;petal parasol; / tea set;Baby bear;,mod wall,8 mat tatami,K.K. Steppe,,,3,0,TRUE,Tutú,fisflash,Tutu,pic pic,Mandy,sternchen,Lola,gnifa,Tutu,Peppy,BEA6,023
E018,Ursala,,Bear,Domineering,Female,grooomph,diner uniform,berry umbrella,bromeliaceae;regal cupboard;turntable;dainty painting;regal lamp;classic bed;worthy painting;perfect painting;bass; /,plaza wall,checkered tile,Café K.K.,,,5,4,TRUE,Úrsula,grumf,Oursula,groumpf,Ursula,brumbrum,Ursula,gruuunf,Ursala,Snooty,BEA7,024
E019,Grizzly,,Bear,Scary,Male,grrr,houndstooth tee,hypno parasol,salmon;salmon;fishing bear;reel-to-reel;cabin bed;cow skull;barrel;bear shirt;campfire;keg;keg;skull shirt;fish bone shirt;taiko drum; /,cabin wall,western desert,K.K. Safari,,,3,1,TRUE,Gruñón,tostón,Grizzly,canaillou,Gerald,grrr,Grizzly,grrr,Grizzly,Cranky,BEA8,025
E01A,Pinky,,Bear,Peppy,Female,cubbie,dazed shirt,berry umbrella,exotic wardrobe;exotic screen;red vase;birdcage;mini strumboid;exotic table;mini lamentoid;exotic bench;exotic end table;mini dingloid;corn plant;exotic chest; / jasmine bonsai;,exquisite wall,bamboo flooring,-,,,3,3,TRUE,Violeta,terroncito,Rosine,humanito,Pia,schätzchen,Ciliegia,cubetto,Pinky,Peppy,BEA9,026
E01B,Jay,,Bird,Briskly,Male,heeeeeyy,six-ball shirt,yellow umbrella,bass;cello;violin;classic hutch;classic clock;rocking chair;phonograph;vibraphone;mini lullaboid;perfect painting; /,ornate wall,classic carpet,K.K. Waltz,,,5,0,TRUE,Jota,heeey,Gérard,mon oiseau,Jan,hiiiijjj,Jet,cipinci,Jay,Jock,BRD0,027
E01C,Twiggy,,Bird,Peppy,Female,cheepers,barber shirt,gelato umbrella,cabana vanity;hi-fi stereo;cabana lamp;blue bed;cabana chair;Baby bear;blue bureau;mini gargloid;mini warbloid;dracaena; /,ranch wall,checkered tile,K.K. Calypso,,,1,3,TRUE,Tití,tirití,Titi,dis hein,Twiggy,zwirtschi,Titti,ciiip,Twiggy,Peppy,BRD1,028
E01D,Anchovy,,Bird,Absent-minded,Male,chuuurp,straw shirt,orange umbrella,slot machine;slot machine;slot machine;slot machine;slot machine;slot machine;classic table;classic table;classic table;green counter;retro stereo; /,classic wall,parquet floor,K.K. Ragtime,,,1,4,TRUE,Boquerón,piu-piu,Miguel,moineau,Armin,tschurp,Acciuga,ciripì,Anchovy,Lazy,BRD2,029
E01E,Piper,,Bird,Peppy,Female,chickadee,striking outfit,daffodil parasol,cabana vanity;birdcage;weeping fig;cabana bed;cabana lamp;cabana chair;timpano drum;cabana chair;birdcage;birdcage;turntable; /,wood paneling,birch flooring,K.K. Reggae,,,4,2,TRUE,Bárbara,chupiyá,Neige,puic puic,Iris,tschikadii,Giuliva,cocoricò,Piper,Peppy,BRD3,030
E01F,Admiral,,Bird,Scary,Male,aye aye,orange pinstripe,paper parasol,plate armor;wide-screen TV;wide-screen TV;samurai suit;train set;elephant slide;haz-mat barrel;globe;haz-mat barrel;weight bench;haz-mat barrel; /,shanty wall,steel flooring,-,,,3,1,TRUE,Avutardo,avechucho,Maréchal,cornichon,Ansgar,"oh, ja",Adolfo,cipissi,Admiral,Cranky,BRD4,031
E020,Otis,,Bird,Absent-minded,Male,I s'pose,moldy shirt,twig parasol,mini gongoid;mini strumboid;mini dingloid;standing stone;deer scare;backyard pool;stone couple;stone couple;novel painting;mini croakoid; /,gold screen wall,mossy carpet,-,,,3,3,TRUE,Oto,digo,Ottis,j'pense,Otto,denk ich,Pablo,tuitcì,Otis,Lazy,BRD5,032
E021,Robin,,Bird,Domineering,Female,la-di-da,kiwi shirt,blue umbrella,classic hutch;classic desk;turntable;gray tartan;birdcage;pine table;birdcage;pine chair;birdcage;icy umbrella; /,lattice wall,kitchen tile,K.K. Bossa,,,5,0,TRUE,Aria,picatoste,Robie,juste ciel,Jule,ladida,Rossana,yuppidù,Robin,Snooty,BRD6,033
E022,Midge,,Bird,Normal,Female,tweedledee,new spring shirt,lotus parasol,regal bed;lovely lamp;red tie-dye;lite polka shirt;daisy shirt;birdcage;lovely stereo;lovely end table;lovely chair;wee dingloid;lovely vanity;mini dingloid;polka parasol;sunny parasol;lotus parasol;petal parasol; /,rose wall,birch flooring,K.K. Lullaby,,,1,4,TRUE,Paloma,arrurrú,Michèle,loulou,Anna,twitiriti,Minù,firulì,Midge,Normal,BRD7,034
E023,Ace,,Bird,Briskly,Male,ace,spade shirt,sharp umbrella,migratory locust;spotted ladybug;dice stereo;Spaceman Sam;large char;mini sputnoid;large bass;campfire;mini dinkoid;pale chub;koi;eel;executive toy;catfish;evening cicada;bee; /,kiddie wall,classroom floor,K.K. Parade,,,4,3,TRUE,Uno,figura,Boumboum,ma caille,Helge,astrein,Asso,flapflap,Ace,Jock,BRD8,035
E024,Twirp,,Bird,Scary,Male,CHIRP,arctic camo,flame umbrella,sandbag;trash bin;weight bench;soda machine;office chair;office desk;office locker;blue golf bag;office locker;white golf bag;extinguisher;tape deck; / cube clock;,office wall,office flooring,Go K.K. Rider!,,,3,4,TRUE,Tomás,PÍO-PÍO,Neuneu,oufffff,Meik,tschirp,Furbecco,CIRP,Twirp,Cranky,BRD9,036
E025,Chuck,,Bull,Scary,Male,jerky,four-ball shirt,Nintendo parasol,green wardrobe;green pantry;green dresser;green lamp;green bed;green counter;green table;green chair;green bench;turntable;barrel;green desk; /,green wall,green rug,K.K. Blues,,,1,2,TRUE,Tauricio,cobarde,Léon,dugong,Paco,daddel,Bullo,mummamia,Chuck,Cranky,BUL0,037
E026,Stu,,Bull,Absent-minded,Male,moo-dude,seven-ball shirt,plaid parasol,blue dresser;blue chair;owl clock;corn plant;blue table;blue chair;gold stereo;blue bed; / gerbera;,cabin wall,exquisite rug,K.K. Lullaby,,,2,4,TRUE,Vitorino,olé y olé,Beubeu,meuh quoi,Carlos,muhuhu,Clemente,ciaumù,Stu,Lazy,BUL1,038
E027,Goose,,Chicken,Briskly,Male,buh-kay,tropical shirt,paper parasol,weeping fig;ranch bed;retro stereo;ranch hutch;ranch wardrobe;classic chair;classic table;classic chair;keg;barrel;plaid parasol; /,floral wall,backyard lawn,K.K. Country,,,2,0,TRUE,Gus,caracol,Pouli,poussin,Konrad,buaa-ka-ka,Chiricò,cucù,Goose,Jock,CHN0,039
E028,Betty,,Chicken,Normal,Female,cluckling,comfy sweater,classic umbrella,garbage can;refrigerator;stove;alarm clock;extinguisher;apple TV;pine chair;pine chair;pine table;pine chair;fan;rubber tree; / tea set;,backyard fence,ceramic tile,-,,,2,1,TRUE,Clueca,clo-clo,Betty,côt côt,Margot,klackl,Crestina,coccodè,Betty,Normal,CHN1,040
E029,Hector,,Chicken,Briskly,Male,coo-HAH,light line shirt,bumbershoot,phonograph;giant catfish;samurai suit;slot machine;slot machine;Mrs. Flamingo;globe;modern desk;Mr. Flamingo;white golf bag;black king;black king; /,office wall,office flooring,K.K. March,,,5,4,TRUE,Héctor,yuu-ju,Hector,mon coco,Hektor,kikiriii,Pettore,chirichì,Hector,Jock,CHN2,041
E02A,Egbert,,Chicken,Absent-minded,Male,doodle-duh,swell shirt,blue umbrella,robo-stereo;cream sofa;robo-clock;rocket;rare painting;mega dinkoid;tall sputnoid;mini dinkoid;pulse shirt;dinosaur egg; /,modern wall,blue flooring,K.K. Technopop,,,5,1,TRUE,Norberto,kikirikí,Herbert,côt-côdet,Waldemar,duudle-du,Ovidio,du du du,Egbert,Lazy,CHN3,042
E02B,Ava,,Chicken,Normal,Female,beaker,checkerboard tee,polka parasol,cabin clock;cabin bed;Mama bear;Papa bear;turntable;gaudy sweater;cabin table;tootoid;lite polka shirt;loud bloom shirt;gumdrop shirt;weeping fig; / Baby bear;,cabin wall,cabin rug,K.K. Country,,,2,1,TRUE,Ava,piquito,Eva,cô-cômment,Gisela,biiika,Ava,sbecsbec,Ava,Normal,CHN4,043
E02C,Hank,,Chicken,Briskly,Male,buhk buhk,exotic shirt,retro umbrella,alarm clock;plinkoid;mini plinkoid;retro stereo;modern cabinet;modern sofa;corn plant;modern chair;modern chair;modern desk;bass; / modern lamp;,library wall,old flooring,K.K. Love Song,,,1,0,TRUE,Claudio,cocorico,Bruce,cocorico,Harald,bakbak,Galiardo,boh boh,Hank,Jock,CHN5,044
E02D,Leigh,,Chicken,Peppy,Female,cutie,puzzling shirt,yellow umbrella,cabin armchair;cabin clock;cabin dresser;cabin wardrobe;cabin couch;cabin low table;cabin bookcase;cabin table;cabin bed;round cactus;mini lamentoid;tall alloid;mega dingloid; /,cabin wall,cabin rug,-,,,2,0,TRUE,Tabita,chuli,Huguette,poussinet,Loretta,goldi,Piumetta,cocò,Leigh,Peppy,CHN6,045
E02E,Rhoda,,Chicken,Domineering,Female,clucky,red tie-dye,daffodil parasol,holly bonsai;quince bonsai;jade econo-chair;gold econo-chair;jade econo-chair;cow print;dice stereo;daffodil table;daffodil table;leopard print;flame shirt;big star shirt;ruby econo-chair;regal vanity; /,kitschy wall,stone tile,The K. Funk,,,5,3,TRUE,Pochola,gallis,Arlette,coquinou,Helene,glucker,Petula,skiok,Rhoda,Snooty,CHN7,046
E02F,Vladimir,,Cub,Scary,Male,nyet,tiger print,flame umbrella,detour arrow;traffic cone;cement mixer;elephant slide;iron frame;saw horse;saw horse;orange cone;tall droploid;froggy chair;froggy chair;mega quazoid;hammock;mini timpanoid;handcart; /,sandlot wall,sandlot,-,,,3,1,TRUE,Vladimir,nyet,Vladimir,niet,Vladimir,nastrovje,Vladimir,nyet,Vladimir,Cranky,CBR0,047
E030,Murphy,,Cub,Scary,Male,laddie,static shirt,retro umbrella,elephant slide;Baby bear;gold stereo;Master Sword;barrel;barrel;Baby bear;billiard table;orange cone;mega freakoid;toilet;super toilet; /,stone wall,imperial tile,K.K. D & B,,,5,2,TRUE,Orsón,peque,Eddie,canaille,Michael,liebelein,Marcello,grizzel,Murphy,Cranky,CBR1,048
E031,Cupcake,,Cub,Domineering,Female,sugar pie,dreamy shirt,ribbon parasol,antique clock;classic hutch;rubber tree;ranch tea table;ranch couch;phonograph;birdcage;space heater;rocking chair;classic desk;caladium;blue golf bag; /,lattice wall,ornate rug,K.K. Waltz,,,2,3,TRUE,Rosita,pastelito,Bella,hum miam,Bärbel,schätzchen,Chicca,zucchero,Cupcake,Snooty,CBR2,049
E032,Kody,,Cub,Briskly,Male,okey-dokey,far-out shirt,sunny parasol,bear pole;exotic table;exotic table;eagle pole;oombloid;stringfish;coelacanth;gongoid;frog woman pole;djimbe drum;djimbe drum;raven pole; / arowana;angelfish;catfish;piranha;,ancient wall,exotic rug,-,,,2,0,TRUE,Orestes,mola,Bill,bah,Bernd,okeydokey,Salomone,oki-doki,Kody,Jock,CBR3,050
E033,Maple,,Cub,Normal,Female,honey,citrus gingham,lotus parasol,rubber tree;ranch tea table;Mama bear;Papa bear;Papa bear;classic table;turntable;Mama bear;Baby bear;lullaboid;rubber tree;Papa bear;rubber tree;mini lullaboid; / Baby bear;gerbera;Baby bear;,ranch wall,ranch flooring,K.K. Lullaby,,,3,0,TRUE,Dulce,trufita,Léa,chou,Mona,darling,Dulcinea,miele,Maple,Normal,CBR4,051
E034,Pudge,,Cub,Absent-minded,Male,pudgy,green ring shirt,noodle parasol,folk guitar;Mama bear;crawfish;apple TV;Arwing;round cactus;red boom box;hamster cage;flip-top desk;mountain bike;tall sputnoid;barber's pole; /,ornate wall,green rug,Rockin' K.K.,,,3,0,TRUE,Bollito,rebollos,Gradub,humpf,Bertram,griesgram,Tombolo,pulcino,Pudge,Lazy,CBR5,052
E035,Olive,,Cub,Normal,Female,sweet pea,dapper shirt,gingham parasol,lovely lamp;lovely stereo;Mama bear;Papa bear;tulip chair;tulip table;tulip table;lovely dresser;wobbelina; / gerbera;Baby bear;,lovely wall,plaza tile,Only Me,,,4,4,TRUE,Osalina,panalito,Grisa,trognon,Linda,honigtopf,Olivia,fagiolino,Olive,Normal,CBR6,053
E036,Poncho,,Cub,Briskly,Male,li'l bear,blue grid shirt,plaid parasol,refrigerator;stove;comfy sweater;modern dresser;modern wardrobe;tall droploid;modern bed;mega timpanoid;rubber tree;classic table;mini dekkoid;cream sofa;mini bowtoid; /,music room wall,steel flooring,-,,,2,2,TRUE,Poncho,bolita,Théo,mon ourson,Toni,bärli,Poncho,babà,Poncho,Jock,CBR7,054
E037,Bluebear,,Cub,Peppy,Female,peach,lemon gingham,icy umbrella,conga drum;red boom box;Baby bear;blue dresser;blue bed;conga drum;red armchair;red armchair;Baby bear;cabana table;rock guitar;coconut palm;polka parasol; /,exotic wall,cabana flooring,K.K. Ska,,,2,1,TRUE,Celeste,cielito,Myrtille,parbleu,Birte,früchtchen,Azzurra,pepè,Bluebear,Peppy,CBR8,055
E038,Patty,,Cow,Peppy,Female,how now,citrus shirt,gelato umbrella,cabana wardrobe;cabana vanity;cabana lamp;cabana bed;cabana armchair;birdcage;cabana bookcase;cabana dresser;cabana table;white boom box;cabana chair; /,cabana wall,cabana flooring,K.K. Calypso,,,1,0,TRUE,Vacarena,muuuu,Margaux,meuh,Patricia,muuhna,Patty,truuulà,Patty,Peppy,COW0,056
E039,Petunia,,Cow,Domineering,Female,moo la la,spunky knit,checked umbrella,tall bovoid;cow print;dice stereo;red clock;weeping fig;red sofa;aloe;country guitar;cabana lamp;round cactus;cabana table; / gerbera;,plaster wall,cowhide rug,K.K. Country,,,5,2,TRUE,Petunia,muu-la-la,Pétunia,mouh mouh,Petunia,muh-la-la,Petunia,muu la la,Petunia,Snooty,COW1,057
E03A,Bessie,,Cow,Normal,Female,buttercup,berry gingham,plaid parasol,birdcage;barrel;dice stereo;pine table;pine chair;cactus;lady palm;fan palm;rubber tree;pothos;goldfish; / sunflower;,ivy wall,slate flooring,K.K. Salsa,,,5,1,TRUE,Muuriel,cuernis,Florette,meuh'fin,Karla,butterli,Betta,muuffola,Bessie,Normal,COW2,058
E03B,Belle,,Cow,Peppy,Female,cuddles,denim shirt,petal parasol,cabana dresser;cabana wardrobe;folk guitar;tall bovoid;cabin clock;cow print;cabana table;cow print;violin;cow print;mega bovoid;cabin chair; /,cabana wall,cabin rug,-,,,2,0,TRUE,Bella,cencerrito,Belle,meuh-euh,Heidi,knutsch,Isabella,amuuur,Belle,Peppy,COW3,059
E03C,Alfonso,,Alligator,Absent-minded,Male,it's a me,big bro's shirt,mod umbrella,lady palm;mini rhythmoid;pachira;mini rhythmoid;toilet;mini rhythmoid;mini rhythmoid;exotic chair;exotic table;exotic bench;white boom box; /,imperial wall,basement floor,Imperial K.K.,,,5,2,TRUE,Kaimán,ñam-ñam,Alphonse,mamma mia,Markus,ahhhrg,Alfonso,it's a me,Alfonso,Lazy,CRD0,060
E03D,Boots,,Alligator,Briskly,Male,munchie,jester shirt,dainty parasol,rubber tree;turntable;exotic bench;croton;corn plant;exotic screen;common painting;snake plant;bromeliaceae;aloe;dracaena; /,ivy wall,slate flooring,K.K. Aria,,,5,1,TRUE,Braulio,crococroco,Croko,mariolle,Tilmann,schmatzi,Crocco,gnammi,Boots,Jock,CRD1,061
E03E,Liz,,Alligator,Normal,Female,groonch,diamond shirt,berry umbrella,lovely bed;lovely lamp;lovely vanity;lovely armoire;lovely kitchen;tulip chair;tulip table;lovely stereo;wobbelina;hot spring shirt;red tie-dye;ribbon parasol;lotus parasol;grape shirt;strawberry shirt; /,lovely wall,checkered tile,K.K. Ballad,,,3,0,TRUE,Natalia,ñec-ñec,Lisette,grooonch,Ruth,grrruuuua,Drilla,grunch,Liz,Normal,CRD2,062
E03F,Biskit,,Dog,Absent-minded,Male,dawg,mod top,sunny parasol,high-end stereo;cabin clock;ranch armchair;cabin low table;ranch armchair;fan palm;ranch bed;mega bovoid;mini tootoid; /,wood paneling,cabana flooring,K.K. Mambo,,,4,2,TRUE,Amnesio,guau,Crocket,débilos,Keks,kläff,Buffetto,brrranco,Biskit,Lazy,DOG0,063
E040,Goldie,,Dog,Normal,Female,woof,hippie shirt,polka parasol,turntable;tall nebuloid;cabana bed;cream sofa;cabin table;round cactus;No.4 shirt;tall cactus;rocking chair; /,blue-trim wall,birch flooring,K.K. Bossa,,,4,4,TRUE,Tere,guau-guau,Mirza,wouuu-af,Bienchen,wuff,Dora,wuf wuf,Goldie,Normal,DOG1,064
E041,Daisy,,Dog,Normal,Female,bow WOW,kiddie shirt,gelato umbrella,antique clock;amber;ammonite;dinosaur egg;dinosaur track;mammoth skull;mammoth torso;mega alloid;wee dingloid;extinguisher; /,library wall,tartan rug,-,,,1,4,TRUE,Luisa,guaay,Naomie,wourf,Doris,wauwau,Fiorella,bau WAU,Daisy,Normal,DOG2,065
E042,Lucky,,Dog,Absent-minded,Male,rrr-owch,No.23 shirt,batbrella,asteroid;asteroid;asteroid;asteroid;asteroid;asteroid;asteroid;asteroid;asteroid;Master Sword;Master Sword;asteroid;pond lantern;bus stop;potbelly stove;slot machine;squat dingloid;mini dingloid; /,ancient wall,ancient tile,-,,,3,2,FALSE,Pupas,guuuuAY,Ramsès,nom d'un...,Viktor,rrr-awau,Felice,ossorrr,Lucky,Lazy,DOG3,066
E043,Portia,,Dog,Domineering,Female,ruffian,polar fleece,elegant umbrella,white knight;antique clock;exotic lamp;regal vanity;regal dresser;phonograph;regal chair;regal table;houndstooth knit;neo-classic knit;lacy parasol; /,stately wall,tartan rug,Café K.K.,,,5,0,TRUE,Amanda,ruf-ruf,Dalma,brutus,Isolde,frechi,Porzia,ronfietto,Portia,Snooty,DOG4,067
E044,Maddie,,Dog,Peppy,Female,yippee,fetching outfit,pastel parasol,cabana wardrobe;computer;gold stereo;pachira;conga drum;classic sofa;cabana bed;bromeliaceae;mega fizzoid;round cactus;mini fizzoid;sunny parasol;gingham parasol; /,cabana wall,music room floor,K.K. Fusion,,,2,0,TRUE,Martina,chupi,Olympe,youp,Agnes,hurra,Marina,yuuuppii,Maddie,Peppy,DOG5,068
E045,Butch,,Dog,Scary,Male,ROOOOOWF,houndstooth knit,classic umbrella,modern cabinet;green golf bag;bromeliaceae;strange painting;modern table;billiard table;gold stereo;modern sofa;corn plant;nebuloid;noble shirt;BB shirt; /,concrete wall,modern tile,K.K. Fusion,,,5,2,TRUE,Bruno,gruf-gruf,Avril,filou,Hasso,GRRUFF,Attila,ROOOOOF,Butch,Cranky,DOG7,069
E046,Bill,,Duck,Briskly,Male,quacko,No.2 shirt,dainty parasol,exotic wardrobe;coconut palm;exotic bench;coconut palm;exotic end table;loach;darner dragonfly;exotic table;arowana;giant beetle;birdcage;phonograph; / exotic lamp;brown cicada;,lattice wall,kitchen tile,K.K. Reggae,,,1,0,TRUE,Paquito,cuaco,Choco,cââânon,Bill,quako,Gino,quaqua,Bill,Jock,DUK0,070
E047,Pompom,,Duck,Peppy,Female,rah rah,No.4 shirt,berry umbrella,reel-to-reel;round cactus;tall cactus;stove;refrigerator;nebuloid;iris chair;tulip table;iris chair;train set;kitschy clock;owl clock; /,kitchen wall,kitschy tile,K.K. Jazz,,,4,4,TRUE,Flopi,sinplumas,Pompon,dis,Erika,krah,Erica,quoquiquà,Pompom,Peppy,DUK1,071
E048,Joey,,Duck,Absent-minded,Male,bleeeeeck,No.3 shirt,leaf umbrella,sprinkler;sprinkler;backyard pool;sprinkler;sprinkler;red boom box; /,blue tarp,daisy meadow,Rockin' K.K.,,,2,3,TRUE,Pascual,uac-uac,Joseph,mon lascar,Kalle,tschiiirp,Pino,squack,Joey,Lazy,DUK2,072
E049,Scoot,,Duck,Briskly,Male,zip zoom,frog shirt,flame umbrella,crucian carp;pond smelt;piranha;small bass;pop machine;soda machine;white boom box;cabana armchair;corn plant;corn plant;mini lamentoid;mega lamentoid;mega lamentoid;mini lamentoid; /,cabin wall,shanty mat,K.K. Calypso,,,3,3,TRUE,Chema,zapizum,Scooter,zak zak,Helmut,flitzer,Guizzo,zip zoom,Scoot,Jock,DUK3,073
E04A,Derwin,,Duck,Absent-minded,Male,derrrr,yellow bar shirt,orange umbrella,trilobite;ammonite;teacher's desk;writing chair;computer;teacher's desk;tricera torso;globe;mini metatoid;coelacanth;metatoid;fan palm;lady palm;round cactus;cactus; / purple butterfly;mantis;catfish;arowana;,library wall,tartan rug,-,,,3,4,TRUE,Torcuato,cuato,Prof,pouik,Erwin,krook,Mike,quaccolo,Derwin,Lazy,DUK4,074
E04B,Freckles,,Duck,Peppy,Female,ducky,oft-seen print,mod umbrella,toilet;scale;pop machine;cabana screen;pothos;lawn chair;lawn chair;caladium;bear pole;pachira;white boom box; /,green wall,bamboo flooring,K.K. Calypso,,,2,1,TRUE,Rebeca,cui-cuá,Caro,mon canard,Quacks,quaak,Semola,qua qua,Freckles,Peppy,DUK5,075
E04C,Paolo,,Elephant,Absent-minded,Male,pal,cherry shirt,mod umbrella,kiddie clock;kiddie bookcase;elephant slide;table tennis;slot machine;elephant slide;wobbelina;garbage can;dice stereo;refrigerator; /,playroom wall,kiddie carpet,K.K. March,,,3,2,TRUE,Paolo,amigante,Paolo,fanfan,Paolo,kumpel,Paolino,pistaaaa,Paolo,Lazy,ELP0,076
E04D,Dizzy,,Elephant,Absent-minded,Male,woo-oo,No.5 shirt,gelato umbrella,elephant slide;one-ball shirt;alarm clock;ranch bed;mini dingloid;mega timpanoid;mega lamentoid;blue chair;train set;toilet; /,wood paneling,backyard lawn,-,,,2,1,TRUE,Quique,naricita,Pachy,pardi,Bastian,taraaaa,Annibale,ullà,Dizzy,Lazy,ELP1,077
E04E,Axel,,Elephant,Briskly,Male,WHONK,fresh shirt,retro umbrella,dingloid;rhythmoid;ebony piano;rustoid;timpanoid;djimbe drum;conga drum;conga drum;timpano drum;lady palm;rubber tree;dracaena;lady palm; /,ivy wall,daisy meadow,-,,,2,0,TRUE,Eustakio,ankagua,Axel,splaf,Axel,TUUUUT,Sandro,SBONK,Axel,Jock,ELP2,078
E04F,Emerald,,Frog,Normal,Female,sproing,frog shirt,lotus parasol,green bench;green lamp;owl clock;mega croakoid;mini croakoid;green table;polka parasol;daffodil parasol;blue umbrella;pothos;tall croakoid;croakoid;elegant umbrella; / popeyed goldfish;,blue-trim wall,kitchen tile,-,,,4,0,TRUE,Espe,esproing,Emeraude,sproiiing,Emma,boioioing,Smeralda,boing,Emerald,Normal,FLG0,079
E050,Tad,,Frog,Briskly,Male,sluuuurp,one-ball shirt,sharp umbrella,elephant slide;backyard pool;elephant slide;froggy chair;mini squelchoid;froggy chair;mega dinkoid;lily-pad table;mini buzzoid;tall croakoid;froggy chair;lily-pad table; / goldfish;,playroom wall,kitchen flooring,-,,,4,3,TRUE,Saltonio,zump,Rénato,beurp,Paul,schlürpf,Achille,sluuuurp,Tad,Jock,FLG1,080
E051,Wart Jr,,Frog,Scary,Male,grr-ribbit,static shirt,leaf umbrella,aloe;bell cricket;tall bovoid;garden pond;snake plant;pine cricket;cricket;mega bovoid;garden pond;garden pond;mega bovoid; /,old brick wall,sandlot,-,,,3,2,TRUE,Saponcio,grroac,Crakos,côa côa,Warzi,grupap,Porro,cracragnam,Wart Jr,Cranky,FLG2,081
E052,Cousteau,,Frog,Briskly,Male,oui oui,rally shirt,noodle parasol,exotic bureau;reel-to-reel;exotic bed;exotic chair;exotic chest;exotic chair;exotic table;exotic wardrobe;exotic screen;lady palm; /,exotic wall,exotic rug,K.K. Reggae,,,4,4,TRUE,Cousteau,oui oui,Figaro,bidule,Jacques,"oui, oui",Jacques,et voilà,Cousteau,Jock,FLG3,082
E053,Puddles,,Frog,Peppy,Female,splish,lovely shirt,berry umbrella,cabana lamp;ranch wardrobe;stove;toilet;refrigerator;orange box;lawn chair;tape deck; / gerbera;,lunar horizon,daisy meadow,K.K. Ballad,,,1,0,TRUE,Nenúfar,esplís,Rénata,bing bing,Nele,platschi,Grazia,splash,Puddles,Peppy,FLG4,083
E054,Lily,,Frog,Normal,Female,toady,neo-classic knit,petal parasol,fan;stove;refrigerator;froggy chair;froggy chair;froggy chair;red boom box;large bass;lily-pad table;lily-pad table;lily-pad table;froggy chair;garbage can;water bird;garbage can; / bitterling;,mod wall,ceramic tile,K.K. Salsa,,,4,1,TRUE,Lili,mosquita,Raina,moustique,Liliane,kröti,Gigliola,gragragra,Lily,Normal,FLG5,084
E055,Jeremiah,,Frog,Absent-minded,Male,nee-deep,sunset top,Nintendo parasol,white boom box;mega squelchoid;table tennis;froggy chair;lily-pad table;garden pond;crewel shirt;chevron shirt;oft-seen print;kiwi shirt;leaf umbrella;shirt circuit; /,bamboo wall,red tile,K.K. Mambo,,,4,2,TRUE,Jeremías,croc-croc,Jérémie,j'crôôa,Jörg,nidip,Geremia,fri fri,Jeremiah,Lazy,FLG6,085
E056,Huck,,Frog,Absent-minded,Male,hopper,melon gingham,sunny parasol,cello;ebony piano;pine chair;corn plant;pine table;pine table;pine chair;pine chair;corn plant;pine chair;turntable; /,plaza wall,parquet floor,K.K. Jazz,,,3,3,TRUE,Ricardo,grillito,Bajoue,nouille,Knuth,hops,Berto,hophop,Huck,Lazy,FLG7,086
E057,Camofrog,,Frog,Scary,Male,ten-hut,MVP shirt,batbrella,oil drum;green drum;tricera skull;piranha;office locker;CD player;folding chair;refrigerator;modern sofa;garbage can; /,concrete wall,office flooring,K.K. Rock,,,2,3,TRUE,Comando,recluta,Milos,kôa,Tarno,quak-quak,Crambo,attacroak,Camofrog,Cranky,FLG8,087
E058,Ribbot,,Frog,Briskly,Male,zzrrbbit,pulse shirt,blue umbrella,lunar lander;rocket;Spaceman Sam;slim quazoid;tall quazoid;lunar rover;asteroid;space shuttle;satellite; /,lunar horizon,lunar surface,-,,,1,1,FALSE,Ranobot,crobit,Crabot,clic clic,Robbi,quarrrk,Ranabot,cracrà,Ribbot,Jock,FLG9,088
E059,Prince,,Frog,Absent-minded,Male,burrup,yellow bar shirt,leaf umbrella,rock guitar;red armchair;high-end stereo;red armchair;white king;red armchair;red armchair;ivory piano;ebony piano;red armchair;red armchair;black queen;red armchair;red armchair;folk guitar; /,mod wall,diner tile,K.K. Soul,,,3,1,TRUE,Felipe,buuurp,Prince,boïïïïïng,Prinz,gurp,Principe,berp,Prince,Lazy,FLGA,089
E05A,Jambette,,Frog,Normal,Female,croak-kay,prism shirt,ribbon parasol,mega sproid;kiddie couch;mega drilloid;mini drilloid;mega sproid;train set;mega drilloid;gelato umbrella; /,kiddie wall,modern tile,-,,,5,4,TRUE,Anquita,croac,Gambette,quoi,Jeanette,quaacki,Giada,crok-ok,Jambette,Normal,FLGB,090
E05B,Billy,,Goat,Briskly,Male,dagnaabit,sharp outfit,classic umbrella,toilet;toilet;exotic screen;exotic screen;toilet;toilet;exotic screen;exotic screen;soda machine;toilet;trash bin;aloe;exotic screen; /,exotic wall,mosaic tile,-,,,3,4,TRUE,Brito,fenómeno,Seguin,eh bââlèze,Hennes,o-o-ja-a-a,Billy,sorbeeelli,Billy,Jock,GOA0,091
E05C,Chevre,,Goat,Normal,Female,la baa,natty shirt,gingham parasol,regal bookcase;fresh shirt;Mama bear;jade econo-chair;Papa bear;white boom box;petal parasol;petal parasol; /,plaza wall,classic carpet,K.K. Chorale,,,5,3,TRUE,Cabriola,beee-beee,Biquette,bêêêêê,Anette,määääh,Diletta,beeello,Chevre,Normal,GOA1,092
E05D,Iggy,,Goat,Briskly,Male,paaally,white ring shirt,sharp umbrella,quince bonsai;samurai suit;samurai suit;pine bonsai;red vase;phonograph;tea vase; /,manor wall,18 mat tatami,K.K. Folk,,,3,0,TRUE,Montés,coleguiita,Cabri,mon jojo,Georg,kumpel,Caprice,salameee,Iggy,Jock,GOA2,093
E05E,Gruff,,Goat,Scary,Male,bleh eh eh,big star shirt,flame umbrella,folk guitar;country guitar;rock guitar;jukebox;kitschy clock;ivory piano;bass;modern sofa;extinguisher;pothos; /,stone wall,modern tile,Only Me,,,5,4,TRUE,Sátiro,zampoña,Grognon,hé bêêê,Siggi,mähmääh,Capriolé,bleh eh,Gruff,Cranky,GOA3,094
E05F,Sven,,Goat,Absent-minded,Male,buh-uh-ud,desert camo,paper parasol,covered wagon;covered wagon;covered wagon;covered wagon;bonfire;covered wagon;covered wagon;chowder;poltergoid;saddle fence;saddle fence;mini metatoid; /,meadow vista,sandlot,-,,,3,4,TRUE,Sven,buuueeeeh,Sven,beuh-heu,Sven,moooh,Giacobbe,bee eh,Sven,Lazy,GOA4,095
E060,Velma,,Goat,Domineering,Female,blih,cool shirt,mod umbrella,fine painting;lady palm;classic clock;perfect painting;rare painting;space heater;classic sofa;common painting;dainty painting;fan palm;amazing painting;phonograph;globe; /,library wall,checkered tile,Café K.K.,,,5,1,FALSE,Erika,veráaas-tú,Véra,tu vois,Wilma,mecker,Belinda,blip,Velma,Snooty,GOA5,096
E061,Jane,,Gorilla,Domineering,Female,chimp,rainbow shirt,sunny parasol,pop machine;apple TV;retro stereo;tulip chair;cream sofa;daffodil table;orange tie-dye;iris table;Jingle shirt;tulip table;rainbow shirt;lovely lamp; /,kitschy wall,kitschy tile,K.K. Soul,,,2,4,TRUE,Jane,chimpa,Jane,ouistiti,Jane,freund,Jane,scimmietta,Jane,Snooty,GOR0,097
E062,Cesar,,Gorilla,Scary,Male,highness,two-ball shirt,bumbershoot,regal lamp;regal sofa;phonograph;tall alloid;tall strumboid;tall poltergoid;tall echoid;bromeliaceae;white pawn;white pawn;bromeliaceae; /,plaza wall,regal carpet,K.K. Casbah,,,2,3,TRUE,César,monigote,César,sapajou,Alfredo,hoheit,Cesare,dado,Cesar,Cranky,GOR1,098
E063,Louie,,Gorilla,Briskly,Male,toots,li'l bro's shirt,petal parasol,cabin clock;round cactus;cabin armchair;cabin table;mini bowtoid;mega bowtoid;conga drum;conga drum;djimbe drum;bear pole;timpano drum;keg; /,wood paneling,cabin rug,-,,,2,1,TRUE,Lou,angaua,Louis,macaque,Ludwig,kollege,Lou,tutù,Louie,Jock,GOR2,099
E064,Peewee,,Gorilla,Scary,Male,li'l dude,five-ball shirt,leaf umbrella,samurai suit;mega timpanoid;high-end stereo;rustoid;samurai suit;exotic bed;taiko drum;taiko drum; /,concrete wall,concrete floor,K.K. Casbah,,,1,1,TRUE,Lotar,cani,Gogo,ouistiti,Manfred,zwerg,Kong,baaanane,Peewee,Cranky,GOR3,100
E065,Rollo,,Hippo,Absent-minded,Male,beaulch,whirly shirt,dainty parasol,metatoid;maple bonsai;samurai suit;plum bonsai;ponderosa bonsai;tall percoloid;glass-top table;tiki torch;tiki torch; /,old brick wall,shanty mat,-,,,3,4,TRUE,Hipo,hip-hip,Hippo,que diable,Winfried,rülps,Rollo,trippo,Rollo,Lazy,HIP0,101
E066,Bubbles,,Hippo,Peppy,Female,hipster,crossing shirt,plaid parasol,mega dekkoid;apple TV;apple clock;pear wardrobe;round cactus;dekkoid;mini dekkoid;watermelon table;melon chair;watermelon chair;pineapple bed;petal parasol;tall cactus;berry umbrella;orange umbrella; / Nook's portrait;,citrus wall,citrus carpet,-,,,1,2,TRUE,Hipólita,hippie,Hippy,hip hop là,Christin,blupper,Ippolita,hiippy,Bubbles,Peppy,HIP1,102
E067,Bertha,,Hippo,Normal,Female,bloop,pink tartan,gingham parasol,rare painting;gold stereo;modern bed;bromeliaceae;modern chair;modern end table;modern chair;cello;vibraphone;aloe; /,blue wall,stone tile,K.K. Cruisin',,,5,3,TRUE,Berta,glub-glub,Bertha,coolos,Berta,blubber,Umberta,blup,Bertha,Normal,HIP2,103
E068,Elmer,,Horse,Absent-minded,Male,tenderfoot,gaudy sweater,gelato umbrella,phonograph;strange painting;regal chair;regal chair;regal table;regal chair;regal chair;ranch couch;classic clock; /,arched window,opulent rug,K.K. Waltz,,,1,3,TRUE,Jacinto,pezuñitas,Martin,hein,Emil,anfänger,Oreste,pinopino,Elmer,Lazy,HRS0,104
E069,Winnie,,Horse,Peppy,Female,hay-OK,cow print,gingham parasol,lovely stereo;lovely vanity;lovely dresser;lovely armoire;lovely chair;lovely lamp;Mama bear;lovely end table;lovely bed;lovely table;lovely armchair; / gerbera;,lovely wall,lovely carpet,K.K. Bossa,,,4,0,TRUE,Soonia,okeimakei,Anne,youp là,Walli,heu-ja,Clara,biadina,Winnie,Peppy,HRS1,105
E06A,Savannah,,Horse,Normal,Female,y'all,deep blue tee,icy umbrella,lady palm;cabana armchair;retro stereo;cabana armchair;corn plant;caladium;cabana screen;birdcage;conga drum;conga drum; /,plaza wall,red tile,K.K. Salsa,,,5,3,TRUE,Sabana,azucarillo,Savana,tabada,Zara,wichichi,Savannah,hip hip,Savannah,Normal,HRS2,106
E06B,Ed,,Horse,Briskly,Male,greenhorn,rickrack shirt,checked umbrella,modern bed;modern chair;gold stereo;modern dresser;modern wardrobe;modern desk;globe;modern sofa;modern table;modern end table; / modern lamp;,modern wall,modern tile,K.K. Ballad,,,5,2,TRUE,Crinaldo,jo-joy,Edouard,tagada,Hermann,greenhorn,Codino,pirulì,Ed,Jock,HRS3,107
E06C,Cleo,,Horse,Domineering,Female,sugar,silk bloom shirt,icy umbrella,corn plant;croton;retro stereo;rubber tree;weeping fig;aloe;bromeliaceae;mermaid statue;cabana screen;cabana lamp;cabana vanity;wee dingloid;mini lullaboid; /,mosaic wall,mosaic tile,K.K. Bossa,,,1,4,TRUE,Cleo,bomboncito,Cléa,beauté,Birgit,plätzchen,Susanna,dolcetto,Cleo,Snooty,HRS4,108
E06D,Peaches,,Horse,Normal,Female,neighbor,lite polka shirt,berry umbrella,letter cubby;windsock shirt;windsock shirt;water bird;wobbelina;elephant slide;kiddie stereo;squelchoid;mega squelchoid;mini squelchoid; /,kiddie wall,playroom rug,Señor K.K.,,,4,4,TRUE,Perla,niiiih,Prune,mustang,Claire,nachbar,Ronzina,oh mamma,Peaches,Normal,HRS5,109
E06E,Buck,,Horse,Briskly,Male,pardner,eight-ball shirt,sharp umbrella,phonograph;leather jerkin;antique clock;exotic chest;ranch couch;classic table;ranch armchair;exotic screen;space heater;tea vase; /,old brick wall,opulent rug,K.K. Casbah,,,1,0,TRUE,Trotón,zanahoria,Daniel,garnement,Rudi,wiehie,Trottolo,cowboy,Buck,Jock,HRS6,110
E06F,Carrie,,Kangaroo,Normal,Female,little one,toad print,gingham parasol,executive toy;glow clock;stove;refrigerator;rubber tree;green table;jade econo-chair;gold econo-chair;ruby econo-chair;tall harmonoid;mini gargloid;water bird; / tea set;,kitchen wall,kitchen flooring,-,,,4,1,FALSE,Lola,bebé,Kanga,bébé,Carola,zwerg,Taschina,gnegné,Carrie,Normal,KGR0,111
E070,Mathilda,,Kangaroo,Domineering,Female,wee baby,U R here shirt,elegant umbrella,classic clock;slot machine;slot machine;slot machine;slot machine;corn plant;billiard table;classic sofa;classic table;checkered shirt;checkerboard tee;jukebox; /,green wall,checkered tile,K.K. Ragtime,,,1,3,FALSE,Pugilda,peso mosca,Mathilde,mon doudou,Marga,knirps,Matilda,oplà,Mathilda,Snooty,KGR1,112
E071,Marcy,,Kangaroo,Peppy,Female,young 'un,snowcone shirt,polka parasol,toilet;apple clock;tape deck;daffodil table;tulip chair;mini timpanoid;mini alloid;mini poltergoid;mini fizzoid; /,exotic wall,tropical floor,Aloha K.K.,,,2,2,FALSE,Marsu,pimpollo,Marcia,mon bébé,Marie,kerlchen,Marzia,bebè,Marcy,Peppy,KGR2,113
E072,Kitt,,Kangaroo,Normal,Female,child,moody blue shirt,orange umbrella,turntable;classic cabinet;ebony piano;classic table;classic chair;exotic bench;classic chair;classic desk;weeping fig; /,arched window,birch flooring,K.K. Chorale,,,4,0,FALSE,Antípoda,mi alma,Poquette,p'tit môme,Kerstin,kindchen,Kitt,cucciolo,Kitt,Normal,KGR3,114
E073,Valise,,Kangaroo,Domineering,Female,tadder,rose shirt,pastel parasol,phonograph;regal lamp;classic bed;regal lamp;cello;classic painting;weeping fig;regal sofa;dainty painting;perfect painting; /,regal wall,tartan rug,K.K. Etude,,,4,2,FALSE,Ana Rosa,personilla,Pochette,p'tit bout,Elke,krabbel,Pochette,bonjour,Valise,Snooty,KGR4,115
E074,Astrid,,Kangaroo,Domineering,Female,my pet,star shirt,flame umbrella,regal lamp;regal chair;office locker;amazing painting;regal bed;high-end stereo;rock guitar;regal sofa;haz-mat barrel;orange cone;extinguisher; /,stately wall,steel flooring,The K. Funk,,,3,0,FALSE,Astrid,mascotita,Astrid,mon étoile,Astrid,schmusi,Stella,fagotto,Astrid,Snooty,KGR5,116
E075,Sydney,,Koala,Normal,Female,sunshine,big dot shirt,polka parasol,cabin dresser;kitschy clock;rickrack shirt;red grid shirt;red boom box;cabin couch;Mama bear;cabin table;aloe;cabin armchair;cabin armchair;rubber tree; /,cabin wall,green rug,K.K. Jazz,,,2,4,TRUE,Sidney,súper,Koaline,mon trésor,Silke,sternchen,Sidney,calipto,Sydney,Normal,KAL0,117
E076,Gonzo,,Koala,Scary,Male,mate,earthy knit,batbrella,boxing barricade;boxing barricade;boxing barricade;boxing barricade;boxing barricade;boxing barricade;mega freakoid;orange box;boxing barricade;boxing barricade;boxing barricade;boxing barricade; / judge's bell;,ringside seating,8 mat tatami,-,,,3,1,TRUE,Bronco,jorf-jorf,Gonzo,galopin,Heribert,partner,Gonzo,dinamite,Gonzo,Cranky,KAL1,118
E077,Ozzie,,Koala,Absent-minded,Male,ol' bear,giraffe print,leaf umbrella,letter cubby;folding chair;office locker;righty desk;righty desk;chalk board;righty desk;righty desk;tape deck;metronome;bus stop; /,music room wall,music room floor,Mr. K.K.,,,1,2,TRUE,Koloa,osete,Koko,koa là là,Oskar,altes,Ozzy,ulabadula,Ozzie,Lazy,KAL2,119
E078,Yuka,,Koala,Domineering,Female,tsk tsk,citrus gingham,daffodil parasol,regal vanity;turntable;regal chair;regal chair;regal bookcase;regal table;regal chair;regal chair;classic painting;ivory piano;pothos;dainty painting; /,classic wall,parquet floor,Soulful K.K.,,,5,4,TRUE,Yuka,pues,Yuka,piououh,Ute,grins,Yuka,tsé tsé,Yuka,Snooty,KAL3,120
E079,Huggy,,Koala,Peppy,Female,bear,jade check print,ribbon parasol,metronome;plinkoid;lovely armchair;plinkoid;hi-fi stereo;lovely armchair;plinkoid;ebony piano;lovely end table;pothos; /,cabana wall,exotic rug,K.K. March,,,1,2,TRUE,Mimí,osi-cosi,Tina,nounours,Heike,bärchen,Colette,coalilà,Huggy,Peppy,KAL4,121
E07A,Rex,,Lion,Absent-minded,Male,cool cat,blue pinstripe,polka parasol,classic cabinet;classic bed;mega timpanoid;classic clock;white queen;weeping fig;black pawn;classic table;classic sofa;mini fizzoid; /,manor wall,opulent rug,-,,,1,2,TRUE,Leoncio,melenas,Léo,lionceau,Rex,coolcat,Rex,grrringo,Rex,Lazy,LON0,122
E07B,Aziz,,Lion,Briskly,Male,RAWR,Anju's shirt,twig parasol,lady palm;fan palm;Merlion;lady palm;caladium;birdcage;exotic end table;exotic bench;dracaena;phonograph;exotic screen;fan palm;fan palm;rubber tree;lady palm;pothos;bromeliaceae;corn plant; /,imperial wall,mossy carpet,Lucky K.K.,,,3,2,TRUE,Leonardo,aborigen,Aziz,zigoto,Daniel,RRAAHH,Lionello,ROAR,Aziz,Jock,LON1,123
E07C,Leopold,,Lion,Briskly,Male,lion cub,noble shirt,classic umbrella,classic hutch;classic wardrobe;weeping fig;classic clock;classic vanity;classic bed;classic sofa;classic table;mega harmonoid;classic desk;classic chair;bass;harmonoid; /,classic wall,classic carpet,-,,,5,1,TRUE,Leopoldo,fiera,Lionel,minus,Leopold,löwieh,Leopold,sonré,Leopold,Jock,LON2,124
E07D,Samson,,Mouse,Briskly,Male,pipsqueak,airy shirt,orange umbrella,melon chair;watermelon chair;dice stereo;mega plinkoid;kitschy clock;watermelon shirt;Nintendo parasol;melon shirt;slim nebuloid;large bass;water bird; /,citrus wall,kiddie carpet,K.K. Ballad,,,1,1,TRUE,Sansón,flojeras,Samson,squouiiiik,Samson,pieeeps,Sansone,pisquak,Samson,Jock,MUS0,125
E07E,Penny,,Mouse,Peppy,Female,ska-WEAK,subdued print,leaf umbrella,tape deck;office desk;potbelly stove;office chair;folding chair;modern bed;manhole cover;garbage can;garbage can; /,old brick wall,charcoal tile,K.K. Parade,,,5,1,TRUE,Penélope,carambita,Barbara,oh pétard,Susi,piiquie,Moretta,squit,Penny,Peppy,MUS1,126
E07F,Dora,,Mouse,Normal,Female,squeaky,sharp outfit,sharp umbrella,hinaningyo;Maki figurine;Naomi figurine;ponderosa bonsai;quince bonsai;glass-top table;tape deck;tall lantern;blue vase;deer scare;tall lantern; / goldfish;,tea room wall,18 mat tatami,Soulful K.K.,,,3,0,TRUE,Dori,cuiqui,Dora,pauv' chou,Dora,quieek,Serena,squiksquik,Dora,Normal,MUS2,127
E080,Chico,,Mouse,Absent-minded,Male,cheeeese,blue check print,Nintendo parasol,red vase;tea vase;timpanoid;pond lantern;exotic bureau;exotic chest;reel-to-reel;exotic bench;lady palm;djimbe drum;exotic end table; / ponderosa bonsai;,exquisite wall,charcoal tile,K.K. Faire,,,5,2,TRUE,Chico,quesito,Rapido,ma croûte,Pablo,griiins,Ciro,caciotta,Chico,Lazy,MUS3,128
E081,Candi,,Mouse,Peppy,Female,sweetie,ancient knit,petal parasol,daisy shirt;blossom shirt;apple TV;funky dot shirt;apple clock;lovely shirt;red sofa;red armchair;lovely stereo;snake plant;mini dekkoid;mini tootoid; /,rose wall,kitschy tile,K.K. Calypso,,,4,0,TRUE,Chuchi,petisú,Sucrette,chaton,Renate,schatzi,Mella,squitto,Candi,Peppy,MUS4,129
E082,Rizzo,,Mouse,Scary,Male,squee,lavender robe,hypno parasol,blue vase;exotic screen;exotic screen;red vase;Aiko figurine;Maki figurine;Emi figurine;Naomi figurine;Yoko figurine;Maki figurine;tall gongoid;Yuki figurine;Aiko figurine;tall lamentoid;tall dingloid;tall strumboid;standing stone;mossy stone;stone couple; /,gold screen wall,old flooring,-,,,3,2,FALSE,Ratolón,ñiiiik,Sourizzi,nouik,Ricky,fieps,Rizzo,squiii,Rizzo,Cranky,MUS5,130
E083,Anicotti,,Mouse,Peppy,Female,cannoli,desert shirt,berry umbrella,Papa bear;Mama bear;regal chair;regal chair;weeping fig;dainty painting;vibraphone;hi-fi stereo;mini gargloid;bass; /,rose wall,ornate rug,K.K. Aria,,,1,0,TRUE,Clorinda,orejitas,Annie,dis donc,Eva,piepser,Squitta,cippoli,Anicotti,Peppy,MUS6,131
E084,Limberg,,Mouse,Scary,Male,squinky,thunder shirt,twig parasol,garden stone;exotic screen;exotic screen;garden stone;mini dingloid;tall oombloid;tall percoloid;wee dingloid;taiko drum;taiko drum;dark stone;dark stone;shrine lantern;samurai suit;reel-to-reel;shrine lantern; /,mortar wall,sand garden,K.K. Folk,,,3,1,TRUE,Camember,caramba,Gruyère,gasp,Rafael,pfiffikus,Rosico,squick,Limberg,Cranky,MUS7,132
E085,Carmen,,Mouse,Domineering,Female,bumpkin,ribbon shirt,petal parasol,round cactus;green counter;red sofa;tall cactus;red armchair;mini drilloid;mini plinkoid;pineapple bed;pineapple bed;toilet;apple TV;extinguisher; /,kitschy wall,kitschy tile,-,,,1,3,TRUE,Carmen,bolilla,Carmen,mamour,Carmen,äpfelchen,Carmen,buffetto,Carmen,Snooty,MUS8,133
E086,Octavian,,Octopus,Scary,Male,sucker,big star shirt,hypno parasol,Master Sword;garden stone;stone couple;dark stone;extinguisher;stone couple;flying saucer;garden stone;robo-stereo;standing stone;garden stone;dark stone;standing stone;garden stone;N logo; /,lunar horizon,sandlot,K.K. D & B,,,3,1,FALSE,Octavio,chupatinta,Octave,sapristi,Ottfried,dummkopf,Ottavio,perdindi,Octavian,Cranky,OCT0,134
E087,Sandy,,Ostrich,Normal,Female,speedy,blue scale shirt,gelato umbrella,oil drum;lunar lander;squat nebuloid;mega harmonoid;mega sputnoid;green drum;rocket;iron frame;manhole cover;jackhammer;green drum;men at work sign;saw horse;jersey barrier;jersey barrier; /,desert vista,Saharah's desert,-,,,3,3,FALSE,Priscila,fiuuun,Ottie,euh quoi,Sandra,flottilda,Alessia,vruum,Sandy,Normal,OST0,135
E088,Sprocket,,Ostrich,Briskly,Male,zort,No.67 shirt,flame umbrella,blue corner;boxing barricade;boxing barricade;red corner;mini plinkoid;mega plinkoid;office locker;judge's bell;robo-clock;robo-stereo;folding chair;folding chair;lunar rover;flagman sign;extinguisher;cement mixer;orange cone; /,industrial wall,concrete floor,K.K. Technopop,,,4,3,FALSE,Ráfaga,chiuuun,Laflèche,pik pik,Lutz,affenzahn,Frankie,niiun,Sprocket,Jock,OST1,136
E089,Rio,,Ostrich,Peppy,Female,li'l chick,red scale shirt,dainty parasol,bear pole;cactus;gold stereo;timpano drum;country guitar;cabana lamp;mini clankoid;mega percoloid;cabana chair;mini rhythmoid;conga drum;conga drum;vibraphone; /,wood paneling,cabana flooring,K.K. Samba,,,1,4,FALSE,Rio,sambasamba,Estrella,bon bref,Verona,küken,Rita,bocconcino,Rio,Peppy,OST2,137
E08A,Queenie,,Ostrich,Domineering,Female,chicken,laced shirt,lacy parasol,black rook;phonograph;classic sofa;white rook;black knight;white knight;black king;black pawn;white pawn;white king;black queen;black pawn;white pawn;white queen;black bishop;black pawn;white pawn;white bishop;black rook;white rook; /,backgammon wall,chessboard rug,K.K. Gumbo,,,5,0,FALSE,Marujita,gallina,Reine,pipelette,Isabella,hühnchen,Regina,polpetta,Queenie,Snooty,OST3,138
E08B,Apollo,,Eagle,Scary,Male,pah,zipper shirt,paper parasol,regal bookcase;black knight;white queen;hi-fi stereo;billiard table;modern desk;modern sofa;houndstooth knit;trilobite;dracaena;ammonite; /,classic wall,tartan rug,Soulful K.K.,,,1,0,TRUE,Apolo,rapaz,Apollon,dubec,Apollo,ahhh,Apollo,pah,Apollo,Cranky,PBR0,139
E08C,Buzz,,Eagle,Scary,Male,captain,racer 6 shirt,twig parasol,black king;black rook;black pawn;white pawn;white rook;white king;country guitar;rock guitar;blue bench;red boom box;garbage can;dracaena;flame umbrella; /,ivy wall,slate flooring,The K. Funk,,,3,1,TRUE,Nabar,cadete,Phébus,minot,Balduin,käpten,Golia,capo,Buzz,Cranky,PBR1,140
E08D,Quetzal,,Eagle,Briskly,Male,SKREEE,rally shirt,yellow umbrella,bear pole;eagle pole;cabin chair;cabin chair;exotic shirt;cabin table;jukebox;tall cactus;cactus;cabin bed; /,meadow vista,cowhide rug,K.K. Western,,,2,4,TRUE,Quetzal,cuiii,Quetzal,couêêêtzal,Enrique,KRIKRI,Quetzal,OCCHIO,Quetzal,Jock,PBR2,141
E08E,Amelia,,Eagle,Domineering,Female,eaglet,spiderweb shirt,daffodil parasol,dinosaur track;ammonite;monkey shirt;tape deck;giant snakehead;birdcage;cabin bed;ranch chair;tall puffoid;ranch tea table;cactus;country guitar;aloe;bromeliaceae; /,desert vista,cabin rug,K.K. Condor,,,2,3,TRUE,Amelia,chinchilla,Aurélie,chti milan,Adelheid,adlerauge,Amelia,mini mini,Amelia,Snooty,PBR3,142
E08F,Pierce,,Eagle,Briskly,Male,winger,circus shirt,retro umbrella,regal cupboard;phonograph;regal armoire;regal vanity;regal bed;regal chair;regal table;regal sofa;regal lamp;moving painting; /,regal wall,regal carpet,K.K. Etude,,,5,3,TRUE,Hugo,aguililla,Napoléon,mon aiglon,Adrian,schwinge,Attilio,pronti via,Pierce,Jock,PBR4,143
E090,Roald,,Penguin,Briskly,Male,b-b-buddy,café shirt,daffodil parasol,elephant slide;kiddie clock;puzzling shirt;robo-stereo;mini sproid;space shuttle;train set;gelato umbrella;toilet; /,playroom wall,kiddie carpet,K.K. Parade,,,4,2,TRUE,Bobi,titirito,Reynald,kôôôpain,Roland,k-k-kumpel,Angelino,br-br-brr,Roald,Jock,PGN0,144
E091,Aurora,,Penguin,Normal,Female,b-b-baby,classic top,orange umbrella,lullaboid;harmonoid;nebuloid;dingloid;refrigerator;stove;daffodil chair;iris table;daffodil chair;alarm clock;red boom box;elephant slide;kitschy clock;glow clock;red clock; /,lunar horizon,kitchen tile,K.K. Swing,,,5,0,TRUE,Aurora,pescadito,Aurore,titi,Sonja,b-bestens,Aurora,b-b-baby,Aurora,Normal,PGN1,145
E092,Hopper,,Penguin,Scary,Male,slushie,dragon suit,flame umbrella,cabin chair;cabin chair;bear pole;eagle pole;cabin low table;mega timpanoid;gongoid;mini rustoid;raven pole;frog woman pole;barrel;round cactus;barrel; /,cabin wall,cowhide rug,-,,,2,0,TRUE,Güiñón,esploch,Victor,mon zozio,Hauke,slaschi,Pinguaio,sguish,Hopper,Cranky,PGN2,146
E093,Cube,,Penguin,Absent-minded,Male,d-d-dude,G logo shirt,petal parasol,robo-clock;tulip chair;apple TV;iris chair;daffodil chair;robo-stereo;squat nebuloid;plinkoid;tall quazoid;round cactus;mini dinkoid;round cactus;round cactus; /,mod wall,diner tile,K.K. Technopop,,,3,4,TRUE,Cube,waap,Cube,m-m-mec,Cube,d-d-dude,Cubetto,brivido,Cube,Lazy,PGN3,147
E094,Puck,,Penguin,Absent-minded,Male,brrrrrrrrr,BB shirt,blue umbrella,blue wardrobe;blue bureau;blue clock;blue bookcase;blue cabinet;water bird;blue dresser;blue bed;blue bench;blue chair;mega plinkoid;blue table;plinkoid;mini plinkoid; /,blue wall,blue flooring,-,,,1,3,TRUE,Fredo,sardinilla,Hervé,brrrrrrrrr,Puck,brrrrrrrrr,Glacido,brrrrrrrrr,Puck,Lazy,PGN4,148
E095,Gwen,,Penguin,Domineering,Female,h-h-h-hon,yellow bolero,lacy parasol,antique clock;fan palm;phonograph;classic chair;classic cabinet;classic sofa;classic table;ebony piano;lacy parasol;checked umbrella; /,plaza wall,plaza tile,Café K.K.,,,1,4,TRUE,Fabiola,crustáceo,Gwen,amour,Judith,ssswetie,Gelinda,a-a-a-amor,Gwen,Snooty,PGN5,149
E096,Friga,,Penguin,Domineering,Female,brrrmph,cozy sweater,lacy parasol,regal bookcase;regal armoire;turntable;cabana lamp;wavy pink shirt;regal chair;regal chair;bubble shirt;regal table;cabana screen;lacy parasol;pastel parasol; / daffodil;,arched window,classic carpet,K.K. Tango,,,2,3,TRUE,Frida,heladito,Friga,frimousse,Frieda,grrmpf,Frida,brrrumf,Friga,Snooty,PGN6,150
E097,Curly,,Pig,Briskly,Male,nyoink,green bar shirt,gelato umbrella,country guitar;coconut palm;cabin bookcase;tape deck;ranch bed;pachira;mini croakoid;tall cactus; /,wood paneling,music room floor,K.K. Reggae,,,2,2,TRUE,Rufueto,ñoink,Tirbou,mon lardon,Oink,oinkoink,Ricciolo,niooink,Curly,Jock,PIG0,151
E098,Truffles,,Pig,Peppy,Female,snoutie,turnip top,polka parasol,lovely kitchen;mega tootoid;mini tootoid;timpano drum;timpano drum;mini tootoid;gold econo-chair;blue table;gold econo-chair;sunset top;gingham parasol;melon shirt; / tea set;,citrus wall,lovely carpet,-,,,4,3,TRUE,Trufas,oink-oink,Trufa,oink oink,Luzie,schnauzie,Grufetta,ficcanaso,Truffles,Peppy,PIG1,152
E099,Spork,,Pig,Absent-minded,Male,snork,jade check print,yellow umbrella,globe;antique clock;chalk board;giant catfish;righty desk;righty desk;lefty desk;righty desk;righty desk;righty desk;bus stop;tape deck; /,classroom wall,backyard lawn,Soulful K.K.,,,2,0,TRUE,Espork,pork,Justin,diantre,Schwarte,grunz,Cicciolo,snork,Spork,Lazy,PIG2,153
E09A,Hugh,,Pig,Absent-minded,Male,snortle,trendy top,orange umbrella,refrigerator;stove;kiddie stereo;alarm clock;kiddie bed;goldfish;kiddie couch;mini sproid;sproid;super toilet; /,plaster wall,diner tile,K.K. Mambo,,,2,1,TRUE,Jacobo,groink,Bonno,groingroin,Hugo,schniff,Jambon,snort,Hugh,Lazy,PIG3,154
E09B,Rasher,,Pig,Scary,Male,swine,fortune shirt,Nintendo parasol,storefront;storefront;storefront;pine cricket;bell cricket;tape deck;glass-top table;well;Chinese lioness;Chinese lion; / quince bonsai;maple bonsai;,shanty wall,charcoal tile,K.K. Faire,,,2,2,TRUE,Curtis,tocino,Salami,ventrebleu,Ede,schweini,Broncio,snoooink,Rasher,Cranky,PIG4,155
E09C,Sue E,,Pig,Domineering,Female,snort,snappy print,elegant umbrella,regal armoire;antique clock;rose shirt;high-end stereo;regal vanity;regal sofa;regal lamp;harp;regal chair;famous painting; /,rose wall,fancy carpet,K.K. Waltz,,,5,3,TRUE,Porcia,piojo,Peguy,groingroin,Sabrina,schnaub,Piggy,oinksnoink,Sue E,Snooty,PIG5,156
E09D,Hambo,,Pig,Briskly,Male,yo,concierge shirt,bumbershoot,writing desk;globe;owl clock;ranch bookcase;writing chair;ponderosa bonsai;space heater;tape deck;vaulting horse; /,modern screen,8 mat tatami,Mr. K.K.,,,3,3,TRUE,Marcial,morcillita,Jambo,pti boudin,Silvio,hajaaa,Zampone,yo,Hambo,Jock,PIG6,157
E09E,Lucy,,Pig,Normal,Female,snoooink,natty shirt,gingham parasol,Mr. Flamingo;Mrs. Flamingo;backyard pool;birdhouse;red boom box;bug zapper;picnic table;hammock; /,backyard fence,backyard lawn,Aloha K.K.,,,4,0,TRUE,Aurelia,esnoink,Lucie,snoooïnk,Larissa,schnoink,Lucy,oink oink,Lucy,Normal,PIG7,158
E09F,Cobb,,Pig,Briskly,Male,hot dog,racer shirt,bumbershoot,apato skull;apato torso;apato tail;amber;trilobite;dinosaur track;ammonite;slim quazoid;giant snakehead;tall nebuloid; /,library wall,checkered tile,-,,,1,4,TRUE,Franfuá,saperlipop,Porken,andouille,Rolo,würstel,Wurst,salsicce,Cobb,Jock,PIG8,159
E0A0,Boris,,Pig,Scary,Male,schnort,Kaffe's shirt,noodle parasol,pothos;croakoid;writing chair;writing desk;computer;mini echoid;brook trout;wide-screen TV;globe;red check shirt;train set;flat stag beetle; /,green wall,ceramic tile,-,,,4,1,TRUE,Boris,oink,Boris,minot,Bolle,grunz,Boris,snort,Boris,Cranky,PIG9,160
E0A1,Bunnie,,Rabbit,Peppy,Female,tee-hee,flicker shirt,daffodil parasol,lovely stereo;lovely lamp;regal vanity;regal bed;red check shirt;berry gingham;lovely chair;lovely end table;Papa bear;ebony piano; /,wood paneling,parquet floor,K.K. Aria,,,2,2,TRUE,Coni,oy-oy-oy,Carla,mon chou,Mimmi,tiihii,Bonny,tiptap,Bunnie,Peppy,RBT0,161
E0A2,Doc,,Rabbit,Absent-minded,Male,old bunny,vertigo shirt,bumbershoot,globe;chalk board;bass (fish);small bass;school desk;school desk;school desk;flip-top desk;cubby hole;tape deck; /,classroom wall,classroom floor,K.K. March,,,1,2,TRUE,Crispín,y tal,Doc,morbleu,Gustl,hasi,Doc,soufflé,Doc,Lazy,RBT1,162
E0A3,Gaston,,Rabbit,Scary,Male,mon chou,swell shirt,Nintendo parasol,science table;speed bag;sandbag;classic clock;piranha;weight bench;hamster cage;weight bench;tiki torch;haz-mat barrel;reel-to-reel;giant catfish; /,basement wall,basement floor,K.K. Dirge,,,3,4,TRUE,Gastón,mon chou,Gaston,mon lapin,Gaston,herzblatt,Gaston,cherì,Gaston,Cranky,RBT2,163
E0A4,Coco,,Rabbit,Normal,Female,doyoing,blossoming shirt,leaf umbrella,well;exotic bench;mega lamentoid;lamentoid;mega gongoid;western fence;saddle fence;western fence;mini lamentoid;garden pond;mossy stone;garden stone;paper parasol;dark stone; /,garden wall,sandlot,-,,,3,2,FALSE,Cocoloca,toin-toin,Coco,doïoïng,Koko,hoppsa,Coco,evviva,Coco,Normal,RBT3,164
E0A5,Gabi,,Rabbit,Peppy,Female,honeybun,waffle shirt,berry umbrella,fan palm;rubber tree;cabana screen;turntable;lady palm;ebony piano;cabana chair;vibraphone;cabana chair;caladium;metronome;bromeliaceae;pachira; /,green wall,birch flooring,K.K. Love Song,,,4,2,TRUE,Piluca,mari,Gaby,ma puce,Gabi,liebling,Gabri,mielito,Gabi,Peppy,RBT4,165
E0A6,Dotty,,Rabbit,Peppy,Female,wee one,blue check shirt,yellow umbrella,toilet;tape deck;garden stone;Moai statue;Moai statue;Moai statue;Moai statue;Moai statue;alarm clock;garden stone; /,tropical vista,tropical floor,Aloha K.K.,,,1,0,TRUE,Katia,trompis,Dorothée,sacrelotte,Doro,uiui,Dotty,caroté,Dotty,Peppy,RBT5,166
E0A7,Genji,,Rabbit,Briskly,Male,otaku,misty shirt,paper parasol,standing stone;tall lantern;stone couple;standing stone;leaning stone;pond lantern;mini gongoid;maple bonsai;mini poltergoid; /,garden wall,sand garden,-,,,3,1,FALSE,Sumo,otaku,Kali,otaku,Aki,goseimas,Genji,otaku,Genji,Jock,RBT6,167
E0A8,Snake,,Rabbit,Briskly,Male,bunyip,zipper shirt,twig parasol,deer scare;oombloid;dark stone;garden pond;low lantern;garden stone;mossy stone;dark stone;quince bonsai;mini strumboid; /,mortar wall,mossy carpet,-,,,3,3,FALSE,Rayo,boin-boing,Jeannot,poiiiiing,Philip,hopplahopp,Razzo,bun bun,Snake,Jock,RBT7,168
E0A9,Claude,,Rabbit,Absent-minded,Male,hopalong,dark polka shirt,blue umbrella,tumbleweed;cow skull;cooler;desert cactus;red boom box;rustoid;campfire;poltergoid;backpack;sleeping bag;desert cactus;cow skull; /,lunar horizon,Saharah's desert,K.K. Lullaby,,,3,0,TRUE,Pablo,hópala,Claude,sans rire,Claude,hüpfauf,Claude,hoppela,Claude,Lazy,RBT8,169
E0AA,Tank,,Rhino,Briskly,Male,kerPOW,No.1 shirt,gelato umbrella,tall lantern;garden stone;exotic table;red vase;blue vase;tall gongoid;exotic bench;garden pond;deer scare;dark stone;mossy stone;taiko drum; / hawthorn bonsai;ponderosa bonsai;,bamboo wall,sandlot,-,,,3,3,TRUE,Aníbal,tapumba,Ben,mon rhino,Frank,wuff,Rinaldo,zamperù,Tank,Jock,RHN0,170
E0AB,Spike,,Rhino,Scary,Male,punk,skull shirt,paper parasol,haz-mat barrel;green drum;jersey barrier;jersey barrier;merge sign;iron frame;tape deck;manhole cover;mega buzzoid;traffic cone;detour arrow;steam roller;men at work sign;saw horse; /,blue tarp,closed road,Surfin' K.K.,,,3,4,TRUE,Cornio,granuja,Rhino,saperlotte,Atze,punk,Bruto,pachi,Spike,Cranky,RHN1,171
E0AC,Tiara,,Rhino,Domineering,Female,lovey,yodel shirt,sunny parasol,regal chair;regal chair;violin;regal lamp;weeping fig;ebony piano;bass;squat nebuloid;nebuloid;tall croakoid;mega croakoid; /,classic wall,checkered tile,-,,,1,3,FALSE,Tiara,amorcito,Tiara,mon hippy,Roswitha,herzchen,Cornelia,dolcezza,Tiara,Snooty,RHN2,172
E0AD,Vesta,,Sheep,Normal,Female,baaaffo,fall plaid shirt,elegant umbrella,aloe;classic clock;turntable;rocking chair;space heater;sewing machine;fetching outfit;spring shirt;gumdrop shirt;botanical shirt;natty shirt;citrus gingham;monkey shirt;folk shirt;deer shirt;comfy sweater;spunky knit; /,ranch wall,backyard lawn,K.K. Steppe,,,1,4,TRUE,Vesta,beeeibi,Hélaine,nunuche,Dolly,bäääh,Lanella,beeeby,Vesta,Normal,SHP0,173
E0AE,Filbert,,Squirrel,Absent-minded,Male,bucko,vogue top,mod umbrella,corn plant;apple TV;pachira;round cactus;froggy chair;lily-pad table;froggy chair;froggy chair;train set;mini croakoid;mega croakoid; /,lunar horizon,citrus carpet,-,,,4,1,TRUE,Filberto,guirlache,Filibert,dugenou,Felix,manno,Scriccio,gnic gnic,Filbert,Lazy,SQU0,174
E0AF,Hazel,,Squirrel,Normal,Female,nutmeg,neo-classic knit,petal parasol,green wardrobe;green dresser;dracaena;ruby econo-chair;jade econo-chair;cabana table;gold econo-chair;cabana screen;red boom box;classic umbrella; / tea set;,blue-trim wall,kitchen tile,K.K. Fusion,,,1,2,TRUE,Praliné,ramita,Noisette,cric crac,Hanne,muskat,Nocciola,nocciolina,Sally,Normal,SQU1,175
E0B0,Peanut,,Squirrel,Peppy,Female,slacker,beatnik shirt,ribbon parasol,refrigerator;stove;tall droploid;tall droploid;green counter;red armchair;dice stereo;cream sofa;barber's pole;oft-seen print; /,citrus wall,kitchen flooring,K.K. Salsa,,,1,1,TRUE,Belinda,almendrita,Rachida,crock,Pia,faulenzer,Rachele,sgronch,Peanut,Peppy,SQU2,176
E0B1,Pecan,,Squirrel,Domineering,Female,chipmunk,red check shirt,checked umbrella,regal bookcase;regal vanity;regal lamp;regal bed;classic painting;hi-fi stereo;silk bloom shirt;dainty painting;common painting;common painting; /,stately wall,stone tile,Café K.K.,,,4,2,TRUE,Camila,piñoncito,Pécan,yes,Noisette,spatzl,Nocina,cipì,Pecan,Snooty,SQU3,177
E0B2,Ricky,,Squirrel,Scary,Male,nutcase,three-ball shirt,batbrella,cabin clock;jukebox;green wardrobe;green counter;cactus;ranch couch;round cactus;classic table;billiard table;ranch armchair; /,manor wall,old flooring,K.K. Western,,,2,2,TRUE,Altramuz,cáscaras,Rocky,dingo,Ronny,knorz,Sberlo,nocciola,Ricky,Cranky,SQU4,178
E0B3,Static,,Squirrel,Scary,Male,krzzt,melon shirt,yellow umbrella,pothos;mini gargloid;mini bowtoid;gold stereo;bromeliaceae;retro stereo;rock guitar;modern end table;high-end stereo;caladium;white boom box;folk guitar;country guitar; / Nook's portrait;,plaza wall,steel flooring,Surfin' K.K.,,,1,3,TRUE,Protón,avería,Electro,argh,Rudolf,krazz,Elettra,sguscio,Static,Cranky,SQU5,179
E0B4,Mint,,Squirrel,Domineering,Female,ahhhhhh,gumdrop shirt,lacy parasol,blue cabinet;blue clock;weeping fig;Papa bear;pine table;pine chair;Mama bear;turntable;blue dresser;weeping fig;swell shirt;blue table; / Mama bear;Baby bear;Baby bear;,blue-trim wall,birch flooring,K.K. Country,,,2,3,TRUE,Menta,bichito,Amande,ho là là,Marika,knabber,Mentulla,squercia,Mint,Snooty,SQU6,180
E0B5,Nibbles,,Squirrel,Peppy,Female,niblet,watermelon shirt,dainty parasol,water bird;lovely armchair;lovely armchair;lovely lamp;lovely armchair;tall sproid;mini sproid;mega sproid;elephant slide;rock guitar; /,kitchen wall,citrus carpet,-,,,4,3,TRUE,Dentina,bellotita,Lola,miam,Knuspi,knusper,Rododea,truciolo,Nibbles,Peppy,SQU7,181
E0B6,Tybalt,,Tiger,Briskly,Male,grrrRAH,two-ball shirt,blue umbrella,coffee machine;soda machine;detour arrow;jackhammer;oil drum;detour arrow;detour arrow;folding chair;mega drilloid;steam roller;barber's pole;manhole cover;drilloid;detour signboard;mini drilloid; /,tree-lined wall,sidewalk,-,,,3,3,TRUE,Tristán,bengala,Jeff,grouaaah,Tristan,grrrummel,Ubaldo,grrrRAH,Tybalt,Jock,TIG0,182
E0B7,Rolf,,Tiger,Scary,Male,grrrolf,bubble shirt,dainty parasol,modern wardrobe;gold stereo;black knight;modern bed;modern end table;modern sofa;mini bowtoid;modern cabinet;white knight;bowtoid; / arowana;,industrial wall,steel flooring,Rockin' K.K.,,,5,3,TRUE,Albino,grooorf,Ralf,hein dis,Boris,brüll,Rolf,grrrolf,Rolf,Cranky,TIG1,183
E0B8,Bangle,,Tiger,Peppy,Female,growf,pop bloom shirt,daffodil parasol,reel-to-reel;apple clock;retro TV;kitschy clock;nebuloid;mini dinkoid;N logo;modern sofa;mini sputnoid;country guitar;rock guitar;round cactus;tall cactus; /,kitschy wall,citrus carpet,K.K. Cruisin',,,1,1,TRUE,Felina,mi vida,Bengale,ma souris,Tamara,schnurf,Griffa,grouf,Bangle,Peppy,TIG2,184
E0B9,Lobo,,Wolf,Scary,Male,ah-rooooo,checkered shirt,paper parasol,rubber tree;retro stereo;mega bowtoid;mega poltergoid;space heater;timpano drum;conga drum;conga drum;cabin chair;country guitar;corn plant;globe;corn plant; /,stone wall,cowhide rug,K.K. Safari,,,2,4,TRUE,Lupo,auuuh,Lobo,wouhouhou,Lupo,auuuuuu,Lupen,etchuuuu,Lobo,Cranky,WOL0,185
E0BA,Freya,,Wolf,Domineering,Female,uff da,deer shirt,elegant umbrella,strange painting;perfect painting;common painting;modern chair;hi-fi stereo;blue chair;fine painting;flowery painting;regal chair;classic chair;amazing painting;dainty painting; /,stately wall,palace tile,K.K. Tango,,,5,4,TRUE,Lupita,auuuff,Luppa,mon loulou,Freya,braul,Freya,uuuff,Freya,Snooty,WOL1,186
E0BB,Chief,,Wolf,Scary,Male,harrumph,red bar shirt,checked umbrella,alarm clock;odd clock;owl clock;glow clock;red clock;cube clock;robo-clock;modern bed;tape deck;office locker;office locker;coffee machine;toilet; /,industrial wall,steel flooring,DJ K.K.,,,4,4,TRUE,Zoilo,ejem,Chef,hurluberlu,Sascha,harrumff,Artiglio,arrrgh,Chief,Cranky,WOL2,187
E0BC,Weber,,Duck,Absent-minded,Male,quaa,fish knit,dainty parasol,table tennis;robo-clock;robo-stereo;kitschy clock;timpanoid;mini timpanoid;train set;lunar rover;water bird;rocket; /,blue wall,playroom rug,K.K. March,,,1,4,TRUE,Paticio,cuaa-cuaa,Bébert,coink,Volker,quaa,Pasquale,quaaa,Weber,Lazy,DUK6,188
E0BD,Mallary,,Duck,Domineering,Female,quackpth,blue stripe knit,sunny parasol,weeping fig;cabana bookcase;jukebox;caladium;cactus;flowery painting;cabana lamp;cabana bed;sunflower; /,blue-trim wall,mosaic tile,K.K. Bossa,,,1,1,TRUE,Mirta,recuac,Mallory,cui cui,Marina,quackpss,Sofia,quackplà,Mallary,Snooty,DUK7,189
E0BE,Wolfgang,,Wolf,Scary,Male,snarrrl,Gracie's top,batbrella,tricera tail;high-end stereo;rock guitar;modern bed;tricera torso;tricera skull;modern end table;mega howloid; / piranha;,concrete wall,modern tile,K.K. Rock,,,4,1,TRUE,Wolfi,grauuuh,Wolfgang,p'tit loup,Weber,knurrr,Wolfgang,zanna,Wolfgang,Cranky,WOL3,190
E0BF,Hornsby,,Rhino,Absent-minded,Male,schnozzle,chevron shirt,polka parasol,exotic wardrobe;bromeliaceae;reel-to-reel;exotic chest;cactus;cabin couch;cabin bed;coconut palm;gaudy sweater;big star shirt; /,cabana wall,bamboo flooring,Aloha K.K.,,,4,2,TRUE,Rino,naricita,Cornio,euh,Rüdiger,schneuzel,Rino,splush,Hornsby,Lazy,RHN3,191
E0C0,Oxford,,Bull,Scary,Male,"bully, eh",leather jerkin,twig parasol,covered wagon;cow skull;desert cactus;tumbleweed;western fence;saddle fence;western fence;western fence;wagon wheel;storefront;storefront;watering trough;phonograph;storefront;storefront;tumbleweed; /,western vista,western desert,K.K. Western,,,3,2,TRUE,Astaúlfo,torito,Sorbonne,la vache,Rolf,"bulli, hä",Angus,muuh,Oxford,Cranky,BUL2,192
E0C1,T-Bone,,Bull,Absent-minded,Male,moocher,yellow pinstripe,sharp umbrella,fan palm;lady palm;snake plant;phonograph;globe;exotic bench;pachira;pothos;caladium;bromeliaceae;giant catfish;weeping fig;cow skull;bass; /,bamboo wall,bamboo flooring,K.K. Reggae,,,1,1,TRUE,Bovi,cuernos,Steakos,vachte,Marius,hhmmuuuhh,Victor,muuusica,T-Bone,Lazy,BUL3,193
E0C2,Biff,,Hippo,Briskly,Male,squirt,jagged shirt,mod umbrella,country guitar;folk guitar;reel-to-reel;ranch couch;ranch tea table;ranch armchair;green dresser;red grid shirt;melon gingham;pothos; /,plaster wall,green rug,K.K. Blues,,,2,3,TRUE,Pipo,hipo-pipo,Biff,hips hips,Norbert,skwiirt,Pippo,squirt,Biff,Jock,HIP3,194
E0C3,Opal,,Elephant,Domineering,Female,snoot,gray tartan,checked umbrella,phonograph;exotic bed;exotic wardrobe;odd clock;exotic chair;exotic chair;red vase;red vase; /,mosaic wall,plaza tile,K.K. Safari,,,5,4,TRUE,Ópalo,flip-flop,Opaline,pschouiiit,Olga,töööt,Gemma,snoob,Opal,Snooty,ELP3,195
E0C4,Bones,,Dog,Absent-minded,Male,yip yip,caveman tunic,leaf umbrella,tall harmonoid;mini harmonoid;globe;writing desk;writing chair;alarm clock;computer;office chair;executive toy;office locker; /,playroom wall,green rug,-,,,3,1,TRUE,Cándido,yip yip,Nonos,loustic,Strolch,hechel,Tobia,yip yip,Bones,Lazy,DOG8,196
E0C5,Bea,,Dog,Normal,Female,bingo,go-go shirt,orange umbrella,green lamp;green bed;CD player;ranch bookcase;ranch wardrobe;gelato shirt;blossom shirt;rally shirt;Mama bear;Baby bear; /,rose wall,ceramic tile,K.K. Parade,,,4,3,TRUE,Cuqui,huesitos,Béa,mon chaton,Bea,bingo,Cucciola,bingo,Bea,Normal,DOG9,197
E0C6,Bitty,,Hippo,Domineering,Female,my dear,funky dot shirt,ribbon parasol,high-end stereo;mega quazoid;croton;zebra print;modern table;red sofa;tiger print;jade econo-chair;cabana vanity; /,office wall,steel flooring,DJ K.K.,,,5,4,TRUE,Ofelia,corassón,Potama,joli cÚur,Biggi,mei o mei,Rosetta,bibù,Bitty,Snooty,HIP4,198
E0C7,Rocco,,Hippo,Scary,Male,hippie,danger shirt,paper parasol,birdcage;owl clock;keg;barrel;exotic chest;billiard table;ranch armchair;ranch couch;globe;turntable; /,stone wall,old flooring,Lucky K.K.,,,2,3,TRUE,Roco,batracio,Bebel,amigo,Richi,pfffft,Rocco,ipper,Rocco,Cranky,HIP5,199
E0C8,Lulu,,Hippo,Peppy,Female,yaaaawl,flowery shirt,orange umbrella,kiddie bed;kiddie clock;elephant slide;kiddie bed;wobbelina;kiddie bed;wobbelina;kiddie bed;wobbelina;kiddie bed;wobbelina; /,playroom wall,playroom rug,-,,,4,2,TRUE,Lulù,lilalá,Lulu,mon bichon,Lulu,gääähn,Lulù,hippurrà,Lulu,Peppy,HIP6,200
E0C9,Blaire,,Squirrel,Domineering,Female,nutlet,peachy shirt,gingham parasol,retro stereo;metronome;slot machine;strange painting;lime chair;cream sofa;red sofa;orange chair;grapefruit table;lime chair;lemon table;red armchair;orange chair; /,citrus wall,kitschy tile,K.K. Jazz,,,4,0,TRUE,Azabache,bayita,Cachou,ma glue,Klara,knack,Ghianda,scrick,Blaire,Snooty,SQU8,201
E0CA,Sally,,Squirrel,Normal,Female,WHEE,ladybug shirt,berry umbrella,pear dresser;pear wardrobe;apple TV;tall lullaboid;mega lullaboid;mini lullaboid;fan palm;pine table;pineapple bed;pine chair;pink tartan;blue tartan;lemon gingham; /,wood paneling,lovely carpet,-,,,2,0,TRUE,Almendra,macadamia,Damia,yeeeees,Hörnchen,huiii,Rossella,SCRUNCH,Cally,Normal,SQU9,202
E0CB,Ellie,,Elephant,Normal,Female,wee one,red grid shirt,polka parasol,blue wardrobe;blue bureau;green bed;green lamp;green chair;blue table;green chair;white boom box;blue umbrella;No.3 shirt; /,plaster wall,ceramic tile,K.K. Ballad,,,4,0,TRUE,Eli,trompis,Ella,sacrelotte,Elfi,uiui,Elly,caroté,Ellie,Normal,ELP4,203
E0CC,Eloise,,Elephant,Domineering,Female,tooooot,loud line shirt,dainty parasol,green lamp;howloid;blue clock;green pantry;blue bed;high-end stereo;green desk;blue bench;pachira;country guitar;quazoid;harmonoid; /,citrus wall,ceramic tile,K.K. Jazz,,,5,2,TRUE,Eloísa,orejillas,Eloïse,tuut tuut,Frauke,tuutuuuu,Eloisa,nappole,Eloise,Snooty,ELP5,204
E0CD,Alli,,Alligator,Domineering,Female,graaagh,leopard print,sunny parasol,sewing machine;li'l bro's shirt;funky dot shirt;twinkle shirt;cherry shirt;blossom shirt;racer 6 shirt;dark polka shirt;hi-fi stereo;dawn shirt;striking outfit;strawberry shirt;ranch couch;ranch armchair; /,cabana wall,cabana flooring,K.K. Calypso,,,5,4,TRUE,Codrila,lagartija,Allie,fripouille,Ali,graaach,Alli,graaag,Alli,Snooty,CRD3,205
E0CE,Pippy,,Rabbit,Peppy,Female,li'l hare,ugly shirt,classic umbrella,picnic table;white boom box;birdhouse;bird bath;backyard pool;bug zapper;barbecue;sprinkler;lawn mower;sprinkler;Mr. Flamingo;Mrs. Flamingo;Mr. Flamingo;Mrs. Flamingo; /,backyard fence,backyard lawn,K.K. Mambo,,,4,1,TRUE,Méloni,pipita,Nadia,chouchou,Lotta,hihi,Pippi,gnaf,Pippy,Peppy,RBT9,206
E0CF,Eunice,,Sheep,Normal,Female,lambchop,red grid shirt,plaid parasol,classic cabinet;retro TV;plinkoid;mega dekkoid;mini dekkoid;classic sofa;weeping fig;ebony piano;lacy parasol; /,kitchen wall,kitchen flooring,-,,,4,3,TRUE,Lanolina,chuletita,Bérénice,bêbêêêêh,Edith,La-a-amm,Tenerina,laaagna,Eunice,Normal,SHP1,207
E0D0,Baabara,,Sheep,Domineering,Female,daahling,purple tie-dye,ribbon parasol,weeping fig;classic sofa;classic clock;weeping fig;classic sofa;classic table;cello;turntable;ivory piano; / tea set;,arched window,parquet floor,K.K. Swing,,,5,0,TRUE,Beelén,peeelusa,Bêêtty,chéribibi,Babsi,däääää,Bea,breeezza,Baabara,Snooty,SHP2,208
E0D1,Fang,,Wolf,Scary,Male,cha-chomp,icy shirt,icy umbrella,red vase;snappy print;hi-fi stereo;bromeliaceae;glass-top table;taiko drum;exotic chest;mega poltergoid;dracaena; /,modern screen,red tile,K.K. Faire,,,5,0,TRUE,Colmillo,en-ñac,Pierrot,sagouin,Grimm,kraul,Zanna,fabuuula,Fang,Cranky,WOL4,209
E0D2,Deena,,Duck,Normal,Female,sugarbill,mosaic shirt,gingham parasol,letter cubby;folding chair;mega harmonoid;vaulting horse;vaulting horse;vaulting horse;vaulting horse;boxing mat;boxing mat;table tennis;office locker;office locker;weight bench; /,concrete wall,concrete floor,-,,,2,4,TRUE,Martita,miguita,Mina,caneton,Olivia,Engelchen,Dina,quiproquò,Deena,Normal,DUK8,210
E0D3,Pate,,Duck,Peppy,Female,quackle,winter sweater,plaid parasol,classic wardrobe;classic clock;ranch chair;classic table;regal lamp;classic bed;mini howloid;turntable;mini freakoid;mega freakoid;regal sofa; /,stone wall,opulent rug,K.K. Dirge,,,4,3,TRUE,Pati,cuaqui,Terrine,kouak,Daune,quaak,Camilla,quackquack,Pate,Peppy,DUK9,211
E0D4,Stella,,Sheep,Normal,Female,baa-dabing,aurora knit,gingham parasol,regal chair;regal chair;violin;harp;regal lamp;ivory piano;rare painting;moving painting;metronome;mini dinkoid;mega sputnoid; /,meadow vista,daisy meadow,-,,,2,1,TRUE,Estela,no veeeas,Bigoudi,mon agneau,Stella,badabing,Merina,beeene,Stella,Normal,SHP3,212
E0D5,Cashmere,,Sheep,Domineering,Female,baaaby,nebula shirt,checked umbrella,classic bed;cabana chair;biwa lute;exotic lamp;exotic screen;biwa lute;exotic end table;lady palm;bromeliaceae;snake plant;mini buzzoid;mini buzzoid;green wardrobe; / bell cricket;,exotic wall,exquisite rug,-,,,5,3,TRUE,Cachemir,peeeque,Cashmir,bêllissime,Lana,bäääby,Cashmere,beensì,Cashmere,Snooty,SHP4,213
E0D6,Woolio,,Sheep,Briskly,Male,biz-aaa,dark polka shirt,polka parasol,robo-stereo;robo-clock;two-ball shirt;three-ball shirt;four-ball shirt;billiard table;cactus;mega freakoid;mini drilloid; /,playroom wall,steel flooring,K.K. Ska,,,4,4,FALSE,Esquilo,paaasssa,Moumoute,bêêêê quoi,Wulle,bizääää,Moero,sbaallo,Woolio,Jock,SHP5,214
E0D7,Cookie,,Dog,Peppy,Female,arfer,blue tartan,lotus parasol,ranch hutch;hi-fi stereo;ranch dresser;ranch wardrobe;ranch chair;ranch table;ranch armchair;ranch couch;folk guitar;ranch bed;mega tootoid;mini tootoid; / sunflower;,ranch wall,ranch flooring,K.K. Country,,,2,4,TRUE,Marilín,fresita,Cookie,woufi,Rosi,nuffnuff,Briciola,ricciolo,Cookie,Peppy,DOG6,215
E0E8,Cheri,,Cub,Peppy,Female,tralala,yellow bar shirt,orange umbrella,retro stereo;oil drum;haz-mat barrel;red sofa;bear pole;eagle pole;timpano drum;eagle pole;djimbe drum;djimbe drum; /,groovy wall,kitchen flooring,K.K. Samba,,,4,0,TRUE,Cerecita,tralará,Rose,tralala,Claudia,tralala,Bonbon,trallalà,Cheri,Peppy,CBRA,232
E0EB,Punchy,,Cat,Absent-minded,Male,mrmpht,cherry shirt,Nintendo parasol,blue bed;Mama bear;gold econo-chair;gold econo-chair;blue table;blue table;gold stereo;cactus;bromeliaceae;speed bag; /,mod wall,blue flooring,K.K. Love Song,,,3,1,TRUE,Félix,arenque,Cédric,mouais,Julian,mrmpft,Felix,maramao,Punchy,Lazy,CATE,235