ID,Name,Image,Species,Personality,Gender,Default Catchphrase,Default Clothing,Default Umbrella,Furniture,Wallpaper,Carpet,House Song,House Image,House Exterior Type,House Exterior Palette,Starting Villager,Name (Romanization),Name (Translation),Name Notes,Name (AC),Personality (Future Games English Terms),Internal ID (Name),Internal ID (Number)
E000,ニコバン,,Cat,Absent-minded,Male,ネコ,blossom shirt,gelato umbrella,kiddie dresser;kiddie clock;kiddie stereo;kiddie bureau;kiddie bed;kiddie table;kiddie couch;kiddie chair;N logo; /,kiddie wall,kiddie carpet,K.K. Ragtime,,Barnhouse,2,TRUE,Nikoban,Nikoban,,Bob,Lazy,CAT0,000
E001,オリビア,,Cat,Domineering,Female,なんやん,floral knit,elegant umbrella,pothos;regal armoire;regal vanity;regal lamp;regal bed;ivory piano;mega lullaboid;retro stereo;lullaboid;regal dresser;pothos;mini lullaboid;bass; /,ornate wall,classic carpet,K.K. Etude,,Brick,3,TRUE,Oribia,Olivia,,Olivia,Snooty,CAT1,001
E002,マール,,Cat,Normal,Female,ニャー,patchwork top,classic umbrella,weeping fig;gargloid;warbloid;blue bed;blue dresser;cabana bookcase;red boom box;bromeliaceae; /,kitchen wall,ranch flooring,K.K. Swing,,Cottage,1,TRUE,Māru,Merle,,Mitzi,Normal,CAT2,002
E003,キャビア,,Cat,Normal,Female,だニ,argyle knit,ribbon parasol,cactus;round cactus;retro stereo;cabana lamp;pine chair;pine table;pine chair;polka parasol;mega bovoid; / daffodil;,mod wall,music room floor,K.K. Country,,Cottage,0,TRUE,Kyabia,Caviar,,Kiki,Normal,CAT3,003
E004,ヒャクパー,,Cat,Peppy,Female,みかん,chain-gang shirt,orange umbrella,watermelon table;apple TV;strawberry shirt;pear dresser;pear wardrobe;mini metatoid;apple clock;pineapple bed;lemon table;lime chair;mega rustoid;grapefruit table;orange chair; /,citrus wall,citrus carpet,-,,Barnhouse,1,TRUE,Hyakupā,,,Tangy,Peppy,CAT4,004
E005,かぶきち,,Cat,Scary,Male,ぃよぉー,lavender robe,hypno parasol,staircase dresser;beckoning cat;red boom box;beckoning cat;folding screen;paper parasol;lavender robe;beckoning black cat;hibachi;daruma;washbasin;mega bowtoid; /,gold screen wall,18 mat tatami,K.K. Folk,,Cabana,4,FALSE,Kabukichi,Kabukichi,,Kabuki,Cranky,CAT5,005
E006,トラこ,,Cat,Peppy,Female,にゃは,tomato juice shirt,Nintendo parasol,holly bonsai;retro TV;Aiko figurine;Yuki figurine;Emi figurine;folding screen;hibachi;Naomi figurine;Maki figurine;tea table;folding screen;mega percoloid;timpanoid; /,gold screen wall,18 mat tatami,-,,Cabana,0,TRUE,Torako,Torako,,Tabby,Peppy,CAT6,006
E007,ジェーン,,Cat,Domineering,Female,ウフーン,grape shirt,ribbon parasol,Mama bear;lovely stereo;plum kimono;groovy shirt;rainbow shirt;cream sofa;novel painting;iris table;lovely armchair;lovely bed;tulip table;lovely armchair;lovely lamp; / ,groovy wall,ceramic tile,K.K. Swing,,Brick,1,TRUE,Jēn,Jane,,Monique,Snooty,CAT7,007
E008,アセクサ,,Cat,Briskly,Male,ダァーッ,splendid shirt,flame umbrella,cubby hole;mop;wastebasket;soda machine;garbage can;vaulting horse;tape deck;chalk board;vaulting horse;executive toy;folding chair;scale;red drum can;extinguisher;bowtoid;mega bowtoid; /,concrete wall,old board floor,Go K.K. Rider!,,Cabin,3,FALSE,Asekusa,,,Stinky,Jock,CAT8,008
E009,たま,,Cat,Domineering,Female,ふんっ,moody blue shirt,polka parasol,exotic bed;hi-fi stereo;antique clock;mini fizzoid;caladium;classic sofa;perfect painting;red armchair;birdcage;mega fizzoid; /,concrete wall,checkered tile,K.K. Swing,,Cottage,2,TRUE,Tama,Tama,,Purrl,Snooty,CAT9,009
E00A,ショコラ,,Cat,Domineering,Female,フフ,crewel shirt,lacy parasol,classic hutch;lacy parasol;rose shirt;regal armoire;red armchair;regal bed;classic table;red armchair;gold stereo;classic clock; /,rose wall,fancy carpet,K.K. Etude,,Cottage,3,TRUE,Shokora,Chocolat,,Kitty,Snooty,CATA,010
E00B,バンタム,,Cat,Scary,Male,ちぇっ,BB shirt,flame umbrella,fan palm;tall gargloid;rocket;exotic screen;exotic table;mega sproid;exotic end table;flat stag beetle;exotic chair;mini quazoid;exotic end table;noodle shirt;jewel beetle; / catfish;ladybug;crucian carp;,exquisite wall,exquisite rug,-,,Cabin,4,TRUE,Bantamu,Bantam,,Tom,Cranky,CATB,011
E00C,ブーケ,,Cat,Peppy,Female,チェキ,shortcake shirt,daffodil parasol,djimbe drum;conga drum;kitschy clock;giraffe print;pop machine;mega dekkoid;tape deck;green drum;detour arrow;red drum can; /,mod wall,cowhide rug,Rockin' K.K.,,Cabin,2,TRUE,Būke,Bouquet,,Rosie,Peppy,CATC,012
E00D,アリンコ,,Anteater,Normal,Female,でアリ,loud bloom shirt,pastel parasol,pothos;ruby econo-chair;dreadful painting;rare painting;famous painting;dainty painting;fine painting;strange painting;nice painting;flowery painting;novel painting;classic painting;classic painting;mini tootoid;mega lullaboid; /,plaster wall,old flooring,-,,Cabin,2,FALSE,Arinko,,,Nosegay,Normal,ANT0,013
E00E,ビーフン,,Anteater,Normal,Female,だモン,hot spring shirt,plaid parasol,pear wardrobe;pear dresser;jukebox;mini nebuloid;quazoid;tall droploid;melon chair;watermelon table;melon chair;mod top;static shirt;star shirt;groovy shirt; /,kitchen wall,citrus carpet,K.K. Fusion,,Barnhouse,1,FALSE,Bīfun,,,Zoe,Normal,ANT1,014
E00F,パトラ,,Anteater,Peppy,Female,だっしー,subdued print,checked umbrella,classic clock;classic cabinet;rare painting;cabana armchair;birdcage;phonograph;biwa lute;cabana screen;corn plant;bromeliaceae;bowtoid;timpanoid; /,lattice wall,exotic rug,K.K. Casbah,,Brick,2,FALSE,Patora,,,Pango,Peppy,ANT2,015
E010,さくらじま,,Anteater,Scary,Male,でごわす,wave print,paper parasol,Paulownia dresser;Paulownia dresser;sewing box;taiko drum;tea table;mega oboid;green ring shirt;white ring shirt;tall lantern;kadomatsu;kadomatsu;tall lantern; /,modern screen,8 mat tatami,-,,Cabana,2,FALSE,Sakurajima,,,Cyrano,Cranky,ANT3,016
E011,こまち,,Anteater,Domineering,Female,たもれ,blossoming shirt,hypno parasol,exotic bureau;biwa lute;tall puffoid;oombloid;mini strumboid;folding screen;paper lantern;beckoning black cat;washbasin;exotic end table; / plum bonsai;,modern screen,tatami floor,-,,Cabana,0,FALSE,Komachi,Komachi,,Snooty,Snooty,ANT4,017
E012,たいへいた,,Bear,Briskly,Male,ですたい,club shirt,paper parasol,blue golf bag;retro stereo;retro TV;writing desk;writing chair;ebony piano;space heater;dracaena;Mama bear; /,chic wall,plush carpet,Mr. K.K.,,Barnhouse,0,TRUE,Taiheita,,,Teddy,Jock,BEA0,018
E013,チャウヤン,,Bear,Scary,Male,アルヨ,star shirt,noodle parasol,red vase;biwa lute;mega dingloid;tall oombloid;lullaboid;exotic screen;fan palm;exotic bed;exotic end table;exotic chest;exotic chair;exotic lamp; / popeyed goldfish;,imperial wall,imperial tile,-,,Brick,1,TRUE,Chauyan,,,Chow,Cranky,BEA1,019
E014,スリープ,,Bear,Absent-minded,Male,グー,bear shirt,yellow umbrella,exotic lamp;cabana lamp;cabana lamp;regal lamp;regal lamp;classic bed;exotic lamp;nebuloid;poltergoid;owl clock;metronome; /,manor wall,opulent rug,-,,Cottage,3,TRUE,Surīpu,Sleep,,Dozer,Lazy,BEA2,020
E015,バッカス,,Bear,Absent-minded,Male,んだ,spring shirt,orange umbrella,Yoko figurine;Naomi figurine;Maki figurine;retro TV;massage chair;mega gongoid;hearth;wobbelina;sewing machine;mega gongoid; /,worn-out mud wall,8 mat tatami,-,,Cabana,3,TRUE,Bakkasu,Bacchus,,Nate,Lazy,BEA4,021
E016,クロー,,Bear,Scary,Male,ワォー,windsock shirt,twig parasol,modern desk;gold stereo;samurai suit;office chair;modern table;modern sofa;blue golf bag;green golf bag;white golf bag;batbrella; / Baby bear;,shanty wall,old flooring,K.K. Rock,,Brick,2,TRUE,Kurō,Claw,,Groucho,Cranky,BEA5,022
E017,れんにゅう,,Bear,Peppy,Female,ファイト,heart shirt,pastel parasol,refrigerator;stove;retro TV;Mama bear;pothos;cabana table;white boom box;pink kotatsu;cabana lamp;folk guitar;massage chair;petal parasol; / tea set;Baby bear;,mod wall,8 mat tatami,K.K. Steppe,,Cabana,0,TRUE,Rennyū,,,Tutu,Peppy,BEA6,023
E018,ネーヤ,,Bear,Domineering,Female,やーねぇ,diner uniform,berry umbrella,bromeliaceae;regal cupboard;turntable;dainty painting;regal lamp;classic bed;worthy painting;perfect painting;bass; /,plaza wall,checkered tile,Café K.K.,,Brick,4,TRUE,Nēya,,,Ursala,Snooty,BEA7,024
E019,ムー,,Bear,Scary,Male,だクマ,W shirt,hypno parasol,Paulownia dresser;Aiko figurine;Keiko figurine;loach;stringfish;hearth;tall percoloid;tall dingloid;paper parasol; /,worn-out mud wall,8 mat tatami,-,,Cabana,1,TRUE,Mū,,,Grizzly,Cranky,BEA8,025
E01A,タンタン,,Bear,Peppy,Female,わぉ,dazed shirt,berry umbrella,exotic wardrobe;exotic screen;red vase;birdcage;mini strumboid;exotic table;mini lamentoid;exotic bench;exotic end table;mini dingloid;corn plant;exotic chest; / jasmine bonsai;,exquisite wall,bamboo flooring,-,,Cabana,3,TRUE,Tantan,,,Pinky,Peppy,BEA9,026
E01B,ツバクロ,,Bird,Briskly,Male,でおます,six-ball shirt,yellow umbrella,bass;cello;violin;classic hutch;classic clock;rocking chair;phonograph;vibraphone;mini lullaboid;perfect painting; /,ornate wall,classic carpet,K.K. Waltz,,Brick,0,TRUE,Tsubakuro,,,Jay,Jock,BRD0,027
E01C,ピーチク,,Bird,Peppy,Female,ッピ,barber shirt,gelato umbrella,cabana vanity;hi-fi stereo;cabana lamp;blue bed;cabana chair;Baby bear;blue bureau;mini gargloid;mini warbloid;dracaena; /,ranch wall,checkered tile,K.K. Calypso,,Cottage,3,TRUE,Pīchiku,,,Twiggy,Peppy,BRD1,028
E01D,アンチョビ,,Bird,Absent-minded,Male,でシ,straw shirt,orange umbrella,slot machine;slot machine;slot machine;slot machine;slot machine;slot machine;classic table;classic table;classic table;green counter;retro stereo; /,classic wall,parquet floor,K.K. Ragtime,,Cottage,4,TRUE,Anchobi,Anchovy,,Anchovy,Lazy,BRD2,029
E01E,レイコ,,Bird,Peppy,Female,けどー,striking outfit,daffodil parasol,cabana vanity;birdcage;weeping fig;cabana bed;cabana lamp;cabana chair;timpano drum;cabana chair;birdcage;birdcage;turntable; /,wood paneling,birch flooring,K.K. Reggae,,Barnhouse,2,TRUE,Reiko,Reiko,,Piper,Peppy,BRD3,030
E01F,イッテツ,,Bird,Scary,Male,ってか,orange pinstripe,paper parasol,samurai suit;samurai suit;samurai suit;samurai suit;samurai suit;mini howloid;folding screen;folding screen;Emi figurine;pink kotatsu;holly bonsai;jasmine bonsai;ponderosa bonsai;plum bonsai;azalea bonsai;maple bonsai;mugho bonsai; /,gold screen wall,8 mat tatami,-,,Cabana,1,TRUE,Ittetsu,,,Admiral,Cranky,BRD4,031
E020,たくあん,,Bird,Absent-minded,Male,なのじゃ,moldy shirt,twig parasol,mini gongoid;mini strumboid;mini dingloid;standing stone;bathtub;stone couple;stone couple;deer scare;safety frog;mini croakoid; /,gold screen wall,mossy carpet,-,,Cabana,3,TRUE,Takuan,Takuan,,Otis,Lazy,BRD5,032
E021,パーチク,,Bird,Domineering,Female,さ,kiwi shirt,blue umbrella,classic hutch;classic desk;turntable;gray tartan;birdcage;pine table;birdcage;pine chair;birdcage;icy umbrella; /,lattice wall,kitchen tile,K.K. Bossa,,Brick,0,TRUE,Pāchiku,,,Robin,Snooty,BRD6,033
E022,うずまき,,Bird,Normal,Female,キョン,new spring shirt,lotus parasol,regal bed;lovely lamp;red tie-dye;lite polka shirt;daisy shirt;birdcage;lovely stereo;lovely end table;lovely chair;wee dingloid;lovely vanity;mini dingloid;polka parasol;sunny parasol;lotus parasol;petal parasol; /,rose wall,birch flooring,K.K. Lullaby,,Cottage,4,TRUE,Uzumaki,Spiral,,Midge,Normal,BRD7,034
E023,フェザー,,Bird,Briskly,Male,でヤス,spade shirt,sharp umbrella,migratory locust;spotted ladybug;dice stereo;certain-victory daruma;Spaceman Sam;large char;mini sputnoid;large bass;giant catfish;N logo;mini dinkoid;pale chub;bitterling;koi;eel;executive toy;catfish;evening cicada;bee; /,kiddie wall,classroom floor,K.K. Parade,,Barnhouse,3,TRUE,Fezā,Feather,,Ace,Jock,BRD8,035
E024,ダンガン,,Bird,Scary,Male,でチュン,arctic camo,flame umbrella,juice machine;trash bin;mop;soda machine;office chair;office desk;office locker;blue golf bag;office locker;white golf bag;extinguisher;tape deck; / cube clock;,office wall,office flooring,Go K.K. Rider!,,Cabana,4,TRUE,Dangan,,,Twirp,Cranky,BRD9,036
E025,ビフテキ,,Bull,Scary,Male,ってんだ,four-ball shirt,Nintendo parasol,green wardrobe;green pantry;green dresser;green lamp;green bed;green counter;green table;green chair;green bench;turntable;barrel;green desk; /,green wall,green rug,K.K. Blues,,Cottage,2,TRUE,Bifuteki,Beefsteak,,Chuck,Cranky,BUL0,037
E026,モーリス,,Bull,Absent-minded,Male,だなっす,seven-ball shirt,plaid parasol,blue dresser;blue chair;owl clock;corn plant;blue table;blue chair;gold stereo;blue bed; / gerbera;,cabin wall,exquisite rug,K.K. Lullaby,,Cabin,4,TRUE,Mōrisu,Morris,,Stu,Lazy,BUL1,038
E027,ケンタ,,Chicken,Briskly,Male,だコケ,tropical shirt,paper parasol,weeping fig;ranch bed;retro stereo;ranch hutch;ranch wardrobe;classic chair;classic table;classic chair;keg;barrel;plaid parasol; /,floral wall,old board floor,K.K. Country,,Cabin,0,TRUE,Kenta,Kenta,,Goose,Jock,CHN0,039
E028,ホイップ,,Chicken,Normal,Female,だがね,comfy sweater,classic umbrella,standing stone;mossy stone;pink kotatsu;blue kotatsu;dark stone;mini metatoid;leaning stone;staircase dresser;low lantern;shrine lantern;beckoning black cat;mega clankoid;tall lantern;beckoning cat;washbasin; /,worn-out mud wall,shanty mat,-,,Cabin,1,TRUE,Hoippu,Whip,,Betty,Normal,CHN1,040
E029,ピロシ,,Chicken,Briskly,Male,なのだ,light line shirt,bumbershoot,lucky cat;beckoning black cat;folding screen;phonograph;tanuki figurine;N logo;globe;modern desk;certain-victory daruma;certain-victory daruma; /,office wall,office flooring,K.K. March,,Brick,4,TRUE,Piroshi,,,Hector,Jock,CHN2,041
E02A,しもやけ,,Chicken,Absent-minded,Male,だヨ,swell shirt,blue umbrella,robo-stereo;cream sofa;robo-clock;rocket;novel painting;mega dinkoid;tall sputnoid;mini dinkoid;pulse shirt;dinosaur egg; / ,modern wall,blue flooring,K.K. Technopop,,Brick,1,TRUE,Shimoyake,,,Egbert,Lazy,CHN3,042
E02B,ドミグラ,,Chicken,Normal,Female,のよぉ,checkerboard tee,polka parasol,cabin clock;cabin bed;Mama bear;Papa bear;turntable;gaudy sweater;cabin table;tootoid;lite polka shirt;loud bloom shirt;gumdrop shirt;weeping fig; / Baby bear;,cabin wall,cabin rug,K.K. Country,,Cabin,1,TRUE,Domigura,Demi-gra,,Ava,Normal,CHN4,043
E02C,タツた,,Chicken,Briskly,Male,じゃん,exotic shirt,retro umbrella,alarm clock;plinkoid;mini plinkoid;retro stereo;modern cabinet;modern sofa;corn plant;modern chair;modern chair;modern desk;bass; / modern lamp;,library wall,old flooring,K.K. Love Song,,Cottage,0,TRUE,Tatsuta,Tatsuta,,Hank,Jock,CHN5,044
E02D,ディアナ,,Chicken,Peppy,Female,だもん,puzzling shirt,yellow umbrella,cabin armchair;cabin clock;cabin dresser;cabin wardrobe;cabin couch;cabin low table;cabin bookcase;cabin table;cabin bed;round cactus;mini lamentoid;tall alloid;mega dingloid; /,cabin wall,cabin rug,-,,Cabin,0,TRUE,Diana,Diana,,Leigh,Peppy,CHN6,045
E02E,ブイヨン,,Chicken,Domineering,Female,コッコ,red tie-dye,daffodil parasol,holly bonsai;quince bonsai;jade econo-chair;gold econo-chair;jade econo-chair;cow print;dice stereo;daffodil table;daffodil table;leopard print;flame shirt;big star shirt;ruby econo-chair;regal vanity; /,kitschy wall,stone tile,The K. Funk,,Brick,3,TRUE,Buiyon,Bouillon,,Rhoda,Snooty,CHN7,046
E02F,ガビ,,Cub,Scary,Male,やんけ,tiger print,flame umbrella,detour arrow;striped pylon;tanuki figurine;certain-victory daruma;taiko drum;taiko drum;fence;fence with signboard;tall droploid;iron frame;mega quazoid;work ahead signboard;detour signboard;mini timpanoid;low lantern;handcart; /,sandlot wall,sandlot,-,,Cabana,1,TRUE,Gabi,Gabi,,Vladimir,Cranky,CBR0,047
E030,のりお,,Cub,Scary,Male,ですばい,static shirt,retro umbrella,fence with signboard;Baby bear;gold stereo;Master Sword;barrel;barrel;Baby bear;billiard table;orange cone;mega freakoid;fence;fence; /,stone wall,imperial tile,K.K. D & B,,Brick,2,TRUE,Norio,Norio,,Murphy,Cranky,CBR1,048
E031,クリスピー,,Cub,Domineering,Female,かしら,dreamy shirt,ribbon parasol,antique clock;classic hutch;rubber tree;ranch tea table;ranch couch;phonograph;birdcage;space heater;rocking chair;classic desk;caladium;blue golf bag; /,lattice wall,ornate rug,K.K. Waltz,,Cabin,3,TRUE,Kurispī,Crispy,,Cupcake,Snooty,CBR2,049
E032,アイダホ,,Cub,Briskly,Male,のこころ,far-out shirt,sunny parasol,bear pole;exotic table;exotic table;eagle pole;oombloid;stringfish;coelacanth;gongoid;frog woman pole;djimbe drum;djimbe drum;raven pole; / arowana;angelfish;catfish;piranha;,ancient wall,exotic rug,-,,Cabin,0,TRUE,Aidaho,Idaho,,Kody,Jock,CBR3,050
E033,メープル,,Cub,Normal,Female,だベア,citrus gingham,lotus parasol,rubber tree;ranch tea table;Mama bear;Papa bear;Papa bear;classic table;turntable;Mama bear;Baby bear;lullaboid;rubber tree;Papa bear;rubber tree;mini lullaboid; / Baby bear;gerbera;Baby bear;,ranch wall,ranch flooring,K.K. Lullaby,,Cabana,0,TRUE,Mēpuru,Maple,,Maple,Normal,CBR4,051
E034,きんぞう,,Cub,Absent-minded,Male,んもう,green ring shirt,noodle parasol,folk guitar;Mama bear;apple TV;Arwing;red boom box;bus stop;pink kotatsu;school desk;drink vending machine;daruma;massage chair;tall sputnoid;barber's pole; /,ornate wall,8 mat tatami,Rockin' K.K.,,Cabana,0,TRUE,Kinzou,Kinzou,,Pudge,Lazy,CBR5,052
E035,ピッコロ,,Cub,Normal,Female,マグ,dapper shirt,gingham parasol,lovely lamp;lovely stereo;Mama bear;Papa bear;tulip chair;tulip table;tulip table;lovely dresser;wobbelina; / gerbera;Baby bear;,lovely wall,plaza tile,Only Me,,Barnhouse,4,TRUE,Pikkoro,Piccolo,,Olive,Normal,CBR6,053
E036,ポンチョ,,Cub,Briskly,Male,モン,blue grid shirt,plaid parasol,refrigerator;stove;comfy sweater;modern dresser;modern wardrobe;tall droploid;modern bed;mega timpanoid;rubber tree;classic table;mini dekkoid;cream sofa;mini bowtoid; /,music room wall,steel flooring,-,,Cabin,2,TRUE,Poncho,Poncho,,Poncho,Jock,CBR7,054
E037,グルミン,,Cub,Peppy,Female,キュン,lemon gingham,icy umbrella,conga drum;red boom box;Baby bear;blue dresser;blue bed;conga drum;red armchair;red armchair;Baby bear;cabana table;rock guitar;coconut palm;polka parasol; /,exotic wall,cabana flooring,K.K. Ska,,Cabin,1,TRUE,Gurumin,Gurumin,,Bluebear,Peppy,CBR8,055
E038,カルピ,,Cow,Peppy,Female,だモー,citrus shirt,gelato umbrella,cabana wardrobe;cabana vanity;cabana lamp;cabana bed;cabana armchair;birdcage;cabana bookcase;cabana dresser;cabana table;white boom box;cabana chair; /,cabana wall,cabana flooring,K.K. Calypso,,Cottage,0,TRUE,Karupi,Calpi,,Patty,Peppy,COW0,056
E039,しもふり,,Cow,Domineering,Female,ザマス,spunky knit,checked umbrella,tall bovoid;cow print;dice stereo;red clock;weeping fig;red sofa;aloe;country guitar;cabana lamp;round cactus;cabana table; / gerbera;,plaster wall,cowhide rug,K.K. Country,,Brick,2,TRUE,Shimofuri,,,Petunia,Snooty,COW1,057
E03A,アモーレ,,Cow,Normal,Female,ずら,berry gingham,plaid parasol,birdcage;barrel;dice stereo;pine table;pine chair;cactus;lady palm;fan palm;rubber tree;pothos;goldfish; / sunflower;,ivy wall,slate flooring,K.K. Salsa,,Brick,1,TRUE,Amōre,Amore,,Bessie,Normal,COW2,058
E03B,ミルク,,Cow,Peppy,Female,にゅう,denim shirt,petal parasol,cabana dresser;cabana wardrobe;folk guitar;tall bovoid;cabin clock;cow print;cabana table;cow print;violin;cow print;mega bovoid;cabin chair; /,cabana wall,cabin rug,-,,Cabin,0,TRUE,Miruku,Milk,,Belle,Peppy,COW3,059
E03C,アルベルト,,Alligator,Absent-minded,Male,だワニ,big bro's shirt,mod umbrella,lady palm;mini rhythmoid;pachira;mini rhythmoid;toilet;mini rhythmoid;mini rhythmoid;exotic chair;exotic table;exotic bench;white boom box; /,imperial wall,basement floor,Imperial K.K.,,Brick,2,TRUE,Aruberuto,Albert,,Alfonso,Lazy,CRD0,060
E03D,ホウサク,,Alligator,Briskly,Male,だぴょん,jester shirt,dainty parasol,rubber tree;turntable;exotic bench;croton;corn plant;exotic screen;common painting;snake plant;bromeliaceae;aloe;dracaena; /,ivy wall,slate flooring,K.K. Aria,,Brick,1,TRUE,Housaku,Housaku,,Boots,Jock,CRD1,061
E03E,ストロベリー,,Alligator,Normal,Female,なの,diamond shirt,berry umbrella,lovely bed;lovely lamp;lovely vanity;lovely armoire;lovely kitchen;tulip chair;tulip table;lovely stereo;wobbelina;hot spring shirt;red tie-dye;ribbon parasol;lotus parasol;grape shirt;strawberry shirt; /,lovely wall,checkered tile,K.K. Ballad,,Cabana,0,TRUE,Sutoroberī,Strawberry,,Liz,Normal,CRD2,062
E03F,ロビン,,Dog,Absent-minded,Male,だイヌ,mod top,sunny parasol,high-end stereo;cabin clock;ranch armchair;cabin low table;ranch armchair;fan palm;ranch bed;mega bovoid;mini tootoid; /,wood paneling,cabana flooring,K.K. Mambo,,Barnhouse,2,TRUE,Robin,Robin,,Biskit,Lazy,DOG0,063
E040,キャラメル,,Dog,Normal,Female,ワン,hippie shirt,polka parasol,turntable;tall nebuloid;cabana bed;cream sofa;cabin table;round cactus;No.4 shirt;tall cactus;rocking chair; /,blue-trim wall,birch flooring,K.K. Bossa,,Barnhouse,4,TRUE,Kyarameru,Caramel,,Goldie,Normal,DOG1,064
E041,バニラ,,Dog,Normal,Female,だよね,kiddie shirt,gelato umbrella,antique clock;amber;ammonite;dinosaur egg;dinosaur track;mammoth skull;mammoth torso;mega alloid;wee dingloid;extinguisher; /,library wall,tartan rug,-,,Cottage,4,TRUE,Banira,Vanilla,,Daisy,Normal,DOG2,065
E042,ラッキー,,Dog,Absent-minded,Male,らしいよ,No.23 shirt,batbrella,asteroid;asteroid;asteroid;asteroid;asteroid;asteroid;asteroid;asteroid;asteroid;Master Sword;Master Sword;asteroid;pond lantern;mini daruma;washbasin;blue kotatsu;squat dingloid;mini dingloid;holly bonsai; /,ancient wall,ancient tile,-,,Cabana,2,FALSE,Rakkī,Lucky,,Lucky,Lazy,DOG3,066
E043,ブレンダ,,Dog,Domineering,Female,フンッ,polar fleece,elegant umbrella,white knight;antique clock;exotic lamp;regal vanity;regal dresser;phonograph;regal chair;regal table;houndstooth knit;neo-classic knit;lacy parasol; /,stately wall,tartan rug,Café K.K.,,Brick,0,TRUE,Burenda,Brenda,,Portia,Snooty,DOG4,067
E044,マロン,,Dog,Peppy,Female,ワンツー,fetching outfit,pastel parasol,cabana wardrobe;computer;gold stereo;pachira;conga drum;classic sofa;cabana bed;bromeliaceae;mega fizzoid;round cactus;mini fizzoid;sunny parasol;gingham parasol; /,cabana wall,music room floor,K.K. Fusion,,Cabin,0,TRUE,Maron,Maron,,Maddie,Peppy,DOG5,068
E045,ジョン,,Dog,Scary,Male,ノン,houndstooth knit,classic umbrella,modern cabinet;green golf bag;bromeliaceae;novel painting;modern table;billiard table;gold stereo;modern sofa;corn plant;nebuloid;noble shirt;BB shirt; / ,concrete wall,modern tile,K.K. Fusion,,Brick,2,TRUE,Jon,John,,Butch,Cranky,DOG7,069
E046,ピータン,,Duck,Briskly,Male,だね,No.2 shirt,dainty parasol,exotic wardrobe;coconut palm;exotic bench;coconut palm;exotic end table;loach;darner dragonfly;exotic table;arowana;giant beetle;birdcage;phonograph; / exotic lamp;brown cicada;,lattice wall,kitchen tile,K.K. Reggae,,Cottage,0,TRUE,Pītan,,,Bill,Jock,DUK0,070
E047,のりっぺ,,Duck,Peppy,Female,だっピ,No.4 shirt,berry umbrella,reel-to-reel;round cactus;tall cactus;stove;refrigerator;nebuloid;iris chair;tulip table;iris chair;train set;kitschy clock;owl clock; /,kitchen wall,kitschy tile,K.K. Jazz,,Barnhouse,4,TRUE,Norippe,,,Pompom,Peppy,DUK1,071
E048,リチャード,,Duck,Absent-minded,Male,でヤンス,No.3 shirt,leaf umbrella,bathtub;bathtub;bath chair;bucket;tape deck;wash station;partitioning screen;clerk's booth;massage chair; /,bathhouse wall,bathhouse tile floor,K.K. Lament,,Cabin,3,TRUE,Richādo,Richard,,Joey,Lazy,DUK2,072
E049,マモル,,Duck,Briskly,Male,グワッ,frog shirt,flame umbrella,crucian carp;pond smelt;piranha;small bass;pop machine;drink vending machine;white boom box;cabana armchair;corn plant;corn plant;mini lamentoid;mega lamentoid;mega lamentoid;mini lamentoid; /,cabin wall,shanty mat,K.K. Calypso,,Cabana,3,TRUE,Mamoru,Mamoru,,Scoot,Jock,DUK3,073
E04A,ボン,,Duck,Absent-minded,Male,ね!ママ,yellow bar shirt,orange umbrella,ranch bookcase;writing desk;globe;refrigerator;pail;writing chair;blue kotatsu;alarm clock;space heater;certain-victory daruma;bucket;mini poltergoid;mini gargloid; /,worn-out mud wall,8 mat tatami,-,,Cabana,4,TRUE,Bon,Bon,,Derwin,Lazy,DUK4,074
E04B,マグロ,,Duck,Peppy,Female,ぎょぎょ,oft-seen print,mod umbrella,garden pond;bath chair;milk case;froggy chair;lily-pad table;dice stereo;wash station;bucket;bath mat; /,green wall,bamboo flooring,Two Days Ago,,Cabin,1,TRUE,Maguro,,,Freckles,Peppy,DUK5,075
E04C,パオロ,,Elephant,Absent-minded,Male,パオ,I love 64 shirt,mod umbrella,mini daruma;sewing box;azalea bonsai;mega gongoid;tea dresser;shogi board;hearth;folding screen;mini gongoid;Naomi figurine;paper parasol;safety frog; /,worn-out mud wall,old board floor,-,,Cabana,2,TRUE,Paoro,Paolo,,Paolo,Lazy,ELP0,076
E04D,ヒュージ,,Elephant,Absent-minded,Male,だゾウ,No.5 shirt,gelato umbrella,elephant slide;one-ball shirt;alarm clock;ranch bed;mini dingloid;mega timpanoid;mega lamentoid;blue chair;train set;toilet; /,wood paneling,old board floor,-,,Cabin,1,TRUE,Hyūji,Huge,,Dizzy,Lazy,ELP1,077
E04E,エックスエル,,Elephant,Briskly,Male,でゴンス,fresh shirt,retro umbrella,dingloid;rhythmoid;ebony piano;rustoid;timpanoid;djimbe drum;conga drum;conga drum;timpano drum;lady palm;rubber tree;dracaena;lady palm; /,ivy wall,daisy meadow,-,,Cabin,0,TRUE,Ekkusueru,XL,,Axel,Jock,ELP2,078
E04F,ケロミ,,Frog,Normal,Female,だケロ,frog shirt,lotus parasol,green bench;green lamp;owl clock;mega croakoid;mini croakoid;green table;polka parasol;daffodil parasol;blue umbrella;pothos;tall croakoid;croakoid;elegant umbrella; / popeyed goldfish;,blue-trim wall,kitchen tile,-,,Barnhouse,0,TRUE,Keromi,,,Emerald,Normal,FLG0,079
E050,タンボ,,Frog,Briskly,Male,だよん,one-ball shirt,sharp umbrella,elephant slide;bathtub;elephant slide;froggy chair;mini squelchoid;froggy chair;mega dinkoid;lily-pad table;mini buzzoid;tall croakoid;froggy chair;lily-pad table; / goldfish;,playroom wall,bathhouse tile floor,-,,Barnhouse,3,TRUE,Tanbo,,,Tad,Jock,FLG1,080
E051,サム,,Frog,Scary,Male,だぎゃ,static shirt,leaf umbrella,quince bonsai;ponderosa bonsai;pine bonsai;azalea bonsai;safety frog;exotic bench;safety frog;garden pond;reel-to-reel;rustoid;long washbasin; /,bamboo wall,sand garden,Imperial K.K.,,Cabana,2,TRUE,Samu,Sam,,Wart Jr,Cranky,FLG2,081
E052,ハルマキ,,frog,Briskly,Male,のことよ,noodle shirt,noodle parasol,exotic bureau;reel-to-reel;exotic bed;exotic chair;exotic chest;exotic chair;exotic table;exotic wardrobe;exotic screen;lady palm; /,exotic wall,exotic rug,K.K. Reggae,,Barnhouse,4,TRUE,Harumaki,,,Cousteau,Jock,FLG3,082
E053,チョキ,,Frog,Peppy,Female,っちゃ,lovely shirt,berry umbrella,watermelon table;No.2 shirt;No.2 shirt;No.1 shirt;apple TV;red sofa;No.5 shirt;No.4 shirt;lemon table;lemon table;red vending machine;red boom box; /,citrus wall,kiddie carpet,Señor K.K.,,Cottage,0,TRUE,Choki,,,Puddles,Peppy,FLG4,083
E054,レイニー,,Frog,Normal,Female,でちゅ,neo-classic knit,petal parasol,fan;stove;refrigerator;froggy chair;froggy chair;froggy chair;red boom box;large bass;lily-pad table;lily-pad table;lily-pad table;froggy chair;mop;water bird;pail; / bitterling;,mod wall,ceramic tile,K.K. Salsa,,Barnhouse,1,TRUE,Reinī,Rainy,,Lily,Normal,FLG5,084
E055,クワトロ,,Frog,Absent-minded,Male,にゃむ,sunset top,Nintendo parasol,white boom box;mega squelchoid;table tennis;froggy chair;lily-pad table;garden pond;crewel shirt;chevron shirt;oft-seen print;kiwi shirt;leaf umbrella;shirt circuit; /,bamboo wall,red tile,K.K. Song,,Barnhouse,2,TRUE,Kuwatoro,Quattro,,Jeremiah,Lazy,FLG6,085
E056,ストロー,,Frog,Absent-minded,Male,とかー,melon gingham,sunny parasol,staircase dresser;phonograph;quince bonsai;maple bonsai;antique clock;hibachi;tea vase;partitioning screen; /,tea room wall,8 mat tatami,K.K. Lullaby,,Cabana,3,TRUE,Sutorō,Straw,,Huck,Lazy,FLG7,086
E057,フルメタル,,Frog,Scary,Male,わい,MVP shirt,batbrella,red drum can;green drum;tricera skull;piranha;office locker;CD player;folding chair;refrigerator;modern sofa;garbage can; /,concrete wall,office flooring,K.K. Rock,,Cabin,3,TRUE,Furumetaru,Full Metal,,Camofrog,Cranky,FLG8,087
E058,ガチャ,,Frog,Briskly,Male,だロボ,pulse shirt,blue umbrella,lunar lander;rocket;Spaceman Sam;slim quazoid;tall quazoid;lunar rover;asteroid;space shuttle;satellite; /,lunar horizon,lunar surface,-,,Cottage,1,FALSE,Gacha,Gacha,,Ribbot,Jock,FLG9,088
E059,カール,,Frog,Absent-minded,Male,ですだ,yellow bar shirt,leaf umbrella,pail;Nook's portrait;green drum;light brown drum can;red drum can;cube clock;space heater;blue kotatsu;subdued print;bus stop;batbrella; /,shanty wall,shanty mat,-,,Cabana,1,TRUE,Kāru,Carl,,Prince,Lazy,FLGA,089
E05A,エスメラルダ,,Frog,Normal,Female,ですわよ,prism shirt,ribbon parasol,mega sproid;kiddie couch;mega drilloid;mini drilloid;mega sproid;train set;mega drilloid;gelato umbrella; /,kiddie wall,modern tile,-,,Brick,4,TRUE,Esumeraruda,Esmeralda,,Jambette,Normal,FLGB,090
E05B,アーシンド,,Goat,Briskly,Male,よのう,sharp outfit,classic umbrella,red vase;beckoning cat;hinaningyo;Paulownia dresser;Paulownia dresser;blue vase;beckoning black cat;tea vase;oombloid;glass-top table;samurai suit;paper lantern;safety frog; /,modern screen,tatami floor,-,,Cabana,4,TRUE,Āshindo,,,Billy,Jock,GOA0,091
E05C,ユキ,,Goat,Normal,Female,っぺ,natty shirt,gingham parasol,regal bookcase;fresh shirt;Mama bear;jade econo-chair;Papa bear;white boom box;petal parasol;petal parasol; /,plaza wall,classic carpet,K.K. Chorale,,Brick,3,TRUE,Yuki,Yuki,,Chevre,Normal,GOA1,092
E05D,オトマツ,,Goat,Briskly,Male,ですじゃ,white ring shirt,sharp umbrella,tea dresser;samurai suit;shogi board;safety frog;tanuki figurine;pine bonsai;hearth;red vase;phonograph;tea vase;daruma; /,manor wall,18 mat tatami,K.K. Folk,,Cabana,0,TRUE,Otomatsu,Otomatsu,,Iggy,Jock,GOA2,093
E05E,ビリー,,Goat,Scary,Male,イェーイ,big star shirt,flame umbrella,folk guitar;country guitar;rock guitar;jukebox;kitschy clock;ivory piano;bass;modern sofa;extinguisher;pothos; /,stone wall,modern tile,Only Me,,Brick,4,TRUE,Birī,Billy,,Gruff,Cranky,GOA3,094
E05F,チャマジ,,Goat,Absent-minded,Male,とほほ,desert camo,paper parasol,phonograph;koi;beckoning black cat;beckoning cat;tea dresser;glass-top table;paper parasol;tall puffoid;tall puffoid; /,gold screen wall,18 mat tatami,K.K. Folk,,Cabana,4,TRUE,Chamaji,,,Sven,Lazy,GOA4,095
E060,ピティエ,,Goat,Domineering,Female,ザーマス,cool shirt,mod umbrella,fine painting;lady palm;classic clock;perfect painting;nice painting;rare painting;space heater;classic sofa;common painting;dainty painting;fan palm;amazing painting;phonograph;globe; /,library wall,checkered tile,Café K.K.,,Brick,1,FALSE,Pitie,,,Velma,Snooty,GOA5,096
E061,フィーバー,,Gorilla,Domineering,Female,だゴリ,rainbow shirt,sunny parasol,pop machine;apple TV;retro stereo;tulip chair;cream sofa;daffodil table;orange tie-dye;iris table;Jingle shirt;tulip table;rainbow shirt;lovely lamp; /,kitschy wall,kitschy tile,K.K. Soul,,Cabin,4,TRUE,Fībā,Fever,,Jane,Snooty,GOR0,097
E062,アラン,,Gorilla,Scary,Male,ウホウホ,A shirt,bumbershoot,regal lamp;regal sofa;phonograph;tall alloid;tall strumboid;tall poltergoid;tall echoid;bromeliaceae;white pawn;white pawn;bromeliaceae; /,plaza wall,regal carpet,K.K. Casbah,,Cabin,3,TRUE,Aran,Alan,,Cesar,Cranky,GOR1,098
E063,マッスル,,Gorilla,Briskly,Male,コング,li'l bro's shirt,petal parasol,cabin clock;round cactus;cabin armchair;cabin table;mini bowtoid;mega bowtoid;conga drum;conga drum;djimbe drum;bear pole;timpano drum;keg; /,wood paneling,cabin rug,-,,Cabin,1,TRUE,Massuru,Muscle,,Louie,Jock,GOR2,099
E064,ダンベル,,Gorilla,Scary,Male,ガオ,five-ball shirt,leaf umbrella,samurai suit;mega timpanoid;high-end stereo;rustoid;samurai suit;exotic bed;taiko drum;taiko drum; /,concrete wall,concrete floor,K.K. Casbah,,Cottage,1,TRUE,Danberu,Dumbbell,,Peewee,Cranky,GOR3,100
E065,ヒポクラテス,,Hippo,Absent-minded,Male,なのな,whirly shirt,dainty parasol,metatoid;maple bonsai;samurai suit;plum bonsai;ponderosa bonsai;tall percoloid;glass-top table;paper lantern;paper lantern; /,old brick wall,shanty mat,-,,Cabana,4,TRUE,Hipokuratesu,Hippocrates,,Rollo,Lazy,HIP0,101
E066,チャコ,,Hippo,Peppy,Female,でガンス,crossing shirt,plaid parasol,mega dekkoid;apple TV;apple clock;pear wardrobe;round cactus;dekkoid;mini dekkoid;watermelon table;melon chair;watermelon chair;pineapple bed;petal parasol;tall cactus;berry umbrella;orange umbrella; / Nook's portrait;,citrus wall,citrus carpet,-,,Cottage,2,TRUE,Chuko,,,Bubbles,Peppy,HIP1,102
E067,あんこ,,Hippo,Normal,Female,そうです,pink tartan,gingham parasol,rare painting;gold stereo;modern bed;bromeliaceae;modern chair;modern end table;modern chair;cello;vibraphone;aloe; /,blue wall,stone tile,I Love You,,Brick,3,TRUE,Anko,Anko,,Bertha,Normal,HIP2,103
E068,サブレ,,Horse,Absent-minded,Male,だヒヒン,gaudy sweater,gelato umbrella,phonograph;strange painting;regal chair;regal chair;regal table;regal chair;regal chair;ranch couch;classic clock; /,arched window,opulent rug,K.K. Waltz,,Cottage,3,TRUE,Sabure,Sablé,,Elmer,Lazy,HRS0,104
E069,マキバスター,,Horse,Peppy,Female,みゃあ,cow print,gingham parasol,lovely stereo;lovely vanity;lovely dresser;lovely armoire;lovely chair;lovely lamp;Mama bear;lovely end table;lovely bed;lovely table;lovely armchair; / gerbera;,lovely wall,lovely carpet,K.K. Bossa,,Barnhouse,0,TRUE,Makibasutā,,,Winnie,Peppy,HRS1,105
E06A,サバンナ,,Horse,Normal,Female,ってば,deep blue tee,icy umbrella,lady palm;cabana armchair;retro stereo;cabana armchair;corn plant;caladium;cabana screen;birdcage;conga drum;conga drum; /,plaza wall,red tile,K.K. Salsa,,Brick,3,TRUE,Sabanna,Savanna,,Savannah,Normal,HRS2,106
E06B,キザノホマレ,,Horse,Briskly,Male,じゃない,rickrack shirt,checked umbrella,modern bed;modern chair;gold stereo;modern dresser;modern wardrobe;modern desk;globe;modern sofa;modern table;modern end table; / modern lamp;,modern wall,modern tile,K.K. Ballad,,Brick,2,TRUE,Kizanohomare,,,Ed,Jock,HRS3,107
E06C,アイソトープ,,Horse,Domineering,Female,あそばせ,silk bloom shirt,icy umbrella,corn plant;croton;retro stereo;rubber tree;weeping fig;aloe;bromeliaceae;bathtub;cabana screen;cabana lamp;cabana vanity;guppy; /,mosaic wall,mosaic tile,K.K. Bossa,,Cottage,4,TRUE,Aisotōpu,Isotope,,Cleo,Snooty,HRS4,108
E06D,ドサコ,,Horse,Normal,Female,だポン,lite polka shirt,berry umbrella,letter cubby;windsock shirt;windsock shirt;wastebasket;school chair;rag chair;rag desk;school desk;kiddie stereo;squelchoid;mega squelchoid;mini squelchoid; /,kiddie wall,playroom rug,Señor K.K.,,Barnhouse,4,TRUE,Dosako,,,Peaches,Normal,HRS5,109
E06E,ヴァヤシコフ,,Horse,Briskly,Male,なんちて,eight-ball shirt,sharp umbrella,phonograph;leather jerkin;antique clock;exotic chest;ranch couch;classic table;ranch armchair;exotic screen;space heater;tea vase; /,old brick wall,opulent rug,K.K. Casbah,,Cottage,0,TRUE,Vayashikofu,Vayashikov,,Buck,Jock,HRS6,110
E06F,マミィ,,Kangaroo,Normal,Female,だフン,toad print,gingham parasol,pail;glow clock;stove;refrigerator;rubber tree;green table;jade econo-chair;gold econo-chair;ruby econo-chair;tall harmonoid;mini gargloid;water bird; / tea set;,kitchen wall,kitchen flooring,-,,Barnhouse,1,FALSE,Mamī,Mommy,,Carrie,Normal,KGR0,111
E070,アザラク,,Kangaroo,Domineering,Female,ッハ,U R here shirt,elegant umbrella,classic clock;slot machine;slot machine;slot machine;slot machine;corn plant;billiard table;classic sofa;classic table;checkered shirt;checkerboard tee;jukebox; /,green wall,checkered tile,K.K. Ragtime,,Cottage,3,FALSE,Azaraku,Azarak,,Mathilda,Snooty,KGR1,112
E071,モジモジ,,Kangaroo,Peppy,Female,っきょ,snowcone shirt,polka parasol,toilet;apple clock;tape deck;daffodil table;tulip chair;mini timpanoid;mini alloid;mini poltergoid;mini fizzoid; /,exotic wall,tropical floor,Aloha K.K.,,Cabin,2,FALSE,Mojimoji,,,Marcy,Peppy,KGR2,113
E072,アップリケ,,Kangaroo,Normal,Female,ッポン,moody blue shirt,orange umbrella,turntable;classic cabinet;ebony piano;classic table;classic chair;exotic bench;classic chair;classic desk;weeping fig; /,arched window,birch flooring,K.K. Chorale,,Barnhouse,0,FALSE,Appurike,Appliqué,,Kitt,Normal,KGR3,114
E073,エプロン,,Kangaroo,Domineering,Female,ピョン,rose shirt,pastel parasol,phonograph;regal lamp;classic bed;regal lamp;cello;classic painting;weeping fig;regal sofa;dainty painting;perfect painting; /,regal wall,tartan rug,K.K. Etude,,Barnhouse,2,FALSE,Epuron,Apron,,Valise,Snooty,KGR4,115
E074,キッズ,,Kangaroo,Domineering,Female,だパンク,star shirt,flame umbrella,regal lamp;regal chair;office locker;dreadful painting;regal bed;high-end stereo;rock guitar;regal sofa;red drum can;orange cone;extinguisher; / ,stately wall,steel flooring,The K. Funk,,Cabana,0,FALSE,Kizzu,Kids,,Astrid,Snooty,KGR5,116
E075,シドニー,,Koala,Normal,Female,だコアラ,big dot shirt,polka parasol,cabin dresser;kitschy clock;rickrack shirt;red grid shirt;red boom box;cabin couch;Mama bear;cabin table;aloe;cabin armchair;cabin armchair;rubber tree; /,cabin wall,green rug,K.K. Jazz,,Cabin,4,TRUE,Shidonī,Sydney,,Sydney,Normal,KAL0,117
E076,ゴンゾー,,Koala,Scary,Male,だがや,earthy knit,batbrella,Aiko figurine;red vending machine;green drum;light brown drum can;partitioning screen;tall clankoid;clankoid;space heater;mini clankoid;mega clankoid;cabin chair;batbrella;pail;stone couple; /,shanty wall,shanty mat,-,,Cabana,1,TRUE,Gonzō,Gonzo,,Gonzo,Cranky,KAL1,118
E077,ドングリ,,Koala,Absent-minded,Male,ククッ,giraffe print,leaf umbrella,letter cubby;folding chair;office locker;mop;school desk;school chair;chalk board;rag desk;school chair;tape deck;metronome;pail; /,music room wall,music room floor,Mr. K.K.,,Cottage,2,TRUE,Donguri,,,Ozzie,Lazy,KAL2,119
E078,ユーカリ,,Koala,Domineering,Female,アラ,citrus gingham,daffodil parasol,regal vanity;turntable;regal chair;regal chair;regal bookcase;regal table;regal chair;regal chair;classic painting;ivory piano;pothos;dainty painting; /,classic wall,parquet floor,Soulful K.K.,,Brick,4,TRUE,Yūkari,Eucaly,,Yuka,Snooty,KAL3,120
E079,ダッコ,,Koala,Peppy,Female,エヘ,jade check print,ribbon parasol,metronome;plinkoid;lovely armchair;plinkoid;hi-fi stereo;lovely armchair;plinkoid;ebony piano;lovely end table;pothos; /,cabana wall,exotic rug,K.K. March,,Cottage,2,TRUE,Dakko,,,Huggy,Peppy,KAL4,121
E07A,サンデー,,Lion,Absent-minded,Male,だオン,blue pinstripe,polka parasol,classic cabinet;classic bed;mega timpanoid;classic clock;white queen;weeping fig;black pawn;classic table;classic sofa;mini fizzoid; /,manor wall,opulent rug,-,,Cottage,2,TRUE,Sandē,Sunday,,Rex,Lazy,LON0,122
E07B,アッサム,,Lion,Briskly,Male,カンジー,Anju's shirt,twig parasol,lady palm;fan palm;corn plant;lady palm;caladium;birdcage;exotic end table;exotic bench;dracaena;phonograph;exotic screen;fan palm;fan palm;rubber tree;lady palm;pothos;bromeliaceae;corn plant; /,imperial wall,mossy carpet,Lucky K.K.,,Cabana,2,TRUE,Assamu,Assam,,Aziz,Jock,LON1,123
E07C,ティーチャー,,Lion,Briskly,Male,よな,noble shirt,classic umbrella,classic hutch;classic wardrobe;weeping fig;classic clock;classic vanity;classic bed;classic sofa;classic table;mega harmonoid;classic desk;classic chair;bass;harmonoid; /,classic wall,classic carpet,-,,Brick,1,TRUE,Tīchā,Teacher,,Leopold,Jock,LON2,124
E07D,ピース,,Mouse,Briskly,Male,チュー,airy shirt,orange umbrella,melon chair;watermelon chair;dice stereo;mega plinkoid;kitschy clock;watermelon shirt;Nintendo parasol;melon shirt;slim nebuloid;large bass;water bird; /,citrus wall,kiddie carpet,K.K. Ballad,,Cottage,1,TRUE,Pīsu,Piece,,Samson,Jock,MUS0,125
E07E,ネズこ,,Mouse,Peppy,Female,なのさ,subdued print,leaf umbrella,tape deck;office desk;mop;office chair;folding chair;modern bed;manhole cover;garbage can;garbage can; /,old brick wall,charcoal tile,K.K. Parade,,Brick,1,TRUE,Nezuko,Nezuko,,Penny,Peppy,MUS1,126
E07F,とめ,,Mouse,Normal,Female,だべ,sharp outfit,sharp umbrella,hinaningyo;sewing machine;tea dresser;wobbelina;sewing box;hibachi;mini warbloid;ponderosa bonsai;quince bonsai;blue kotatsu;tape deck;Yuki figurine; /,worn-out mud wall,18 mat tatami,Señor K.K.,,Cabana,0,TRUE,Tome,,,Dora,Normal,MUS2,127
E080,チューボー,,Mouse,Absent-minded,Male,ナリ,blue check print,Nintendo parasol,red vase;tea vase;timpanoid;pond lantern;exotic bureau;exotic chest;reel-to-reel;exotic bench;lady palm;djimbe drum;exotic end table; / ponderosa bonsai;,exquisite wall,charcoal tile,K.K. Faire,,Brick,2,TRUE,Chūbō,,,Chico,Lazy,MUS3,128
E081,かんゆ,,Mouse,Peppy,Female,ですワ,ancient knit,petal parasol,daisy shirt;blossom shirt;apple TV;funky dot shirt;apple clock;lovely shirt;red sofa;red armchair;lovely stereo;snake plant;mini dekkoid;mini tootoid; /,rose wall,kitschy tile,K.K. Calypso,,Barnhouse,0,TRUE,Kan'yu,,,Candi,Peppy,MUS4,129
E082,ちょろきち,,Mouse,Scary,Male,がってん,lavender robe,hypno parasol,paper lantern;staircase dresser;staircase dresser;paper lantern;Aiko figurine;Maki figurine;Emi figurine;Naomi figurine;Yoko figurine;Maki figurine;tall gongoid;Yuki figurine;Aiko figurine;tall lamentoid;tall dingloid;tall strumboid;folding screen;folding screen; /,gold screen wall,old flooring,-,,Cabana,2,FALSE,Chorokichi,Chorokichi,,Rizzo,Cranky,MUS5,130
E083,ラザニア,,Mouse,Peppy,Female,ルンルン,desert shirt,berry umbrella,Papa bear;Mama bear;regal chair;regal chair;weeping fig;dainty painting;vibraphone;hi-fi stereo;mini gargloid;bass; /,rose wall,ornate rug,K.K. Aria,,Cottage,0,TRUE,Razania,Lasagna,,Anicotti,Peppy,MUS6,131
E084,らっきょ,,Mouse,Scary,Male,てやんで,thunder shirt,twig parasol,garden stone;folding screen;folding screen;garden stone;mini dingloid;tall oombloid;tall percoloid;wee dingloid;taiko drum;taiko drum;dark stone;dark stone;shrine lantern;washbasin;reel-to-reel;shrine lantern; /,mortar wall,sand garden,K.K. Folk,,Cabana,1,TRUE,Rakkyo,,,Limberg,Cranky,MUS7,132
E085,ゼリー,,Mouse,Domineering,Female,んとんと,ribbon shirt,petal parasol,bathtub;red sofa;tall cactus;red armchair;round cactus;pineapple bed;pineapple bed;toilet;apple TV;extinguisher; /,kitschy wall,kitschy tile,-,,Cottage,3,TRUE,Zerī,Jelly,,Carmen,Snooty,MUS8,133
E086,おくたろう,,Octopus,Scary,Male,タコ,big star shirt,hypno parasol,Master Sword;garden stone;stone couple;dark stone;extinguisher;stone couple;flying saucer;garden stone;robo-stereo;standing stone;garden stone;dark stone;standing stone;garden stone;N logo; /,lunar horizon,sandlot,K.K. D & B,,Cabana,1,FALSE,Okutarou,Octarou,,Octavian,Cranky,OCT0,134
E087,ラン,,Ostrich,Normal,Female,だチョー,blue scale shirt,gelato umbrella,fence;lunar lander;squat nebuloid;mega harmonoid;mega sputnoid;iron frame;rocket;manhole cover;striped pylon;work ahead signboard;green drum;barricade;traffic guidance robot;fence; /,desert vista,Saharah's desert,-,,Cabana,3,FALSE,Ran,Ran,,Sandy,Normal,OST0,135
E088,ヘルツ,,Ostrich,Briskly,Male,だメカ,No.67 shirt,flame umbrella,morning assembly stand;fence with vinyl;morning assembly stand;mini plinkoid;mega plinkoid;office locker;robo-clock;robo-stereo;folding chair;lunar rover;folding chair;barricade;extinguisher;striped pylon;orange cone; /,industrial wall,concrete floor,K.K. Technopop,,Barnhouse,3,FALSE,Herutsu,Hertz,,Sprocket,Jock,OST1,136
E089,デジャネイロ,,Ostrich,Peppy,Female,リン,red scale shirt,dainty parasol,bear pole;cactus;gold stereo;timpano drum;country guitar;cabana lamp;mini clankoid;mega percoloid;cabana chair;mini rhythmoid;conga drum;conga drum;vibraphone; /,wood paneling,cabana flooring,K.K. Samba,,Cottage,4,FALSE,De Janeiro,De Janeiro,,Rio,Peppy,OST2,137
E08A,タキュ,,Ostrich,Domineering,Female,やっぱし,laced shirt,lacy parasol,black rook;phonograph;classic sofa;white rook;black knight;white knight;black king;black pawn;white pawn;white king;black queen;black pawn;white pawn;white queen;black bishop;black pawn;white pawn;white bishop;black rook;white rook; /,backgammon wall,chessboard rug,K.K. Gumbo,,Brick,0,FALSE,Takyu,,,Queenie,Snooty,OST3,138
E08B,アポロ,,Eagle,Scary,Male,だワイ,zipper shirt,paper parasol,regal bookcase;black knight;white queen;hi-fi stereo;billiard table;modern desk;modern sofa;houndstooth knit;trilobite;dracaena;ammonite; /,classic wall,tartan rug,Soulful K.K.,,Cottage,0,TRUE,Aporo,Apollo,,Apollo,Cranky,PBR0,139
E08C,ひでよし,,Eagle,Scary,Male,ッキーッ,racer 6 shirt,twig parasol,black king;black rook;black pawn;white pawn;white rook;white king;country guitar;rock guitar;blue bench;red boom box;garbage can;dracaena;flame umbrella; /,ivy wall,slate flooring,The K. Funk,,Cabana,1,TRUE,Hideyoshi,Hideyoshi,,Buzz,Cranky,PBR1,140
E08D,ハチェット,,Eagle,Briskly,Male,ゲロッパ,rally shirt,yellow umbrella,bear pole;eagle pole;cabin chair;cabin chair;exotic shirt;cabin table;jukebox;tall cactus;cactus;cabin bed; /,meadow vista,cowhide rug,K.K. Western,,Cabin,4,TRUE,Hachetto,Hatchet,,Quetzal,Jock,PBR2,141
E08E,アンデス,,Eagle,Domineering,Female,カラカラ,spiderweb shirt,daffodil parasol,dinosaur track;ammonite;monkey shirt;tape deck;giant snakehead;birdcage;cabin bed;ranch chair;tall puffoid;ranch tea table;cactus;country guitar;aloe;bromeliaceae; /,desert vista,cabin rug,K.K. Condor,,Cabin,3,TRUE,Andesu,Andes,,Amelia,Snooty,PBR3,142
E08F,セバスチャン,,Eagle,Briskly,Male,バサバサ,circus shirt,retro umbrella,regal cupboard;phonograph;regal armoire;regal vanity;regal bed;regal chair;regal table;regal sofa;regal lamp;moving painting; /,regal wall,regal carpet,K.K. Etude,,Brick,3,TRUE,Sebasuchan,Sebastian,,Pierce,Jock,PBR4,143
E090,ペンタ,,Penguin,Briskly,Male,だペン,café shirt,daffodil parasol,elephant slide;kiddie clock;puzzling shirt;robo-stereo;mini sproid;space shuttle;train set;gelato umbrella;toilet; /,playroom wall,kiddie carpet,K.K. Parade,,Barnhouse,2,TRUE,Penta,Penta,,Roald,Jock,PGN0,144
E091,オーロラ,,Penguin,Normal,Female,だジョー,classic top,orange umbrella,lullaboid;harmonoid;nebuloid;dingloid;refrigerator;stove;daffodil chair;iris table;daffodil chair;alarm clock;red boom box;elephant slide;kitschy clock;glow clock;red clock; /,lunar horizon,kitchen tile,K.K. Swing,,Brick,0,TRUE,Ōrora,Aurora,,Aurora,Normal,PGN1,145
E092,ダルマン,,Penguin,Scary,Male,ちぅねん,dragon suit,flame umbrella,cabin chair;cabin chair;bear pole;eagle pole;cabin low table;mega timpanoid;gongoid;mini rustoid;raven pole;frog woman pole;barrel;round cactus;barrel; /,cabin wall,cowhide rug,-,,Cabin,0,TRUE,Daruman,,,Hopper,Cranky,PGN2,146
E093,ビス,,Penguin,Absent-minded,Male,ペンペン,N cube shirt,petal parasol,robo-clock;tulip chair;apple TV;iris chair;daffodil chair;robo-stereo;squat nebuloid;plinkoid;tall quazoid;round cactus;mini dinkoid;round cactus;round cactus; /,mod wall,diner tile,K.K. Technopop,,Cabana,4,TRUE,Bisu,Vis,,Cube,Lazy,PGN3,147
E094,ホッケー,,Penguin,Absent-minded,Male,さぶー,BB shirt,blue umbrella,blue wardrobe;blue bureau;blue clock;blue bookcase;blue cabinet;water bird;blue dresser;blue bed;blue bench;blue chair;mega plinkoid;blue table;plinkoid;mini plinkoid; /,blue wall,blue flooring,-,,Cottage,3,TRUE,Hokkē,Hockey,,Puck,Lazy,PGN4,148
E095,ポーラ,,Penguin,Domineering,Female,ウフフ,yellow bolero,lacy parasol,antique clock;fan palm;phonograph;classic chair;classic cabinet;classic sofa;classic table;ebony piano;lacy parasol;checked umbrella; /,plaza wall,plaza tile,Café K.K.,,Cottage,4,TRUE,Pōra,Paula,,Gwen,Snooty,PGN5,149
E096,サブリナ,,Penguin,Domineering,Female,ツルルン,cozy sweater,lacy parasol,regal bookcase;regal armoire;turntable;cabana lamp;wavy pink shirt;regal chair;regal chair;bubble shirt;regal table;cabana screen;lacy parasol;pastel parasol; / daffodil;,arched window,classic carpet,K.K. Tango,,Cabin,3,TRUE,Saburina,Sabrina,,Friga,Snooty,PGN6,150
E097,ハムカツ,,Pig,Briskly,Male,どもども,green bar shirt,gelato umbrella,country guitar;coconut palm;cabin bookcase;tape deck;ranch bed;pachira;mini croakoid;tall cactus; /,wood paneling,music room floor,K.K. Reggae,,Cabin,2,TRUE,Hamukatsu,Ham Katsu,,Curly,Jock,PIG0,151
E098,トンコ,,Pig,Peppy,Female,だわさ,turnip top,polka parasol,lovely kitchen;mega tootoid;mini tootoid;timpano drum;timpano drum;mini tootoid;gold econo-chair;blue table;gold econo-chair;sunset top;gingham parasol;melon shirt; / tea set;,citrus wall,lovely carpet,-,,Barnhouse,3,TRUE,Tonko,,,Truffles,Peppy,PIG1,152
E099,ポーク,,Pig,Absent-minded,Male,だブー,jade check print,yellow umbrella,globe;antique clock;chalk board;giant catfish;school chair;school chair;school chair;school chair;school chair;school chair;mop;tape deck; /,arched window,old board floor,Soulful K.K.,,Cabin,0,TRUE,Hōku,,,Spork,Lazy,PIG2,153
E09A,クッチャネ,,Pig,Absent-minded,Male,とかね,trendy top,orange umbrella,refrigerator;stove;kiddie stereo;alarm clock;kiddie bed;goldfish;kiddie couch;mini sproid;sproid;super toilet; /,plaster wall,diner tile,K.K. Mambo,,Cabin,1,TRUE,Kutchune,,,Hugh,Lazy,PIG3,154
E09B,グレオ,,Pig,Scary,Male,まんねん,familiar shirt,Nintendo parasol,office locker;office locker;office locker;wide-screen TV;white golf bag;glass-top table;mini timpanoid;mega percoloid;pine bonsai;plum bonsai; / mini daruma;,shanty wall,cowhide rug,-,,Cabin,2,TRUE,Gureo,,,Rasher,Cranky,PIG4,155
E09C,ブルジョア,,Pig,Domineering,Female,ざんす,snappy print,elegant umbrella,regal armoire;antique clock;rose shirt;high-end stereo;regal vanity;regal sofa;regal lamp;harp;regal chair;famous painting; /,rose wall,fancy carpet,K.K. Waltz,,Brick,3,TRUE,Burujoa,Bourgeois ,,Sue E,Snooty,PIG5,156
E09D,はちまき,,Pig,Briskly,Male,だス,concierge shirt,bumbershoot,writing desk;certain-victory daruma;owl clock;ranch bookcase;writing chair;mini daruma;space heater;tape deck;vaulting horse; /,worn-out mud wall,8 mat tatami,Mr. K.K.,,Cabana,3,TRUE,Hachimaki,Hachimaki,,Hambo,Jock,PIG6,157
E09E,ルーシー,,Pig,Normal,Female,よぅ,natty shirt,gingham parasol,Yuki figurine;Yoko figurine;mega tootoid;kagamimochi;tea table;Aiko figurine;Keiko figurine;folding screen;popeyed goldfish;writing desk;Emi figurine;space heater;ponderosa bonsai;writing chair;pine bonsai; / goldfish;,tea room wall,8 mat tatami,-,,Barnhouse,0,TRUE,Rūshī,Lucy,,Lucy,Normal,PIG7,158
E09F,ハカセ,,Pig,Briskly,Male,でアール,racer shirt,bumbershoot,apato skull;apato torso;apato tail;amber;trilobite;dinosaur track;ammonite;slim quazoid;giant snakehead;tall nebuloid; /,library wall,checkered tile,-,,Cottage,4,TRUE,Hakase,,,Cobb,Jock,PIG8,159
E0A0,ダリー,,Pig,Scary,Male,ブヒッ,Kaffe's shirt,noodle parasol,pothos;croakoid;writing chair;writing desk;computer;mini echoid;brook trout;wide-screen TV;globe;red check shirt;train set;flat stag beetle; /,green wall,ceramic tile,-,,Barnhouse,1,TRUE,Darī,,,Boris,Cranky,PIG9,160
E0A1,リリアン,,Rabbit,Peppy,Female,みたいな,flicker shirt,daffodil parasol,lovely stereo;lovely lamp;regal vanity;regal bed;red check shirt;berry gingham;lovely chair;lovely end table;Papa bear;ebony piano; /,wood paneling,parquet floor,K.K. Aria,,Cabin,2,TRUE,Ririan,Lilian,,Bunnie,Peppy,RBT0,161
E0A2,トビオ,,Rabbit,Absent-minded,Male,ですね,vertigo shirt,bumbershoot,globe;chalk board;bass;small bass;graffiti desk;rag desk;school chair;rag chair;tape deck;mop; /,classroom wall,classroom floor,K.K. March,,Cottage,2,TRUE,Tobio,Tobio,,Doc,Lazy,RBT1,162
E0A3,モサキチ,,Rabbit,Scary,Male,ムホッ,swell shirt,Nintendo parasol,science table;eel;reel-to-reel;antique clock;modern end table;dace;trilobite;scale;toilet;pail;pail; / red clock;,manor wall,old board floor,K.K. Waltz,,Cabana,4,TRUE,Mosakichi,Mosakichi,,Gaston,Cranky,RBT2,163
E0A4,やよい,,Rabbit,Normal,Female,はにょ,blossoming shirt,leaf umbrella,mega lamentoid;lamentoid;tea dresser;sewing box;mega gongoid;mini lamentoid;hibachi;garden pond;mossy stone;garden stone;paper parasol;dark stone; /,garden wall,sandlot,-,,Cabana,2,FALSE,Yayoi,Yayoi,,Coco,Normal,RBT3,164
E0A5,ペチカ,,Rabbit,Peppy,Female,だっち,waffle shirt,berry umbrella,fan palm;rubber tree;cabana screen;turntable;lady palm;ebony piano;cabana chair;vibraphone;cabana chair;caladium;metronome;bromeliaceae;pachira; /,green wall,birch flooring,K.K. Love Song,,Barnhouse,2,TRUE,Pechika,,,Gabi,Peppy,RBT4,165
E0A6,マーサ,,Rabbit,Peppy,Female,ラン,blue check shirt,yellow umbrella,caution sign;work ahead signboard;space station;detour arrow;lunar lander;barricade;orange cone;mini sputnoid;fence;tape deck; /,tropical vista,tropical floor,K.K. Technopop,,Cottage,0,TRUE,Māsa,Martha,,Dotty,Peppy,RBT5,166
E0A7,ゲンジ,,Rabbit,Briskly,Male,まろ,misty shirt,paper parasol,standing stone;tall lantern;stone couple;standing stone;leaning stone;pond lantern;mini gongoid;bujian washbasin;mini poltergoid; /,garden wall,sand garden,-,,Cabana,1,FALSE,Genji,Genji,,Genji,Jock,RBT6,167
E0A8,モモチ,,Rabbit,Briskly,Male,ニンニン,zipper shirt,twig parasol,deer scare;oombloid;dark stone;garden pond;low lantern;garden stone;mossy stone;dark stone;washbasin;mini strumboid; /,mortar wall,mossy carpet,-,,Cabana,3,FALSE,Momochi,Momochi,,Snake,Jock,RBT7,168
E0A9,ビネガー,,Rabbit,Absent-minded,Male,ぶいぶい,dark polka shirt,blue umbrella,Aiko figurine;tall dingloid;Emi figurine;turntable;Keiko figurine;Maki figurine;glass-top table;chichi print;wave print;azalea bonsai;quince bonsai;safety frog; /,kitschy wall,8 mat tatami,Comrade K.K.,,Cabana,0,TRUE,Binegā,Vinegar,,Claude,Lazy,RBT8,169
E0AA,くるぶし,,Rhino,Briskly,Male,ですサイ,No.1 shirt,gelato umbrella,tall lantern;garden stone;exotic table;red vase;blue vase;tall gongoid;exotic bench;garden pond;deer scare;dark stone;washbasin;taiko drum; / hawthorn bonsai;ponderosa bonsai;,bamboo wall,sandlot,-,,Cabana,3,TRUE,Kurubushi,,,Tank,Jock,RHN0,170
E0AB,スクワット,,Rhino,Scary,Male,でヤンキ,skull shirt,paper parasol,light brown drum can;green drum;fence with vinyl;request signboard;iron frame;tape deck;traffic guidance robot;manhole cover;mega buzzoid;striped pylon;detour arrow;electrical sign;work ahead signboard;barricade; /,blue tarp,closed road,Surfin' K.K.,,Cabana,4,TRUE,Sukuwatto,Squat,,Spike,Cranky,RHN1,171
E0AC,ワイハ,,Rhino,Domineering,Female,てゆーか,yodel shirt,sunny parasol,regal chair;regal chair;violin;regal lamp;weeping fig;ebony piano;bass;squat nebuloid;nebuloid;tall croakoid;mega croakoid; /,classic wall,checkered tile,-,,Cottage,3,FALSE,Waiha,Waiha,,Tiara,Snooty,RHN2,172
E0AD,メリヤス,,Sheep,Normal,Female,なのね,fall plaid shirt,elegant umbrella,aloe;classic clock;turntable;rocking chair;space heater;sewing machine;fetching outfit;spring shirt;gumdrop shirt;botanical shirt;natty shirt;citrus gingham;monkey shirt;folk shirt;deer shirt;comfy sweater;spunky knit; /,ranch wall,old board floor,K.K. Steppe,,Cottage,4,TRUE,Meriyasu,,,Vesta,Normal,SHP0,173
E0AE,リッキー,,Squirrel,Absent-minded,Male,でしゅ,vogue top,mod umbrella,corn plant;apple TV;pachira;round cactus;froggy chair;lily-pad table;froggy chair;froggy chair;train set;mini croakoid;mega croakoid; /,lunar horizon,citrus carpet,-,,Barnhouse,1,TRUE,Rikkī,Ricky,,Filbert,Lazy,SQU0,174
E0AF,ララミー,,Squirrel,Normal,Female,ったら,neo-classic knit,petal parasol,green wardrobe;green dresser;dracaena;ruby econo-chair;jade econo-chair;cabana table;gold econo-chair;cabana screen;red boom box;classic umbrella; / tea set;,blue-trim wall,kitchen tile,K.K. Fusion,,Cottage,2,TRUE,Raramī,Laramie,,Hazel,Normal,SQU1,175
E0B0,ももこ,,Squirrel,Peppy,Female,なのよ,beatnik shirt,ribbon parasol,refrigerator;stove;tall droploid;tall droploid;green counter;red armchair;dice stereo;cream sofa;barber's pole;oft-seen print; /,citrus wall,kitchen flooring,K.K. Salsa,,Cottage,1,TRUE,Momoko,Momoko,,Peanut,Peppy,SQU2,176
E0B1,レベッカ,,Squirrel,Domineering,Female,つんっ,red check shirt,checked umbrella,regal bookcase;regal vanity;regal lamp;regal bed;pleasant feeling painting;hi-fi stereo;nice painting;silk bloom shirt;dainty painting;common painting;common painting; /,stately wall,stone tile,Café K.K.,,Barnhouse,2,TRUE,Rebekka,Rebecca,,Pecan,Snooty,SQU3,177
E0B2,カジロウ,,Squirrel,Scary,Male,キッ,three-ball shirt,batbrella,cabin clock;jukebox;green wardrobe;green counter;cactus;ranch couch;round cactus;classic table;billiard table;ranch armchair; /,manor wall,old flooring,K.K. Western,,Cabin,2,TRUE,Kajirou,Kajirou,,Ricky,Cranky,SQU4,178
E0B3,スパーク,,Squirrel,Scary,Male,ピカッ,melon shirt,yellow umbrella,pothos;mini gargloid;mini bowtoid;gold stereo;bromeliaceae;retro stereo;rock guitar;modern end table;high-end stereo;caladium;white boom box;folk guitar;country guitar; / Nook's portrait;,plaza wall,steel flooring,Surfin' K.K.,,Cottage,3,TRUE,Supāku,Spark,,Static,Cranky,SQU5,179
E0B4,ミント,,Squirrel,Domineering,Female,うっふん,gumdrop shirt,lacy parasol,blue cabinet;blue clock;weeping fig;Papa bear;pine table;pine chair;Mama bear;turntable;blue dresser;weeping fig;swell shirt;blue table; / Mama bear;Baby bear;Baby bear;,blue-trim wall,birch flooring,K.K. Country,,Cabin,3,TRUE,Minto,Mint,,Mint,Snooty,SQU6,180
E0B5,ガリガリ,,Squirrel,Peppy,Female,ガジガジ,watermelon shirt,dainty parasol,water bird;lovely armchair;lovely armchair;lovely lamp;lovely armchair;tall sproid;mini sproid;mega sproid;elephant slide;rock guitar; /,kitchen wall,citrus carpet,-,,Barnhouse,3,TRUE,Garigari,,,Nibbles,Peppy,SQU7,181
E0B6,ハリマオ,,Tiger,Briskly,Male,だトラ,two-ball shirt,blue umbrella,wastebasket;red vending machine;soda machine;detour arrow;fence;detour arrow;detour arrow;folding chair;mega drilloid;iron frame;barber's pole;manhole cover;yellow umbrella;mini drilloid; /,tree-lined wall,sidewalk,-,,Cabana,3,TRUE,Harimao,Harimau,,Tybalt,Jock,TIG0,182
E0B7,チョモラン,,Tiger,Scary,Male,だガー,bubble shirt,dainty parasol,modern wardrobe;gold stereo;black knight;modern bed;modern end table;modern sofa;mini bowtoid;modern cabinet;white knight;bowtoid; / arowana;,industrial wall,steel flooring,Rockin' K.K.,,Brick,3,TRUE,Chomoran,Qomolang,,Rolf,Cranky,TIG1,183
E0B8,ルーズ,,Tiger,Peppy,Female,なのぉー,pop bloom shirt,daffodil parasol,reel-to-reel;apple clock;retro TV;kitschy clock;nebuloid;mini dinkoid;N logo;modern sofa;mini sputnoid;country guitar;rock guitar;round cactus;tall cactus; /,kitschy wall,citrus carpet,K.K. Cruisin',,Cottage,1,TRUE,Rūzu,Rouge,,Bangle,Peppy,TIG2,184
E0B9,ブンジロウ,,Wolf,Scary,Male,だぜよ,checkered shirt,paper parasol,rubber tree;retro stereo;mega bowtoid;mega poltergoid;space heater;timpano drum;conga drum;conga drum;cabin chair;country guitar;corn plant;globe;corn plant; /,stone wall,cowhide rug,K.K. Safari,,Cabin,4,TRUE,Bunjirou,Bunjirou,,Lobo,Cranky,WOL0,185
E0BA,ツンドラ,,Wolf,Domineering,Female,なのだわ,deer shirt,elegant umbrella,strange painting;dreadful painting;common painting;modern chair;hi-fi stereo;blue chair;fine painting;flowery painting;regal chair;nice painting;classic chair;amazing painting;dainty painting; / ,stately wall,palace tile,K.K. Tango,,Brick,4,TRUE,Tsundora,Tundra,,Freya,Snooty,WOL1,186
E0BB,チーフ,,Wolf,Scary,Male,やんか,red bar shirt,checked umbrella,alarm clock;odd clock;owl clock;glow clock;red clock;cube clock;robo-clock;modern bed;tape deck;office locker;office locker;mop;toilet; /,industrial wall,steel flooring,DJ K.K.,,Barnhouse,4,TRUE,Chīfu,Chief,,Chief,Cranky,WOL2,187
E0BC,アチョット,,Duck,Absent-minded,Male,ピヨ,fish knit,dainty parasol,table tennis;robo-clock;robo-stereo;kitschy clock;timpanoid;mini timpanoid;train set;lunar rover;water bird;rocket; /,blue wall,playroom rug,K.K. March,,Cottage,4,TRUE,Achotto,,,Weber,Lazy,DUK6,188
E0BD,スミモモ,,Duck,Domineering,Female,ヨネ,blue stripe knit,sunny parasol,weeping fig;cabana bookcase;jukebox;caladium;cactus;flowery painting;cabana lamp;cabana bed;sunflower; /,blue-trim wall,mosaic tile,K.K. Bossa,,Cottage,1,TRUE,Sumimomo,,,Mallary,Snooty,DUK7,189
E0BE,ロボ,,Wolf,Scary,Male,のな,Gracie's top,batbrella,tricera tail;high-end stereo;rock guitar;modern bed;tricera torso;tricera skull;modern end table;mega howloid; / piranha;,concrete wall,modern tile,K.K. Rock,,Barnhouse,1,TRUE,Robo,Lobo,,Wolfgang,Cranky,WOL3,190
E0BF,みつお,,Rhino,Absent-minded,Male,のネン,chevron shirt,polka parasol,exotic wardrobe;bromeliaceae;reel-to-reel;exotic chest;cactus;cabin couch;cabin bed;coconut palm;gaudy sweater;big star shirt; /,cabana wall,bamboo flooring,Aloha K.K.,,Barnhouse,2,TRUE,Mitsuo,Mitsuo,,Hornsby,Lazy,RHN3,191
E0C0,イワオ,,Bull,Scary,Male,でんがな,leather jerkin,twig parasol,traffic cone;scale;massage chair;light brown drum can;green drum;white boom box;red drum can;mega bowtoid;electrical sign;detour arrow;bowtoid;orange cone;orange cone;orange cone;orange cone;fence with signboard;fence; /,blue tarp,charcoal tile,K.K. Lament,,Cabana,2,TRUE,Iwao,Iwao,,Oxford,Cranky,BUL2,192
E0C1,ボルシチ,,Bull,Absent-minded,Male,だっぺ,yellow pinstripe,sharp umbrella,fan palm;lady palm;snake plant;phonograph;globe;exotic bench;pachira;pothos;caladium;bromeliaceae;giant catfish;weeping fig;caladium;daruma; /,bamboo wall,bamboo flooring,K.K. Reggae,,Cottage,1,TRUE,Borushichi,Borscht,,T-Bone,Lazy,BUL3,193
E0C2,ガブリエル,,Hippo,Briskly,Male,じゃけん,jagged shirt,mod umbrella,country guitar;folk guitar;reel-to-reel;ranch couch;ranch tea table;ranch armchair;green dresser;red grid shirt;melon gingham;pothos; /,plaster wall,green rug,K.K. Blues,,Cabin,3,TRUE,Gaburieru,Gabriel,,Biff,Jock,HIP3,194
E0C3,オパール,,Elephant,Domineering,Female,ヨン,gray tartan,checked umbrella,phonograph;exotic bed;exotic wardrobe;odd clock;exotic chair;exotic chair;red vase;red vase; /,mosaic wall,plaza tile,K.K. Safari,,Brick,4,TRUE,Opāru,Opal,,Opal,Snooty,ELP3,195
E0C4,トミ,,Dog,Absent-minded,Male,ネッ,caveman tunic,leaf umbrella,tall harmonoid;mini harmonoid;globe;writing desk;writing chair;mop;shogi board;computer;office chair;executive toy;office locker; /,playroom wall,tatami floor,-,,Cabana,1,TRUE,Tomi,,,Bones,Lazy,DOG8,196
E0C5,ベーグル,,Dog,Normal,Female,グー,go-go shirt,orange umbrella,green lamp;green bed;CD player;ranch bookcase;ranch wardrobe;gelato shirt;blossom shirt;rally shirt;Mama bear;Baby bear; /,rose wall,ceramic tile,K.K. Parade,,Barnhouse,3,TRUE,Bēguru,Bagel,,Bea,Normal,DOG9,197
E0C6,エーミー,,Hippo,Domineering,Female,だピー,funky dot shirt,ribbon parasol,high-end stereo;mega quazoid;croton;zebra print;modern table;red sofa;tiger print;jade econo-chair;cabana vanity; /,office wall,steel flooring,DJ K.K.,,Brick,4,TRUE,Ēmī,Amy,,Bitty,Snooty,HIP4,198
E0C7,ゴンザレス,,Hippo,Scary,Male,だぎゃー,danger shirt,paper parasol,birdcage;owl clock;keg;barrel;exotic chest;billiard table;ranch armchair;ranch couch;globe;turntable; /,stone wall,old flooring,Lucky K.K.,,Cabin,3,TRUE,Gonzaresu,Gonzales,,Rocco,Cranky,HIP5,199
E0C8,エルニーニョ,,Hippo,Peppy,Female,ニョニョ,flowery shirt,orange umbrella,kiddie bed;kiddie clock;elephant slide;kiddie bed;wobbelina;kiddie bed;wobbelina;kiddie bed;wobbelina;kiddie bed;wobbelina; /,playroom wall,playroom rug,-,,Barnhouse,2,TRUE,Eru Ninyo,El Niño,,Lulu,Peppy,HIP6,200
E0C9,シルエット,,Squirrel,Domineering,Female,ふふん,peachy shirt,gingham parasol,retro stereo;metronome;slot machine;strange painting;lime chair;cream sofa;red sofa;orange chair;grapefruit table;lime chair;lemon table;red armchair;orange chair; /,citrus wall,kitschy tile,K.K. Jazz,,Barnhouse,0,TRUE,Shiruetto,Silhouette,,Blaire,Snooty,SQU8,201
E0CA,パセリ,,Squirrel,Normal,Female,ララー,ladybug shirt,berry umbrella,pear dresser;pear wardrobe;apple TV;tall lullaboid;mega lullaboid;mini lullaboid;fan palm;pine table;pineapple bed;pine chair;pink tartan;blue tartan;lemon gingham; /,wood paneling,lovely carpet,-,,Cabin,0,TRUE,Paseri,Parsley,,Sally,Normal,SQU9,202
E0CB,エクレア,,Elephant,Normal,Female,ラン,red grid shirt,polka parasol,blue wardrobe;blue bureau;green bed;green lamp;green chair;blue table;green chair;white boom box;blue umbrella;No.3 shirt; /,plaster wall,ceramic tile,K.K. Ballad,,Barnhouse,0,TRUE,Ekurea,Éclair,,Ellie,Normal,ELP4,203
E0CC,エレフィン,,Elephant,Domineering,Female,ルン,loud line shirt,dainty parasol,green lamp;howloid;blue clock;green pantry;blue bed;high-end stereo;green desk;blue bench;pachira;country guitar;quazoid;harmonoid; /,citrus wall,ceramic tile,K.K. Jazz,,Brick,2,TRUE,Erefin,Elefin,,Eloise,Snooty,ELP5,204
E0CD,クロコ,,Alligator,Domineering,Female,どすえ,leopard print,sunny parasol,sewing machine;li'l bro's shirt;funky dot shirt;twinkle shirt;cherry shirt;blossom shirt;racer 6 shirt;dark polka shirt;hi-fi stereo;dawn shirt;striking outfit;strawberry shirt;ranch couch;ranch armchair; /,cabana wall,cabana flooring,K.K. Calypso,,Brick,4,TRUE,Kuroko,Croco,,Alli,Snooty,CRD3,205
E0CE,ロッタ,,Rabbit,Peppy,Female,なのサ,ugly shirt,classic umbrella,toilet;gerbera;bathtub;bathtub;bucket;bucket;bucket;wash station;daffodil;trash bin;tape deck;bath mat;cube clock; /,mosaic wall,bathhouse tile floor,Comrade K.K.,,Barnhouse,1,TRUE,Rotta,,,Pippy,Peppy,RBT9,206
E0CF,モヘア,,Sheep,Normal,Female,メェー,red grid shirt,plaid parasol,classic cabinet;retro TV;plinkoid;mega dekkoid;mini dekkoid;classic sofa;weeping fig;ebony piano;lacy parasol; /,kitchen wall,kitchen flooring,-,,Barnhouse,3,TRUE,Mohea,Mohair,,Eunice,Normal,SHP1,207
E0D0,トロワ,,Sheep,Domineering,Female,アンドゥ,purple tie-dye,ribbon parasol,weeping fig;classic sofa;classic clock;weeping fig;classic sofa;classic table;cello;turntable;ivory piano; / tea set;,arched window,parquet floor,K.K. Swing,,Brick,0,TRUE,Torowa,Trois,,Baabara,Snooty,SHP2,208
E0D1,シベリア,,Wolf,Scary,Male,ですダス,icy shirt,icy umbrella,red vase;snappy print;hi-fi stereo;bromeliaceae;glass-top table;taiko drum;exotic chest;mega poltergoid;dracaena; /,modern screen,red tile,K.K. Faire,,Brick,0,TRUE,Shiberia,Siberia,,Fang,Cranky,WOL4,209
E0D2,まりも,,Duck,Normal,Female,マル,mosaic shirt,gingham parasol,letter cubby;folding chair;mega harmonoid;vaulting horse;vaulting horse;vaulting horse;vaulting horse;table tennis;mop;office locker;office locker;rag desk;rag chair; / daffodil;,concrete wall,concrete floor,-,,Cabin,4,TRUE,Marimo,Marimo,,Deena,Normal,DUK8,210
E0D3,ナッキー,,Duck,Peppy,Female,メソメソ,winter sweater,plaid parasol,classic wardrobe;classic clock;ranch chair;classic table;regal lamp;classic bed;mini howloid;turntable;mini freakoid;mega freakoid;regal sofa; /,stone wall,opulent rug,K.K. Dirge,,Barnhouse,3,TRUE,Nakkī,,,Pate,Peppy,DUK9,211
E0D4,アクリル,,Sheep,Normal,Female,ウール,aurora knit,gingham parasol,regal chair;regal chair;violin;harp;regal lamp;ivory piano;rare painting;moving painting;metronome;nice painting;mini dinkoid;mega sputnoid; /,meadow vista,daisy meadow,-,,Cabin,1,TRUE,Akuriru,Acryl,,Stella,Normal,SHP3,212
E0D5,ラムール,,Sheep,Domineering,Female,ありんす,nebula shirt,checked umbrella,classic bed;cabana chair;biwa lute;exotic lamp;exotic screen;biwa lute;exotic end table;lady palm;bromeliaceae;snake plant;mini buzzoid;mini buzzoid;green wardrobe; / bell cricket;,exotic wall,exquisite rug,-,,Brick,3,TRUE,Ramūru,L'Amour,,Cashmere,Snooty,SHP4,213
E0D6,ホシオ,,Sheep,Briskly,Male,ヨロシク,dark polka shirt,polka parasol,robo-stereo;robo-clock;two-ball shirt;three-ball shirt;four-ball shirt;billiard table;cactus;mega freakoid;mini drilloid; /,playroom wall,steel flooring,K.K. Ska,,Barnhouse,4,FALSE,Hoshio,Hoshio,,Woolio,Jock,SHP5,214
E0D7,ペリーヌ,,Dog,Peppy,Female,プリリン,blue tartan,lotus parasol,ranch hutch;hi-fi stereo;ranch dresser;ranch wardrobe;ranch chair;ranch table;ranch armchair;ranch couch;folk guitar;ranch bed;mega tootoid;mini tootoid; / sunflower;,ranch wall,ranch flooring,K.K. Country,,Cabin,4,TRUE,Perīnu,Perrine,,Cookie,Peppy,DOG6,215