Name,Image,Species,Personality,Gender,Birthday,Default Catchphrase,Default Clothing,Default Umbrella,Liked Look,Disliked Look,Favorite Color,Favorite Series,Furniture Taste #1,Furniture Taste #2,Furniture,House Song,Wallpaper,Carpet,Starting Villager,Name (Japanese),Name (Spanish),Name (French),Name (German),Name (Italian),Name (Korean),Catchphrase (Japanese),Catchphrase (Spanish NA),Catchphrase (Spanish EU),Catchphrase (French NA),Catchphrase (French EU),Catchphrase (German),Catchphrase (Italian),Catchphrase (Korean),New to Series,Notes,Villager ID,Hex ID
Cyrano,,Anteater,Cranky,Male,March 9,ah-CHOO,dawn shirt,paper parasol,subtle,stylish,yellow,Exotic,dignified,trendy,hearth; screen; screen; samurai suit; exotic chest; tea table; mega oboid; bow; sword;,K.K. Faire,bamboo wall,tatami,No,さくらじま,Cirano,Cyrano,Theo,Cirano,사지마,でごわす,achús,achús,ATCHOUM,ATCHOUM,schneuf,ett-CCIÙ,임돠,No,,ant00,0000
Antonio,,Anteater,Jock,Male,October 20,honk,big star shirt,bat umbrella,subtle,striking,aqua,Cabana,playful,retro,picnic table; claw-foot tub; clothesline pole; beach chair; life ring; refrigerator; lawn chair; red boom box; tea set;,K.K. Faire,tropical vista,tropical floor,Yes,マコト,Antonio,Antonio,Siggi,Antonio,퍼머거,ホントに,fufuf,fufuf,pouet,pouet,schlürrrf,honk,진짜로,No,,ant01,0001
Pango,,Anteater,Peppy,Female,November 9,snooooof,subdued print,picnic umbrella,gaudy,cool,orange,Classic,dignified,trendy,ranch table; classic bookcase; ranch couch; exotic screen; mega bowtoid; phonograph; biwa lute; classic clock; lady palm;,K.K. Casbah,lattice wall,exotic rug,No,パトラ,Aspidora,Mathilda,Mathilda,Carlotta,패트라,だっしー,narices,snuf-snuf,pouuuuuf,pouuuuuf,schnieef,snuuf,라지요,No,,ant02,0002
Anabelle,,Anteater,Peppy,Female,February 16,snorty,tropical shirt,mint umbrella,cute,strange,green,Cabana,dignified,trendy,cabana bed; green dresser; cabana screen; exotic bench; cabana vanity; phonograph; corn plant; shower; caladium;,Aloha K.K.,floral wall,diner tile,No,あるみ,Anabel,Anabelle,Annabell,Annalisa,아롱이,マジでー,esnoink,esnoink,grognon,grognon,puuust,snorty,정말,No,,ant03,0003
Teddy,,Bear,Jock,Male,September 26,grooof,club shirt,paper parasol,fresh,strange,black,Modern,dignified,retro,ebony piano; fireplace; retro stereo; writing desk; retro TV; Mama bear; stool; blue golf bag; writing chair;,Mr. K.K.,chic wall,plush carpet,Yes,たいへいた,Teddy,Teddy,Torsten,Teddy,병태,ですたい,gruuuf,gruuuf,grrrrrr,grrrrrr,gruff,gruf,입네다,No,,bea00,0004
Pinky,,Bear,Peppy,Female,September 9,wah,dazed shirt,candy umbrella,cute,gaudy,red,Exotic,dignified,trendy,classic bed; exotic screen; exotic chest; exotic bench; glass-top table; strumboid; red pom-pom hat; dingloid; goldfish; lamentoid;,Imperial K.K.,exquisite wall,bamboo flooring,Yes,タンタン,Violeta,Rosine,Pia,Pinky,링링,わぉ,cosita,terronillo,ouah,ouah,schätzchen,cubetto,와,No,,bea01,0005
Curt,,Bear,Cranky,Male,July 1,fuzzball,MVP shirt,paper parasol,subtle,strange,brown,Ranch,dignified,retro,ranch table; red sofa; wide-screen TV; A shirt; Roman helmet; mini bowtoid; BB shirt; weeping fig;,K.K. Jazz,manor wall,tartan rug,Yes,ガンテツ,Gorbaché,Curt,Kurt,Curt,뚝심,ウム,oye,oye,bouboule,bouboule,grumml,grrroan,음,No,,bea02,0006
Chow,,Bear,Cranky,Male,July 22,aiya,star shirt,ribbon umbrella,striking,cute,brown,Exotic,dignified,retro,exotic bed; exotic screen; sea bass; sea bass; croton; croakoid; exotic lamp; exotic end table; exotic chair;,K.K. Steppe,imperial wall,imperial tile,Yes,チャウヤン,Pando,Chulin,Chang,Chowchow,츄양,アルヨ,ándale-oso,ándale-oso,lala,lala,hiijaa,ehilà,그럼,No,,bea03,0007
Nate,,Bear,Lazy,Male,August 16,yawwwn,spring shirt,forest umbrella,funky,subtle,white,Cabana,dignified,trendy,hammock; refrigerator; tea set; bug zapper; white boom box; fan;,K.K. Lullaby,ivy wall,backyard lawn,Yes,バッカス,Nachete,Nathan,Nathan,Gianni,박하스,んだ,uuaaaah,uuaaaah,baaîîîllle,baaîîîllle,gäähn,yauuun,힘내,No,,bea05,0008
Groucho,,Bear,Cranky,Male,October 23,grumble,lite polka shirt,paper parasol,subtle,stylish,black,Modern,dignified,retro,modern bed; gold stereo; modern sofa; modern desk; blue golf bag; Baby bear; green golf bag;,K.K. Metal,shanty wall,plank flooring,Yes,クロー,Groucho,Ronchon,Ernst,Groucho,거무틱,ワォー,jorrr,jorrr,arsouille,grou-gnon,brummel,grum grum,어쩌라구,No,,bea06,0009
Tutu,,Bear,Peppy,Female,September 15,twinkles,heart shirt,daisy umbrella,fresh,cool,pink,Cabin,dignified,trendy,classic buffet; basic red bed; Mama bear; pink kotatsu; refrigerator; retro TV; stove;,K.K. Steppe,mod wall,cabana flooring,Yes,れんにゅう,Tutú,Tutu,Mandy,Lola,연유,ファイト,fisflash,fisflash,pic pic,pic pic,hooonig,gnifa,사르르,No,,bea07,000A
Grizzly,,Bear,Cranky,Male,July 31,grrr...,three-ball shirt,busted umbrella,refined,cute,brown,Cabin,dignified,retro,hearth; king salmon; exotic chest; barbel steed; eagle pole; tall percoloid; paulownia closet; frog-woman pole;,K.K. Dirge,cabin wall,western desert,Yes,ムー,Gruñón,Grizzly,Gerald,Grizzly,무뚝,だクマ,tostón,tostón,canaillou,canaillou,grrr,grrr,냅둬,No,,bea09,000B
Jay,,Bird,Jock,Male,July 17,heeeeeyy,six-ball shirt,yellow umbrella,gaudy,fresh,blue,Classic,playful,trendy,classic bed; cream sofa; vibraphone; violin; phonograph; bass; rocking chair; cello;,K.K. Waltz,ornate wall,classic carpet,Yes,ツバクロ,Jota,Gérard,Jan,Jet,참돌이,でおます,heeey,heeey,maaaaaais,maaaaaais,hiiiijjj,cipinci,그쵸,No,,brd00,000C
Robin,,Bird,Snooty,Female,December 4,la-di-da,kiwi shirt,blue umbrella,fresh,refined,aqua,Classic,playful,trendy,pine table; regal sofa; salmon; classic buffet; birdcage; snake plant; exotic lamp; birdcage; turntable;,K.K. Bossa,lattice wall,kitchen tile,Yes,パーチク,Aria,Robie,Jule,Rossana,파틱,さ,picatoste,picatoste,ta-di-da,ta-di-da,ladida,yuppidù,글쎄,No,,brd01,000D
Anchovy,,Bird,Lazy,Male,March 4,chuurp,earthy knit,yellow umbrella,strange,stylish,colorful,Modern,dignified,retro,blue table; green counter; retro stereo; pinball machine; pinball machine; pinball machine; pinball machine; pinball machine;,K.K. Ragtime,modern wall,parquet floor,Yes,アンチョビ,Boquerón,Miguel,Armin,Acciuga,안쵸비,でシ,piu-piu,piu-piu,muf-muf,muf-muf,tschurp,ciripì,이어라,No,,brd02,000E
Twiggy,,Bird,Peppy,Female,July 13,cheepers,barber shirt,gelato umbrella,striking,subtle,blue,Ranch,playful,retro,blue bookcase; gold stereo; blue bureau; ranch bed; cabana vanity; Baby bear; warbloid; corn plant; gargloid;,K.K. Calypso,ranch wall,checkered tile,Yes,ピーチク,Tití,Titi,Twiggy,Titti,핀틱,ッピ,tirití,tirití,zut,coolos,zwirtschi,ciiip,크,No,,brd03,000F
Jitters,,Bird,Jock,Male,February 2,bzzert,Latin uniform,bat umbrella,fresh,cute,yellow,Cabana,dignified,trendy,picnic table; hammock; clothesline pole; lawn mower; red boom box; oil drum; mega fizzoid; oil drum;,K.K. Samba,shanty wall,backyard lawn,Yes,ジーニョ,Camelio,Gilbert,Alex,Brivido,딩요,だニョ,pío-pío,pío-pío,bouerk,bouerk,zischhh,bzzert,삼바,No,,brd04,0010
Midge,,Bird,Normal,Female,March 12,tweedledee,new spring shirt,Toad parasol,cute,cool,pink,Lovely,dignified,trendy,regal bed; lovely kitchen; lovely dresser; lovely vanity; lovely lamp; lovely end table; lovely chair; red tie-dye;,K.K. Lullaby,rose wall,birch flooring,Yes,うずまき,Paloma,Michèle,Anna,Minù,핑글이,キョン,arrurrú,arrurrú,loulou,loulou,twitiriti,firulì,핑그르르,No,,brd08,0011
Angus,,Bull,Cranky,Male,April 30,macmoo,flame shirt,flame umbrella,refined,funky,green,Ranch,dignified,retro,ranch table; high-end stereo; ranch dresser; cream sofa; billiard table; Pantheon post; dart board; rocking chair; Pantheon post; rocking chair;,Señor K.K.,library wall,charcoal tile,Yes,セルバンテス,Aliste,Angus,Angus,Angus,반데스,ふふ,buuum,cuernos,meuh meuh,meuh meuh,brrruzzl,macmoo,후후,No,,bul00,0012
Rodeo,,Bull,Lazy,Male,October 29,chaps,beatnik shirt,blue dot parasol,gaudy,cute,red,Modern,dignified,trendy,blue table; gold stereo; red sofa; blue bed; cabin bookcase; cactus; men's toilet; purple lava lamp; mini drilloid; harmonoid;,K.K. Gumbo,groovy wall,ceramic tile,Yes,ロデオ,Rodeo,Flèche,Toro,Rodeo,로데오,さすがに,olé,olé,crac,crac,oléolé,oléolé,디용,No,,bul01,0013
Bob,,Cat,Lazy,Male,January 1,pthhpth,blossom shirt,gelato umbrella,cool,stylish,colorful,Kiddie,dignified,trendy,kiddie table; kiddie couch; kiddie stereo; kiddie bed; kiddie dresser; kiddie bureau; kiddie clock; kiddie wardrobe; kiddie chair; kiddie bookcase;,K.K. Ragtime,kiddie wall,kiddie carpet,Yes,ニコバン,Arándano,Robert,Jens,Bob,히죽,ネコ,zarpas,zarpas,pfioupf,pfioupf,psssps,baffo,고양이,No,,cat00,0014
Mitzi,,Cat,Normal,Female,September 25,mew,gumdrop shirt,melon umbrella,fresh,striking,brown,Cabana,dignified,trendy,blue table; cabana bookcase; cabana screen; blue bed; cabana dresser; ukulele; warbloid; exotic chair; fan palm; red boom box;,K.K. Swing,modern wall,ranch flooring,Yes,マール,Misi,Mistigri,Miezi,Zampetta,마르,ニャー,misi-misi,misi-misi,meeeeeh,meeeeeh,muh,miao,야～옹,No,,cat01,0015
Rosie,,Cat,Peppy,Female,February 27,silly,dazed shirt,mint umbrella,cute,strange,red,Lovely,dignified,retro,blue table; red sofa; retro stereo; green counter; claw-foot tub; sandbag; kitschy clock; grapefruit table; snowboard; gas pump;,Rockin' K.K.,mod wall,cowhide rug,Yes,ブーケ,Minina,Rosie,Sophie,Grinfia,부케,チェキ,miaaau,miaaau,flûte,flûte,flöt,tontolon,헤이,No,,cat02,0016
Olivia,,Cat,Snooty,Female,February 3,purrr,floral knit,elegant umbrella,stylish,strange,white,Regal,dignified,retro,ivory piano; regal sofa; retro stereo; regal bookcase; regal dresser; bass; regal armoire; snake plant; regal lamp; regal vanity;,Two Days Ago,ornate wall,classic carpet,Yes,オリビア,Olivia,Olivia,Bianca,Micina,올리비아,なんやん,uñas,raspas,rrrrrrrrr,rrrrrrrrr,schnurr,purrr,머냐,No,,cat03,0017
Kiki,,Cat,Normal,Female,October 8,kitty cat,argyle knit,ribbon umbrella,subtle,gaudy,brown,Ranch,dignified,retro,pine table; retro stereo; ranch couch; ranch dresser; cabana lamp; pine chair; round cactus; mega bovoid; cactus;,K.K. Country,mod wall,music-room floor,Yes,キャビア,Ágata,Kiki,Kiki,Kiki,캐비어,だニ,turrón,galletita,ti-minou,chti minou,miausi,mieaoo,뭐라지요,No,,cat04,0018
Tangy,,Cat,Peppy,Female,June 17,reeeeOWR,chain-gang shirt,Toad parasol,funky,strange,orange,Cabana,dignified,trendy,watermelon table; cream sofa; kiddie stereo; pineapple bed; cabana dresser; pear wardrobe; orange chair; pear dresser; apple clock; lime chair;,Señor K.K.,citrus wall,citrus carpet,Yes,ヒャクパー,Tricia,Marine,Tanja,Arancina,백프로,みかん,mandarinas,mandarinas,roooaR,roooaR,grraul,miiiiaOU,귤귤,No,,cat05,0019
Punchy,,Cat,Lazy,Male,April 11,mrmpht,gray tartan,blue umbrella,funky,gaudy,blue,Blue,dignified,trendy,blue table; blue bench; gold stereo; blue bookcase; blue bed; cactus; gold econo-chair; stove; refrigerator; gold econo-chair;,K.K. Love Song,mod wall,blue flooring,Yes,ビンタ,Félix,Cédric,Julian,Felix,빙티,だのら,arenque,arenque,blébléblé,blébléblé,mrmpft,maramao,노라줘,No,,cat06,001A
Purrl,,Cat,Snooty,Female,May 29,kitten,asian shirt,Toad parasol,funky,gaudy,gray,Exotic,dignified,trendy,exotic bed; classic sofa; hi-fi stereo; cabana bookcase; exotic screen; mega fizzoid; antique clock; birdcage; red armchair; corn plant;,K.K. Swing,concrete wall,checkered tile,Yes,たま,Wanda,Perle,Franka,Felidia,타마,ふんっ,tontaina,tontaina,chaton,chaton,kätzchen,micetto,냠,No,,cat07,001B
Moe,,Cat,Lazy,Male,January 12,myawn,BB shirt,daisy umbrella,striking,fresh,colorful,Green,dignified,trendy,green table; dice stereo; blue bed; kiddie dresser; mop; skeleton; clear model; vision tester; trunk measure;,K.K. Ragtime,green wall,music-room floor,Yes,ジンペイ,Tristán,Momo,Tristan,Moe,진상,な,grrrroou,grrrroou,miou,miou,schluchz,myawn,그치,No,,cat08,001C
Kabuki,,Cat,Cranky,Male,November 29,meooo-OH,misty shirt,paper parasol,refined,funky,purple,Classic,dignified,retro,hearth; black katana; screen; reel-to-reel; Japanese drum; tall oombloid; giant dharma; mochi pestle;,K.K. Folk,shoji screen,tatami,No,かぶきち,Kabuki,Kabuki,Kabuki,Kabuki,가북희,ぃよぉー,imikimono,imikimono,mia-ouh,mia-ouh,miiiau,meooo-OH,꺄,No,,cat09,001D
Kid Cat,,Cat,Jock,Male,August 1,psst,No. 1 shirt,red umbrella,cool,subtle,red,Robo,dignified,trendy,basketball hoop; clothesline pole; blue bench; iron frame; weight bench; red drum; retro TV; robo-stereo; garbage pail; office locker;,Go K.K. Rider!,chainlink fence,sandlot,No,1ごう,Gatomán,Câlin,Petra,Zampa,1호,とぉっ,soldado,soldado,psst,psst,maunz,psst,얍,No,,cat10,001E
Monique,,Cat,Snooty,Female,September 30,pffffft,grape shirt,ribbon umbrella,cute,cool,pink,Lovely,dignified,retro,lovely bed; lovely dresser; lovely table; retro stereo; cream sofa; lovely lamp; lovely vanity; lovely chair; tulip table; iris table;,K.K. Swing,groovy wall,ceramic tile,Yes,ジェーン,Monique,Monique,Monique,Marylin,제인,ウフーン,ronrón,ronrón,pffffft,pffffft,mrrrrrrr,miaù,우,No,,cat11,001F
Tabby,,Cat,Peppy,Female,August 13,me-WOW,bone shirt,blue umbrella,striking,fresh,black,Modern,dignified,retro,modern bed; modern table; red sofa; modern desk; red armchair; ponderosa bonsai; red boom box; pine bonsai; green lava lamp;,To the Edge,illusion wall,illusion floor,Yes,トラこ,Liana,Tigri,Zita,Lisca,호냥이,にゃは,animiaul,animiaul,mi-AOUUH,mi-AOUUH,mrriau,meOW,삐뽀,No,,cat12,0020
Stinky,,Cat,Jock,Male,August 17,GAAHHH,splendid shirt,flame umbrella,strange,stylish,blue,Blue,dignified,trendy,red corner; boxing mat; boxing mat; boxing mat; ringside table; red boom box; boxing barricade; folding chair; folding chair; judge's bell;,Go K.K. Rider!,ringside seating,boxing ring mat,No,アセクサ,Micifuz,Tupux,Stefan,Puzzolo,땀띠,ダァーッ,marramiau,marramiau,miaou,miaou,fauchch,GAAHHH,아뵤,No,,cat13,0021
Kitty,,Cat,Snooty,Female,February 15,mrowrr,crewel shirt,lacy parasol,stylish,refined,white,Regal,dignified,trendy,regal bed; gold stereo; regal bookcase; classic clock; red armchair; classic table; red armchair; rose shirt;,K.K. Étude,rose wall,fancy carpet,Yes,ショコラ,Kasandra,Kitty,Katja,Ester,쇼콜라,フフ,cascabel,cascabel,miaaaouh,miaaaouh,miezmiez,fusolo,자갸,No,,cat14,0022
Tom,,Cat,Cranky,Male,December 10,me-YOWZA,BB shirt,flame umbrella,cool,cute,brown,Exotic,dignified,retro,ranch table; exotic screen; glass-top table; exotic end table; exotic end table; CD player; exotic lamp; mega oombloid;,K.K. Rally,exquisite wall,exquisite rug,Yes,バンタム,Zapirón,Tom,Timo,Isidoro,밴덤,ちぇっ,miooou,miooou,mistigri,mistigri,fauch,mi-IAO,쳇,No,,cat15,0023
Merry,,Cat,Peppy,Female,June 29,mweee,daisy shirt,yellow umbrella,cute,refined,aqua,Classic,dignified,trendy,green table; kitchen sink; hi-fi stereo; garbage pail; jade econo-chair; stove; gold econo-chair; ruby econo-chair;,DJ K.K.,mod wall,birch flooring,Yes,さっち,Susi,Suzy,Mischka,Katy,유네찌,にゃん,grrrr,tralará,miou-mi,miou-mi,prrrrr,pffffft,냥냥,No,,cat16,0024
Felicity,,Cat,Peppy,Female,March 30,mimimi,dapper shirt,Toad parasol,cute,cool,beige,Classic,dignified,trendy,pine table; wide-screen TV; kitchen sink; fan; refrigerator; pine chair; pine chair; pine chair;,K.K. Lullaby,meadow vista,daisy meadow,Yes,みかっち,Micha,Maud,Minka,Milly,예링,ね,maaaow,miauito,chatounet,chatounet,mauzi,meeeow,우앙,No,,cat17,0025
Lolly,,Cat,Normal,Female,March 27,bonbon,natty shirt,yellow umbrella,cute,gaudy,yellow,Classic,dignified,trendy,pine table; hi-fi stereo; pineapple bed; fan palm; apple TV; pear dresser; pine chair; pear wardrobe;,K.K. Parade,citrus wall,citrus carpet,Yes,ラムネ,Feli,Linette,Ferdi,Maty,사이다,あのね,purrrr,purrrr,ron-ron,ron-ron,kratz,purrrr,퐁퐁,No,,cat18,0026
Ankha,,Cat,Snooty,Female,September 22,me meow,Egyptian outfit,leaf umbrella,stylish,funky,yellow,Regal,dignified,retro,pyramid; sphinx; retro stereo; corn plant; tiki torch; tiki torch; broken post; mummy's casket;,Marine Song 2001,ancient wall,ancient tile,No,ナイル,Patri,Neferti,Kleo,Cleo,클레오,クフフ,marramius,marramius,mi-i-i-ouh,mi-i-i-ouh,mi-miau,miao miao,파트라,No,,cat19,0027
Bluebear,,Cub,Peppy,Female,June 24,peach,lemon gingham,blue dot parasol,funky,gaudy,blue,Blue,playful,trendy,blue table; blue bed; cabana table; blue bench; blue wardrobe; red boom box; blue clock; coconut palm; rock guitar;,K.K. Ska,exotic wall,cabana flooring,Yes,グルミン,Celeste,Myrtille,Birte,Azzurra,글루민,キュン,cielito,cielito,cocotte,prune,früchtchen,pepè,두근,No,,cbr00,0028
Maple,,Cub,Normal,Female,June 15,honey,citrus gingham,petal parasol,cute,striking,yellow,Ranch,dignified,trendy,ranch table; retro stereo; sewing machine; ranch couch; ranch tea table; mini lullaboid; Baby bear; Mama bear; tall lullaboid; Baby bear;,I Love You,ranch wall,ranch flooring,Yes,メープル,Dulce,Léa,Mona,Dulcinea,메이첼,だベア,trufita,caramelito,chouchou,chouchou,darling,miele,저기요,No,,cbr01,0029
Poncho,,Cub,Jock,Male,January 2,li'l bear,blue grid shirt,beach umbrella,subtle,strange,orange,Cabin,playful,trendy,modern bed; cream sofa; mountain bike; modern cabinet; rubber tree; tall droploid; classic table; mini dekkoid; mini drilloid;,K.K. Condor,music-room wall,steel flooring,Yes,ポンチョ,Poncho,Théo,Toni,Poncho,봉추,モン,bolita,bolita,nounours,nounours,bärli,babà,몽,No,,cbr02,002A
Pudge,,Cub,Lazy,Male,June 11,pudgy,chichi print,green umbrella,striking,cute,blue,Kiddie,dignified,retro,Arwing; elephant slide; mountain bike; hospital bed; executive toy; red boom box; barber's pole; mochi pestle; tall sputnoid;,Rockin' K.K.,ornate wall,green rug,Yes,きんぞう,Bollito,Gradub,Bertram,Tombolo,우띠,んもう,rebollos,rebollos,loulou,louloute,griesgram,pulcino,아이참,No,,cbr03,002B
Kody,,Cub,Jock,Male,September 28,grah grah,orange check tee,sunny parasol,cool,refined,colorful,Exotic,dignified,retro,moon; sea bass; salmon; djimbe drum; bear pole; eagle pole; gongoid; oombloid;,K.K. Country,ancient wall,exotic rug,Yes,アイダホ,Orestes,Bill,Bernd,Salomone,아이다호,のこころ,suave,mola,grih grih,grih grih,okeydokey,oki-doki,나는나야,No,,cbr04,002C
Stitches,,Cub,Lazy,Male,February 10,stuffin',star shirt,bat umbrella,funky,cool,colorful,Kiddie,playful,trendy,train set; elephant slide; kiddie dresser; kiddie stereo; hammock; green lamp; rocking horse; jack-in-the-box;,K.K. Lullaby,playroom wall,playroom rug,Yes,パッチ,Parches,Miro,Berry,Toppetta,패치,なのれす,panecillo,peluche,ou bien,ou bien,brummm,ohilà,그런거죠,No,,cbr05,002D
Vladimir,,Cub,Cranky,Male,August 2,nyet,lite polka shirt,flame umbrella,strange,cute,yellow,Robo,dignified,retro,steam roller; iron frame; robo-bed; handcart; detour arrow; jackhammer; traffic cone; tape deck;,Agent K.K.,chainlink fence,sandlot,Yes,ガビ,Vladimir,Vladimir,Vladimir,Vladimir,곰비,やんけ,nyet,nyet,niet,niet,nastrovje,nyet,참말로,No,,cbr06,002E
Goose,,Chicken,Jock,Male,October 4,buh-kay,tropical shirt,paper parasol,strange,refined,white,Exotic,dignified,trendy,ranch table; ranch couch; retro stereo; ranch bed; lady palm; exotic chair; classic table; rocking horse; ranch armchair;,K.K. Country,floral wall,plank flooring,Yes,ケンタ,Gus,Pouli,Konrad,Chiricò,건태,だコケ,caracol,caracol,bouyaka,bouyaka,buaa-ka-ka,cucù,키득,No,,chn00,002F
Benedict,,Chicken,Lazy,Male,October 10,uh-hoo,two-ball shirt,Toad parasol,strange,cool,yellow,Green,playful,trendy,wave breaker; iron frame; iron frame; hospital bed; jackhammer; striped cone; red drum; wet roadway sign; drilloid;,I Love You,backyard fence,closed road,Yes,ぺしみち,Benito,Dimitri,Benedikt,Biagio,페니실린,ウヒョー,cocorico,cocorico,oh oh,oh oh,putputtt,uh-hoo,우힛,No,,chn01,0030
Egbert,,Chicken,Lazy,Male,October 14,doodle-duh,swell shirt,blue umbrella,subtle,striking,red,Robo,dignified,retro,robo-table; cream sofa; space shuttle; mini dinkoid; robo-clock; mega dinkoid; dinosaur egg; robo-stereo;,K.K. Technopop,mosaic wall,blue flooring,Yes,しもやけ,Norberto,Herbert,Waldemar,Chicco,김희,だヨ,kikirikí,kikirikí,di di dou,di di dou,duudle-du,du du du,짜잔,No,,chn02,0031
Becky,,Chicken,Snooty,Female,December 9,chicklet,noble shirt,elegant umbrella,stylish,fresh,purple,Regal,dignified,retro,ebony piano; blue bed; hi-fi stereo; modern table; regal dresser; modern lamp; bass; cello; violin;,K.K. Aria,mosaic wall,plaza tile,Yes,アリア,Ramina,Sonya,Inga,Annetta,아리아,ハレルヤ,cucurrús,cucurrús,glou-glou,glou-glou,bokbok,coccoricò,도레미,No,,chn09,0032
Patty,,Cow,Peppy,Female,May 10,how-now,citrus shirt,gelato umbrella,cute,subtle,red,Cabana,dignified,trendy,cabana bed; cabana screen; cabana table; Red Tulips; birdcage; cabana wardrobe; white boom box; cabana chair;,K.K. Calypso,ranch wall,cabana flooring,Yes,カルピ,Vacarena,Margaux,Patricia,Patty,밀크,だモー,muuuu,muuuu,allez,allez,muuhna,truuulà,음메,No,,cow00,0033
Tipper,,Cow,Snooty,Female,August 25,pushy,rainbow shirt,forest umbrella,gaudy,subtle,colorful,Classic,playful,trendy,classic bed; cream sofa; classic bookcase; kitchen sink; tall bovoid; White Cosmos; antique clock; phonograph; mega bovoid;,Soulful K.K.,modern wall,stone tile,Yes,まきば,Pinta,Valé,Angela,Tipper,마틸다,ミルミル,cuernitos,cuernitos,choupette,choupette,dingdong,sì sì sì,우유우유,No,,cow01,0034
Alfonso,,Alligator,Lazy,Male,June 9,it'sa me,big bro's shirt,leaf umbrella,strange,stylish,green,Exotic,playful,retro,retro stereo; glass-top table; exotic table; exotic chest; corn plant; mini rhythmoid; mini rhythmoid; mini rhythmoid; men's toilet;,Forest Life,imperial wall,charcoal tile,Yes,アルベルト,Kaimán,Alphonse,Markus,Alfonso,알베르트,だワニ,ñam-ñam,ñam-ñam,moi moi,moi moi,ahhhrg,proprio,나아거,No,,crd00,0035
Alli,,Alligator,Snooty,Female,November 8,graaagh,leopard shirt,sunny parasol,subtle,fresh,blue,Cabana,dignified,retro,cabana bed; sewing machine; ranch dresser; ranch couch; hi-fi stereo; daisy shirt; dark polka shirt; blue diamond top; natty shirt; lite polka shirt;,K.K. Chorale,cabana wall,cabana flooring,Yes,クロコ,Codrila,Allie,Ali,Alli,크로크,どすえ,lagartija,lagartija,graaagh,graaagh,graaach,graaag,얘야,No,,crd01,0036
Del,,Alligator,Cranky,Male,May 27,gronk,blue stripe knit,bat umbrella,striking,stylish,blue,Robo,dignified,retro,anchor; ship cannon; robo-dresser; amazing machine; reel-to-reel; ship compass; life ring; globe;,K.K. March,industrial wall,plank flooring,Yes,ヤマト,Croco,Hector,Krokki,Krokki,파도맨,プシュー,chomp,chomp,clap,clap,schnapp,chomp,처얼썩,No,,crd04,0037
Goldie,,Dog,Normal,Female,December 27,woof,dapper shirt,Toad parasol,stylish,striking,white,Regal,dignified,trendy,cabin table; cream sofa; green counter; regal bookcase; ranch bed; rocking chair; tall nebuloid; round cactus; cactus; turntable;,K.K. Bossa,blue-trim wall,birch flooring,Yes,キャラメル,Tere,Mirza,Bienchen,Dora,카라멜,ワン,guau-guau,guau-guau,ouaf,ouaf,wuff,wuf wuf,왈왈,No,,dog00,0038
Butch,,Dog,Cranky,Male,November 1,ROOOOOWF,arctic camo,spider umbrella,cool,cute,black,Modern,dignified,trendy,modern bed; gold stereo; modern table; nebuloid; blue golf bag; dart board; fan palm;,K.K. Fusion,concrete wall,modern tile,Yes,ジョン,Bruno,Avril,Hasso,Attila,존,ノン,gruf-gruf,gruf-gruf,WROOOOUF,WROOOOUF,GRRUFF,ROOOOOF,아니,No,,dog01,0039
Lucky,,Dog,Lazy,Male,November 4,rrr-owch,No. 23 shirt,bat umbrella,cool,striking,purple,Robo,dignified,retro,pyramid; sphinx; clothesline pole; watering trough; asteroid; mummy's casket; croakoid; Master Sword; asteroid;,K.K. Dirge,ancient wall,ancient tile,No,ラッキー,Pupas,Ramsès,Viktor,Felice,럭키,らしいよ,geniaaaal,guuuuAY,graaaouch,graaaouch,rrr-awau,ossorrr,그렇대,No,,dog02,003A
Biskit,,Dog,Lazy,Male,May 13,dawg,deep blue tee,sunny parasol,fresh,strange,orange,Ranch,dignified,retro,ranch bed; high-end stereo; cabin low table; ranch dresser; mega bovoid; straw hat; fan palm; cabin clock; ranch armchair;,K.K. Mambo,wood paneling,cabana flooring,Yes,ロビン,Amnesio,Crocket,Keks,Buffetto,로빈,だイヌ,guau,guau,clair,clair,kläff,brrranco,멍멍,No,,dog03,003B
Bones,,Dog,Lazy,Male,August 4,yip yip,caveman tunic,leaf umbrella,refined,gaudy,aqua,Kiddie,dignified,trendy,green bench; basic yellow bed; kiddie dresser; writing desk; computer; tall harmonoid; office chair; blue box; writing chair;,K.K. Ragtime,playroom wall,green rug,Yes,トミ,Cándido,Nonos,Strolch,Tobia,토미,ネッ,yip yip,yip yip,yip yip,yip yip,hechel,yip yip,옙,No,,dog04,003C
Portia,,Dog,Snooty,Female,October 25,ruffian,polar fleece,elegant umbrella,gaudy,refined,white,Regal,dignified,trendy,regal bed; regal dresser; classic bookcase; cream sofa; classic buffet; white knight; bad plaid shirt; lacy parasol; phonograph; regal lamp;,Café K.K.,chic wall,tartan rug,Yes,ブレンダ,Amanda,Dalma,Isolde,Porzia,블랜더,フンッ,ruf-ruf,ruf-ruf,brute,brute,frechi,ronfietto,흥,No,,dog05,003D
Walker,,Dog,Lazy,Male,June 10,wuh,No. 67 shirt,yellow umbrella,subtle,striking,red,Lovely,dignified,trendy,cabin bookcase; red sofa; sea bass; red sofa; paperboy cap; retro TV; classic clock; spaceman; caladium;,Two Days Ago,stone wall,plank flooring,Yes,ベン,Miki,George,Fido,Walter,벤,バウ,huesitos,huesitos,ouh,ouh,wafff,wuff,컹컹,No,,dog06,003E
Daisy,,Dog,Normal,Female,November 16,bow-WOW,kiddie shirt,gelato umbrella,subtle,cool,brown,Exotic,dignified,trendy,moon; exotic screen; cream sofa; antique clock; amber; ammonite; extinguisher; telescope;,K.K. Soul,library wall,tartan rug,Yes,バニラ,Luisa,Naomie,Doris,Fiorella,바닐라,だよね,chido,guaay,mon chou,mon chou,wauwau,bau WOW,그렇죠,No,,dog07,003F
Cookie,,Dog,Peppy,Female,June 18,arfer,blue tartan,gelato umbrella,cute,cool,green,Ranch,dignified,trendy,ranch table; ranch bed; ranch couch; ranch dresser; hi-fi stereo; ranch armchair; mega tootoid; ranch chair; mini tootoid; country guitar;,K.K. Chorale,ranch wall,ranch flooring,Yes,ペリーヌ,Purita,Cookie,Rosi,Briciola,베리,プリリン,fresita,fresita,woufi,woufi,nuffnuff,bubabù,초롱초롱,No,,dog08,0040
Bill,,Duck,Jock,Male,February 1,quacko,No. 2 shirt,gelato umbrella,fresh,subtle,green,Cabana,dignified,trendy,exotic bed; cabana dresser; watering trough; glass-top table; exotic wardrobe; birdcage; birdcage; coconut palm; coconut palm;,K.K. Reggae,lattice wall,kitchen tile,Yes,ピータン,Paquito,Choco,Bill,Gino,코코아,だね,cuaco,cuaco,choupichou,choupichou,quako,quaquo,탕,No,,duk00,0041
Joey,,Duck,Lazy,Male,January 3,bleeeeeck,No. 3 shirt,leaf umbrella,strange,cute,purple,Green,dignified,retro,backyard pool; elephant slide; lunar rover; exotic chest; globe; giant dharma; giant dharma; tape deck; mega quazoid;,K.K. Lament,tropical vista,ranch flooring,Yes,リチャード,Pascual,Joseph,Kalle,Pino,리처드,でヤンス,uac-uac,uac-uac,beeeuuuurk,beeeuuuurk,tschiiirp,squack,그래유,No,,duk01,0042
Pate,,Duck,Peppy,Female,February 23,quackle,winter sweater,blue umbrella,cute,refined,yellow,Classic,playful,trendy,classic bed; regal sofa; classic bookcase; classic vanity; classic clock; turntable; mega freakoid; Corinthian post; mini freakoid;,K.K. Dirge,stone wall,opulent rug,Yes,ナッキー,Pati,Terrine,Daune,Camilla,나키,メソメソ,cuaqui,cuaqui,coin coin,coin coin,quaak,quackquack,아잉,No,,duk02,0043
Maelle,,Duck,Snooty,Female,April 8,duckling,heart shirt,yellow umbrella,stylish,refined,white,Lovely,playful,trendy,lovely bed; lovely kitchen; classic buffet; cream sofa; phonograph; birdcage; lacy parasol; candy gingham; bromeliaceae;,Café K.K.,parlor wall,ceramic tile,Yes,アンヌ,Patidifú,Maëlle,Sissi,Palmita,앤,ふぅ,perla,perla,canardou,canardou,entchen,paperotto,우아,No,,duk03,0044
Deena,,Duck,Normal,Female,June 27,woowoo,kiddie shirt,green umbrella,subtle,striking,gray,Blue,dignified,retro,basketball hoop; tennis table; weight bench; ringside table; mop; CD player; office locker; office locker; office locker;,Mr. K.K.,concrete wall,concrete floor,Yes,まりも,Martita,Mina,Olivia,Dina,마리모,マル,miguita,miguita,youhou,youhou,juhuu,quiproquò,우우,No,,duk04,0045
Pompom,,Duck,Peppy,Female,February 11,rah rah,No. 4 shirt,candy umbrella,stylish,strange,aqua,Cabin,dignified,retro,classic bed; sink; elephant slide; cream sofa; lovely dresser; retro fridge; tulip table; baby bed; merry-go-round; retro TV;,K.K. Jazz,parlor wall,kitchen tile,Yes,のりっぺ,Flopi,Pompon,Erika,Erica,주디,だっピ,sinplumas,sinplumas,rah rah,rah rah,krah,quoquiquà,다삐,No,,duk05,0046
Mallary,,Duck,Snooty,Female,November 17,quackpth,blue stripe knit,sunny parasol,stylish,striking,brown,Exotic,dignified,trendy,cabana bed; cabana dresser; claw-foot tub; exotic bench; cactus; lady palm; turntable; cabana lamp; pothos;,K.K. Bossa,blue wall,mosaic tile,Yes,スミモモ,Mirta,Mallory,Marina,Sofia,스미모,ヨネ,recuac,recuac,coinpff,coinpff,quackpss,quackplà,모모,No,,duk06,0047
Freckles,,Duck,Peppy,Female,February 19,ducky,bright shirt,beach umbrella,refined,striking,colorful,Green,playful,retro,outdoor bath; boxing mat; boxing mat; dice stereo; kiddie dresser; mini puffoid; froggy chair; fan; mega puffoid; tulip table;,K.K. Song,green wall,bamboo flooring,Yes,マグロ,Rebeca,Caro,Quacks,Semola,다랑어,ぎょぎょ,cui-cuá,cui-cuá,poussin,poussin,quaak,qua qua,물물,No,,duk07,0048
Derwin,,Duck,Lazy,Male,May 25,derrrr,yellow bar shirt,yellow umbrella,cool,stylish,beige,Ranch,playful,retro,sink; basic green bed; writing desk; salmon; retro fridge; space heater; giant dharma; gargloid; writing chair;,The K. Funk,old brick wall,music-room floor,Yes,ボン,Torcuato,Prof,Erwin,Mike,봉,ね！ママ,cuato,cuato,derrrr,derrrr,krook,quaccolo,엄마,No,,duck08,0049
Drake,,Duck,Lazy,Male,June 25,quacko,folk shirt,yellow umbrella,subtle,gaudy,brown,Ranch,dignified,trendy,outdoor bath; sleeping bag; fireplace; blue bench; retro stereo; Red Tulips; microwave; Yellow Tulips; glow clock; White Tulips;,K.K. Blues,cabin wall,shanty mat,Yes,フォアグラ,Draco,Colvert,Gustav,Drago,푸아그라,かもね,polluelo,polluelo,canard,canard,schnabbl,quaqua,어쩌면,No,,duck09,004A
Scoot,,Duck,Jock,Male,June 13,zip zoom,frog shirt,flame umbrella,funky,cool,blue,Cabana,playful,trendy,cabana bed; pike; salmon; mega oombloid; corn plant; white boom box; corn plant; mega oombloid;,Marine Song 2001,cabin wall,shanty mat,Yes,マモル,Chema,Scooter,Helmut,Guizzo,지키미,グワッ,zapizum,zapizum,zak zak,zak zak,flitzer,zip zoom,꾸왁,No,,duck10,004B
Miranda,,Duck,Snooty,Female,April 23,quackulous,laced shirt,daisy umbrella,gaudy,fresh,yellow,Classic,dignified,trendy,pine table; retro stereo; pine chair; round cactus; cactus; cabana lamp; mega oombloid;,K.K. Salsa,plaza wall,checkered tile,Yes,ミランダ,Miranda,Maëllis,Tanya,Miranda,미란다,なにさ,cua-cuá,cua-cuá,couac,couac,brotbrot,quaquao,괜찮아,No,,duk12,004C
Opal,,Elephant,Snooty,Female,January 20,snoot,gray tartan,mint umbrella,gaudy,cool,white,Exotic,dignified,trendy,exotic bed; exotic screen; classic sofa; pachira; odd clock; exotic wardrobe; exotic lamp; phonograph;,Forest Life,mosaic wall,plaza tile,Yes,オパール,Ópalo,Opaline,Olga,Opal,오팔,ヨン,flip-flop,flip-flop,gropif,gropif,tröööt,snoob,땡,No,,elp00,004D
Dizzy,,Elephant,Lazy,Male,July 14,woo-oo,No. 5 shirt,gelato umbrella,gaudy,refined,black,Ranch,dignified,trendy,train set; elephant slide; cabin bed; mini dingloid; mini drilloid; blue chair; mega lamentoid; alarm clock;,K.K. Gumbo,wood paneling,backyard lawn,Yes,ヒュージ,Quique,Pachy,Bastian,Annibale,휴지,だゾウ,naricita,naricita,woutchou,woutchou,taraaaa,ullà,휴휴,No,,elp01,004E
Big Top,,Elephant,Lazy,Male,October 3,villain,No. 3 shirt,green umbrella,cool,fresh,blue,Blue,dignified,trendy,blue corner; boxing mat; ringside table; weight bench; boxing mat; sandbag; boxing barricade; tape deck; scale; judge's bell;,K.K. Metal,ringside seating,boxing ring mat,No,3ごう,Déivid,Miles,Benni,Grande C,3호,うりゃー,mutante,mutante,vipère,vipère,truuu,furfante,으랏차,No,,elp02,004F
Eloise,,Elephant,Snooty,Female,December 8,tooooot,yellow bar shirt,Toad parasol,gaudy,refined,green,Green,dignified,trendy,lovely bed; blue bench; green counter; retro stereo; green desk; blue clock; green chair; corn plant; folk guitar;,K.K. Jazz,citrus wall,ceramic tile,Yes,エレフィン,Eloísa,Eloïse,Frauke,Eloisa,엘레핀,ルン,orejillas,orejillas,tooouut,tooouut,tuutuuuu,nappole,훨훨,No,,elp03,0050
Margie,,Elephant,Normal,Female,January 28,tootie,hot spring shirt,petal parasol,gaudy,strange,brown,Cabana,dignified,retro,classic bed; cabana screen; cabana bookcase; exotic bench; cabana dresser; djimbe drum; lady palm; tea vase; turntable; exotic end table;,K.K. Bossa,Persian wall,exquisite rug,Yes,サリー,Rita,Maguy,Elisa,Marianna,샐리,シャララ,flaqui,flaqui,toutie,toutie,trampl,tootie,샬랄라,No,,elp04,0051
Axel,,Elephant,Jock,Male,March 23,WHONK,fresh shirt,modern umbrella,striking,subtle,colorful,Kiddie,dignified,retro,kiddie table; lovely dresser; pineapple bed; kiddie bureau; pine chair; pine chair; exotic end table;,K.K. Dixie,ivy wall,daisy meadow,Yes,エックスエル,Eustakio,Axel,Axel,Sandro,엑스엘리,でゴンス,ankagua,ankagua,splaf,splaf,TUUUUT,SBONK,히힛,No,,elp06,0052
Lily,,Frog,Normal,Female,February 4,zzrrbbitt,icy shirt,blue dot parasol,fresh,cool,green,Cabin,playful,trendy,cabin table; cabin low table; green dresser; green counter; cream sofa; stove; red boom box; froggy chair; retro fridge; fan;,K.K. Salsa,groovy wall,ceramic tile,Yes,レイニー,Lili,Raina,Liliane,Gigliola,레이니,でちゅ,mosquita,mosquita,croako,watich',kröti,gragragra,그래요,No,,flg00,0053
Ribbot,,Frog,Jock,Male,February 13,toady,lightning shirt,blue umbrella,striking,refined,gray,Robo,dignified,trendy,lunar lander; space shuttle; lunar rover; satellite; asteroid; asteroid; Spaceman Sam; Spaceman Sam; tall quazoid;,Go K.K. Rider!,lunar horizon,lunar surface,No,ガチャ,Ranobot,Crabot,Robbi,Ranabot,철컥,だロボ,brinquitos,crobit,croac,croac,quarrrk,cracrà,오버,No,,flg01,0054
Frobert,,Frog,Jock,Male,February 8,fribbit,Gracie's top,daisy umbrella,striking,subtle,colorful,Cabana,playful,trendy,watermelon table; kiddie couch; sea bass; kiddie stereo; clothesline pole; slim quazoid; pear wardrobe; melon chair; watermelon chair; pear dresser;,My Place,pastel-dot wall,citrus carpet,Yes,コージィ,Croaldo,Verbert,Fritz,Froberto,구리구리,クルリ,anquitas,anquitas,breup,breup,quäääk,fribbit,객울,No,,flg02,0055
Camofrog,,Frog,Cranky,Male,June 5,ten-hut,MVP shirt,bat umbrella,gaudy,fresh,blue,Blue,dignified,retro,backyard pool; ringside table; blue bench; boxing mat; office locker; squelchoid; boxing barricade; tape deck; boxing barricade;,K.K. Rock,ringside seating,boxing ring mat,Yes,フルメタル,Comando,Milos,Tarno,Crambo,충성,わい,recluta,recluta,gardeàvous,taïaut,quak-quak,attacroak,와이,No,,flg03,0056
Drift,,Frog,Jock,Male,October 9,brah,No. 67 shirt,petal parasol,strange,striking,orange,Ranch,dignified,retro,clothesline pole; covered wagon; watering trough; mini drilloid; broken post; cow skull; broken post; tumbleweed;,K.K. Country,western vista,western desert,Yes,ドク,Surfín,Gordon,Caspar,Prospero,덕,ゲロゲロ,colega,colega,braaaa,braaaa,quak,girin,개굴개굴,No,,flg04,0057
Wart Jr.,,Frog,Cranky,Male,August 21,grr-ribbit,sharp outfit,busted umbrella,refined,cute,green,Kiddie,playful,trendy,outdoor bath; watering trough; exotic bench; pine bonsai; frog; azalea bonsai; tootoid; tall lantern;,To the Edge,old brick wall,sandlot,Yes,サム,Saponcio,Crakos,Warzi,Porro,샘,だぎゃ,grroac,grroac,croa-croa,croa-croa,grupap,cracragnam,므흣,No,,flg05,0058
Puddles,,Frog,Peppy,Female,January 13,splish,lovely shirt,sunny parasol,cute,refined,pink,Cabin,playful,trendy,picnic table; beach chair; refrigerator; tape deck; lawn chair; gerbera; stove;,K.K. Ballad,lunar horizon,daisy meadow,Yes,チョキ,Nenúfar,Rénata,Nele,Grazia,가위,っちゃ,esplís,esplís,splufff,splufff,platschi,splash,그랬쪄,No,,flg06,0059
Jeremiah,,Frog,Lazy,Male,July 8,nee-deep,sunset top,blue umbrella,subtle,gaudy,blue,Green,dignified,trendy,outdoor bath; tennis table; green bed; green dresser; leaf umbrella; froggy chair; tall droploid; leaf shirt; white boom box;,K.K. Mambo,bamboo wall,red tile,Yes,クワトロ,Jeremías,Jérémie,Jörg,Geremia,드리미,にゃむ,croc-croc,croc-croc,brooap,brooap,nidip,fri fri,딩동댕,No,,flg07,005A
Cousteau,,Frog,Jock,Male,December 17,oui oui,rally shirt,paper parasol,striking,stylish,red,Exotic,dignified,retro,exotic bed; exotic screen; exotic table; pachira; exotic end table; reel-to-reel; exotic chair;,Imperial K.K.,exotic wall,exotic rug,Yes,ハルマキ,Cousteau,Figaro,Jacques,Jacques,왕서방,のことよ,oui oui,oui oui,bidule,bidule,"oui, oui",et voilà,라이라이,No,,flg10,005B
Prince,,Frog,Lazy,Male,July 21,burrup,yellow bar shirt,leaf umbrella,refined,stylish,green,Robo,playful,trendy,complex machine; iron frame; robo-dresser; brown drum; garbage pail; green drum; red drum;,Café K.K.,mod wall,diner tile,Yes,カール,Felipe,Prince,Prinz,Principe,카일,ですだ,buuurp,buuurp,boïïïïïng,boiiiiing,gurp,berp,이리오슈,No,,flg12,005C
Jambette,,Frog,Normal,Female,October 27,croak-kay,prism shirt,ribbon umbrella,stylish,subtle,brown,Classic,dignified,retro,exotic screen; fireplace; classic sofa; classic sofa; exotic lamp; dracaena; phonograph; coconut palm; aloe;,K.K. Country,lattice wall,mosaic tile,Yes,エスメラルダ,Anquita,Gambette,Jeanette,Giada,에스메랄다,ですわよ,croac,croac,quoi,quoi,quaacki,crok-ok,쪼오옥,No,,flg13,005D
Chevre,,Goat,Normal,Female,March 6,la baa,natty shirt,candy umbrella,cute,cool,white,Regal,playful,trendy,classic bed; classic sofa; regal bookcase; classic buffet; regal dresser; white boom box; classic desk; jade econo-chair; Mama bear; petal parasol;,K.K. Chorale,cabana wall,regal carpet,Yes,ユキ,Cabriola,Biquette,Anette,Diletta,윤이,っぺ,beee-beee,beee-beee,la baa,la baa,määääh,beeello,맞아유,No,,goa00,005E
Nan,,Goat,Normal,Female,August 24,kid,citrus gingham,lemon umbrella,fresh,gaudy,black,Modern,dignified,retro,classic bed; blue bureau; blue bookcase; blue bench; wooden box; telescope; mop; retro TV; regal lamp;,Steep Hill,library wall,modern tile,Yes,スミ,Pécora,Nana,Zenobi,Nan,순이,っしょ,peque,peque,fromage,fromage,mekker,bimbi,그랬슈,No,,goa01,005F
Cesar,,Gorilla,Cranky,Male,September 6,highness,A shirt,blue umbrella,subtle,gaudy,brown,Ranch,playful,trendy,retro stereo; regal table; regal sofa; tall strumboid; white pawn; white pawn; bromeliaceae; bromeliaceae;,K.K. Lament,Persian wall,Persian rug,Yes,アラン,César,César,Alfredo,Cesare,앨런,ウホウホ,monigote,monigote,altesse,brutus,hoheit,dado,우갸우갸,No,,gor00,0060
Peewee,,Gorilla,Cranky,Male,September 11,li'l dude,five-ball shirt,leaf umbrella,cool,fresh,gray,Classic,dignified,trendy,exotic bed; samurai suit; high-end stereo; samurai suit; mini drilloid; Japanese drum; Japanese drum; rustoid;,K.K. Casbah,concrete wall,concrete floor,Yes,ダンベル,Lotar,Gogo,Manfred,Kong,덤벨,ガオ,cani,cani,ti-gars,gadget,zwerg,baaanane,겉멋,No,,gor01,0061
Boone,,Gorilla,Jock,Male,September 12,baboom,comfy sweater,paper parasol,cool,funky,colorful,Ranch,dignified,retro,bonfire; weight bench; watering trough; trash can; white boom box; doghouse;,K.K. Western,western vista,western desert,Yes,まんたろう,Babú,Babouin,Kong,Babu,만복이,このやろ,angaua,angaua,ma noix,ma noix,ugh,baboom,야임마,No,,gor02,0062
Violet,,Gorilla,Snooty,Female,September 1,faboom,misty shirt,picnic umbrella,striking,funky,pink,Exotic,playful,retro,classic bed; fireplace; dice stereo; cabana bookcase; pachira; green lava lamp; squat dingloid; mega dingloid;,K.K. Faire,floral wall,opulent rug,Yes,ウズメ,Magenta,Gaëlle,Konga,Konga,줌마,アイヤ,unga,unga,gong,gong,auauauu,unga,에그머닛,No,,gor07,0063
Rocco,,Hippo,Cranky,Male,August 18,hippie,danger shirt,leopard umbrella,strange,stylish,yellow,Cabin,playful,trendy,billiard table; exotic chest; ranch couch; classic bookcase; ranch armchair; cabin clock; wooden box; turntable; pinball machine;,Lucky K.K.,stone wall,plank flooring,Yes,ゴンザレス,Roco,Bebel,Richi,Rocco,곤잘레스,だぎゃー,batracio,batracio,hippie,babi,pfffft,ipper,그러마,No,,hip00,0064
Harry,,Hippo,Cranky,Male,January 7,beach bum,jungle camo,forest umbrella,subtle,cute,aqua,Cabana,dignified,trendy,bathtub; spa chair; beach chair; bath mat; washbasin; corn plant; phonograph; tall droploid;,K.K. Calypso,bathhouse wall,bath tile,Yes,オリバー,Harpo,Bob,Jürgen,Ercolino,올리버,でっせ,algas,algas,mille,mille,höhöhö,uhuhuh,냉큼오슈,No,,hip08,0065
Buck,,Horse,Jock,Male,April 4,pardner,eight-ball shirt,bat umbrella,cool,subtle,brown,Exotic,dignified,trendy,exotic screen; fireplace; exotic chest; ranch couch; classic clock; leather jerkin; ranch armchair; phonograph; classic table;,My Place,old brick wall,opulent rug,Yes,ヴァヤシコフ,Trotón,Daniel,Rudi,Trottolo,바야시코프,なんちて,zanahoria,zanahoria,taty,taty,wiehie,cowboy,농담,No,,hrs00,0066
Victoria,,Horse,Peppy,Female,July 11,sugar cube,one-ball shirt,lacy parasol,cute,strange,red,Ranch,playful,retro,watermelon table; lovely loveseat; storefront; storefront; watering trough; red boom box; tulip chair; kitschy clock; tulip chair; tulip table;,K.K. Country,lunar horizon,backyard lawn,Yes,セントアロー,Victoria,Victoria,Emma,Vittoria,센트엘로,いくわよ,terroncito,terroncito,susucre,susucre,gimazuka,zolletta,달리자,No,,hrs01,0067
Savannah,,Horse,Normal,Female,January 25,y'all,deep blue tee,blue dot parasol,stylish,cute,gray,Cabana,dignified,retro,cabana screen; exotic bench; retro stereo; vibraphone; birdcage; cabana armchair; cabana armchair; pachira; corn plant;,Forest Life,plaza wall,red tile,Yes,サバンナ,Sabana,Savana,Zara,Savannah,사반나,ってば,azucarillo,azucarillo,wimbowé,wimbowé,wichichi,hip hip,맞아요,No,,hrs02,0068
Elmer,,Horse,Lazy,Male,October 5,tenderfoot,gaudy sweater,gelato umbrella,strange,cute,green,Ranch,playful,trendy,ranch couch; regal dresser; ranch tea table; ranch couch; phonograph; classic clock; folk guitar; regal armoire; regal lamp;,K.K. Waltz,arched window,opulent rug,Yes,サブレ,Jacinto,Martin,Emil,Oreste,샤브렌,だヒヒン,pezuñitas,pezuñitas,mouuuuiii,mouuuuiii,anfänger,pinopino,히히힝,No,,hrs03,0069
Roscoe,,Horse,Cranky,Male,June 16,nay,checkered shirt,bat umbrella,strange,fresh,black,Modern,dignified,trendy,modern bed; gold stereo; modern sofa; pachira; white knight; modern lamp; black knight;,K.K. Dirge,plaza wall,modern tile,Yes,シュバルツ,Jereza,Rosco,Jolly,Roscoe,슈베르트,ブルル,bípedo,bípedo,shérif,shérif,galoppp,nay,부르르,No,,hrs04,006A
Winnie,,Horse,Peppy,Female,January 31,hay-OK,cow shirt,candy umbrella,striking,strange,colorful,Exotic,dignified,trendy,classic bed; ranch couch; cabin bookcase; dice stereo; green dresser; gold econo-chair; Mama bear; retro fridge; dracaena; pink box;,My Place,pastel-dot wall,kitschy tile,Yes,マキバスター,Soonia,Anne,Walli,Clara,카로틴,みゃあ,okeimakei,okeimakei,youp là,youp là,heu-ja,biadina,당근당근,No,,hrs05,006B
Ed,,Horse,Jock,Male,September 16,greenhorn,lite polka shirt,flame umbrella,gaudy,fresh,black,Modern,playful,trendy,modern bed; modern desk; modern sofa; modern table; gold stereo; modern lamp; modern chair; modern wardrobe;,K.K. Ballad,modern wall,modern tile,Yes,キザノホマレ,Crinaldo,Edouard,Hermann,Codino,꺼벙,じゃない,jo-joy,jo-joy,tagada,tagada,greenhorn,pirulì,게슴츠레,No,,hrs06,006C
Peaches,,Horse,Normal,Female,November 28,neighbor,lite polka shirt,forest umbrella,strange,stylish,pink,Kiddie,playful,retro,train set; red sofa; kiddie bed; kiddie dresser; dice stereo; cradle; merry-go-round; mini dekkoid; wobbelina;,K.K. Song,kiddie wall,playroom rug,Yes,ドサコ,Perla,Prune,Claire,Ronzina,말자,だポン,niiiih,niiiih,mustang,mustang,nachbar,oh mamma,몰라요,No,,hrs08,006D
Yuka,,Koala,Snooty,Female,July 20,tsk tsk,citrus gingham,lacy parasol,stylish,cool,white,Regal,dignified,trendy,regal bed; regal table; blue bench; regal bookcase; regal vanity; turntable; tea set; caladium; regal lamp;,Soulful K.K.,stately wall,parquet floor,Yes,ユーカリ,Yuka,Calypso,Ute,Yuka,유카리,アラ,pues,pues,tss tss,tss tss,grins,tsé tsé,어맛,No,,kal00,006E
Alice,,Koala,Normal,Female,August 19,guvnor,barber shirt,lacy parasol,funky,refined,purple,Cabana,playful,trendy,pine table; cabana screen; cabana bookcase; retro stereo; vibraphone; pine chair; caladium; cactus; pachira; fan palm;,Surfin' K.K.,green wall,diner tile,Yes,メルボルン,Zelanda,Alice,Konny,Alice,멜버른,キラリ,tú,tú,chef,chef,schnarchhh,tesorino,반짝,No,,kal01,006F
Melba,,Koala,Normal,Female,April 12,toasty,green vest,lacy parasol,cute,strange,green,Cabin,dignified,retro,cabin table; cabin bed; claw-foot tub; cabin couch; green counter; shower; fan palm; green lamp; jukebox; cabin dresser;,K.K. Ragtime,sweets wall,sweets floor,Yes,アデレード,Melba,Melba,Kornelia,Melba,아델레이드,とっても,tesoro,tesoro,pêchou,pêchou,zubba,toasty,정말로요,No,,kal02,0070
Sydney,,Koala,Normal,Female,June 21,sunshine,big dot shirt,Toad parasol,cool,gaudy,brown,Green,dignified,retro,green table; green dresser; green bed; gold stereo; tea vase; white rook; caladium; mega lamentoid;,K.K. Country,cabin wall,green rug,Yes,シドニー,Sidney,Koaline,Silke,Sidney,시드니,だコアラ,súper,súper,mon trésor,mon trésor,sternchen,calipto,발그레,No,,kal03,0071
Kitt,,Kangaroo,Normal,Female,October 11,child,blue diamond top,spider umbrella,fresh,funky,beige,Classic,playful,trendy,ebony piano; classic sofa; classic sofa; exotic screen; lady palm; powdered wig; tall lullaboid; classic table; turntable;,K.K. Chorale,arched window,birch flooring,No,アップリケ,Antípoda,Poquette,Kerstin,Kitt,애플리케,ッポン,mi alma,mi alma,mon enfant,gamin,kindchen,cucciolo,폴짝,No,,kgr00,0072
Mathilda,,Kangaroo,Snooty,Female,November 12,wee baby,U R here shirt,elegant umbrella,subtle,cute,black,Modern,dignified,trendy,ranch table; classic sofa; billiard table; checkered shirt; dart board; corn plant; checkerboard tee; rocking chair;,K.K. Ragtime,green wall,checkered tile,No,アザラク,Pugilda,Mathilde,Marga,Matilda,안젤라,ッハ,peso mosca,peso mosca,riquiqui,riquiqui,knirps,oplà,응,No,,kgr01,0073
Astrid,,Kangaroo,Snooty,Female,September 8,my pet,star shirt,flame umbrella,gaudy,fresh,gray,Modern,dignified,trendy,wide-screen TV; modern sofa; hi-fi stereo; iron frame; blue lava lamp; snake plant; metal guitar; rock guitar; bromeliaceae;,I Love You,stately wall,steel flooring,No,キッズ,Astrid,Céleste,Astrid,Stella,펑키맘,だパンク,mascotita,mascotita,mon étoile,mon étoile,schmusi,fagotto,뭘봐,No,,kgr05,0074
Bud,,Lion,Jock,Male,August 8,maaan,flowery shirt,beach umbrella,cool,fresh,colorful,Cabana,dignified,retro,picnic table; beach chair; beach chair; beach chair; beach chair; red boom box; ukulele; surfboard; beach table; Yellow Tulips;,K.K. Ska,tropical vista,tropical floor,Yes,グラさん,Surfleo,Léonard,Dieter,Leo,선글,メ～ン,sabes,sabes,mon vieux,m'pote,kumpel,ruggi,요～맨,No,,lon00,0075
Elvis,,Lion,Cranky,Male,July 23,unh-hunh,royal shirt,red umbrella,subtle,cute,gray,Regal,dignified,retro,regal sofa; exotic screen; regal sofa; exotic screen; regal chair; regal chair; Pantheon post; treasure chest; Pantheon post;,K.K. Casbah,arched window,stone tile,Yes,キング,Elvis,Elvis,Leonardo,Elvis,킹,ダロガ,groar,groar,bébé,bébé,grolll,unh-hunh,안그냐,No,,lon01,0076
Champ,,Monkey,Jock,Male,June 4,choo CHOO,paw shirt,gelato umbrella,funky,striking,aqua,Cabin,playful,trendy,train set; red sofa; office desk; office locker; alarm clock; rubber tree; office chair; red armchair;,K.K. Salsa,backyard fence,red tile,No,さるお,Mico,Thibaut,Tschita,Champ,몽돌이,ウッキー,uh-ah-ah,uh-ah-ah,tchouTCHOU,tchouTCHOU,u-u-u,choo CHOO,우키,No,,mnk00,0077
Nana,,Monkey,Normal,Female,August 23,po po,bubble gum shirt,candy umbrella,cute,refined,colorful,Lovely,dignified,retro,watermelon table; blue bookcase; retro stereo; blue bed; lovely lamp; orange chair; retro fridge; mixer; lime chair;,K.K. Dixie,parlor wall,citrus carpet,No,チッチ,Nana,Mireille,Dorothea,Nanà,키키,ウキャ,monada,monada,po po,po po,spitzi,po po,끼끼,No,,mnk01,0078
Simon,,Monkey,Lazy,Male,January 19,zzzook,red bar shirt,forest umbrella,fresh,cool,colorful,Ranch,playful,retro,bonfire; cabin bookcase; hammock; conga drum; fan palm; fan palm; tiki torch; tiki torch;,Forest Life,lunar horizon,sandlot,No,エテキチ,Simón,Simon,Simon,Simon,시몬,でござる,chimpa,chimpa,zzziik,zzziik,bannabanna,zzzook,하옵니다,No,,mnk02,0079
Tammi,,Monkey,Peppy,Female,April 1,chimpy,new spring shirt,petal parasol,stylish,refined,brown,Cabana,dignified,trendy,classic bed; classic bookcase; claw-foot tub; cream sofa; cabana dresser; cabana vanity; lady palm; reel-to-reel; birdcage; cabana lamp;,Only Me,mosaic wall,blue flooring,No,エイプリル,Tami,Lili,Bonni,Tammi,에이프릴,ワオ,uki-uki,uki-uki,booof,booof,agaga,scimmietta,와우,No,,mnk03,007A
Monty,,Monkey,Cranky,Male,December 7,g'tang,blue pinstripe,leaf umbrella,refined,cute,blue,Modern,playful,trendy,outdoor bath; clothesline pole; mountain bike; sleeping bag; snowboard; campfire; backpack; tape deck; lantern;,Pondering,meadow vista,daisy meadow,No,サルモンティ,Burton,Lourant,Daniel,Mimmo,몽티,バナーナ,uuuuh-ah,uuuuh-ah,l'outang,l'outang,abbo,g'tang,바나나,No,,mnk04,007B
Elise,,Monkey,Snooty,Female,March 21,puh-lease,cool shirt,sunny parasol,stylish,refined,colorful,Classic,dignified,retro,regal bed; exotic screen; classic vanity; classic buffet; classic sofa; retro TV; owl clock; racoon figurine; lucky gold cat; super toilet;,Neapolitan,cityscape wall,ceramic tile,No,モンこ,Mayra,Elise,Steffi,Elisa,몽자,だモン,ricura,ricura,quand même,steup,strebstreb,per favore,몽몽,No,,mnk05,007C
Dora,,Mouse,Normal,Female,February 18,squeaky,sharp outfit,paper parasol,fresh,striking,purple,Exotic,dignified,trendy,hearth; sewing machine; retro stereo; exotic table; exotic bench; maple bonsai; quince bonsai; blue vase; tall lantern; tall lantern;,Soulful K.K.,cabin wall,tatami,Yes,とめ,Dori,Dora,Dora,Serena,티미,だべ,cuiqui,cuiqui,tatouille,tatouille,quieek,squiksquik,찍찍,No,,mus00,007D
Limberg,,Mouse,Cranky,Male,October 17,squinky,subdued print,busted umbrella,funky,cute,green,Exotic,playful,retro,outdoor bath; screen; exotic screen; samurai suit; wee dingloid; reel-to-reel; tall percoloid; Japanese drum; tall oombloid;,K.K. Folk,stone wall,tatami,Yes,らっきょ,Camember,Gruyère,Rafael,Rosico,단무지,てやんで,caramba,caramba,Scriiich,scriiich,pfiffikus,squick,긍가벼,No,,mus01,007E
Bella,,Mouse,Peppy,Female,December 28,eeks,skull shirt,flame umbrella,striking,fresh,black,Modern,playful,retro,lovely bed; green dresser; retro stereo; lovely loveseat; green counter; refrigerator; kitschy clock; iris chair; stove; tulip table;,K.K. Metal,concrete wall,steel flooring,Yes,イザベラ,Prity,Belle,Susi,Bella,이자벨,ギャハッ,petisú,petisú,hiiiii,hiiiii,visavisa,eeks,캬학,No,,mus02,007F
Bree,,Mouse,Snooty,Female,July 7,cheeseball,floral knit,lacy parasol,fresh,gaudy,white,Regal,playful,trendy,regal bed; vibraphone; gold stereo; regal sofa; regal bookcase; weeping fig; radiator; doghouse; regal lamp; regal vanity;,Two Days Ago,blue-trim wall,kitchen tile,Yes,サラ,Brie,Quenotte,Jenny,Ginella,사라,なんてね,orejas,orejas,boulette,boulette,kicher,formaggino,글치머,No,,mus03,0080
Samson,,Mouse,Jock,Male,July 5,pipsqueak,airy shirt,eggy parasol,funky,striking,colorful,Kiddie,dignified,trendy,blue table; green counter; ball return; water bird; kitschy clock; watermelon chair; gas pump; melon chair;,Go K.K. Rider!,citrus wall,kiddie carpet,Yes,ピース,Sansón,Samson,Samson,Sansone,피스,チュー,flojeras,flojeras,scouic,scouic,pieeeps,pisquak,쪽,No,,mus04,0081
Rod,,Mouse,Jock,Male,August 14,ace,zipper shirt,gelato umbrella,cool,subtle,purple,Ranch,playful,trendy,ranch couch; green counter; billiard table; turntable; odd clock; round cactus; ranch armchair; ranch armchair;,K.K. March,sea view,plank flooring,Yes,ジャン,Rodi,Marcel,Manni,Riccardo,쟝,すっげぇ,quesito,quesito,tip-top,tip-top,boa-ey,flapflap,무진장,No,,mus05,0082
Rizzo,,Mouse,Cranky,Male,January 17,squee,casual outfit,paper parasol,refined,fresh,green,Exotic,dignified,trendy,exotic bed; exotic screen; exotic screen; exotic screen; tea vase; tall strumboid; tall lamentoid; tall oombloid; phonograph;,K.K. Lament,gold screen wall,plank flooring,Yes,ちょろきち,Ratolón,Sourizzi,Ricky,Rizzo,조르쥐,がってん,ñiiiik,ñiiiik,nouik,nouik,fieps,squiii,힐끔힐끔,No,,mus09,0083
Broccolo,,Mouse,Lazy,Male,June 30,eat it,kiddie shirt,gelato umbrella,funky,stylish,colorful,Classic,playful,trendy,pine table; pineapple bed; dice stereo; classic vanity; ranch couch; rocking horse; weeping fig; tall oombloid;,K.K. Ragtime,playroom wall,playroom rug,Yes,ブロッコリー,Brócoli,Steven,Fritzi,Franco,브로콜리,ピコ,dientes,dientes,chaud,flim-flam,knabba,squikko,앗차,No,,mus12,0084
Octavian,,Octopus,Cranky,Male,September 20,sucker,big star shirt,beach umbrella,funky,stylish,red,Robo,dignified,retro,flying saucer; lunar rover; rocket; satellite; space shuttle; asteroid; asteroid; robo-stereo; robo-chair; Spaceman Sam;,K.K. D & B,lunar horizon,lunar surface,No,おくたろう,Octavio,Octave,Ottfried,Ottavio,문복,タコ,chupatinta,chupatinta,chenapan,chenapan,schling,perdindi,쭉쭉,No,,ocp00,0085
Marina,,Octopus,Normal,Female,June 26,blurp,bubble gum shirt,ribbon umbrella,cute,refined,pink,Lovely,playful,trendy,lovely bed; lovely dresser; lovely loveseat; claw-foot tub; lovely vanity; sunflower; turntable; lovely end table; lovely lamp;,Soulful K.K.,lovely wall,lovely carpet,No,タコリーナ,Marina,Marina,Marianne,Marina,문리나,きゃ,dospatas,dospatas,beurp,beurp,blubblub,blurp,캬캬,No,,ocp01,0086
Queenie,,Ostrich,Snooty,Female,November 13,chicken,laced shirt,lacy parasol,striking,gaudy,black,Classic,dignified,trendy,modern bed; regal table; vibraphone; classic sofa; retro stereo; white pawn; black pawn; deluxe range; white pawn; black pawn;,K.K. Gumbo,plaza wall,modern tile,Yes,タキュ,Marujita,Reine,Isabella,Regina,택주,やっぱし,gallina,gallina,poupoule,poupoule,hühnchen,polpetta,역시,No,,ost00,0087
Gladys,,Ostrich,Normal,Female,January 15,stretch,misty shirt,paper parasol,subtle,gaudy,green,Exotic,dignified,retro,exotic bed; exotic bench; exotic table; exotic screen; exotic chest; azalea bonsai; exotic wardrobe; phonograph; biwa lute; mega oboid;,K.K. Folk,shoji screen,tatami,Yes,ちとせ,Gladis,Gladys,Sandra,Marta,빅토리아,ですの,plumillas,plumillas,codêt,codêt,ajajajjj,stretch,그렇지라,No,,ost01,0088
Apollo,,Eagle,Cranky,Male,July 4,pah,zipper shirt,paper parasol,strange,funky,white,Modern,playful,trendy,modern bed; billiard table; modern sofa; wide-screen TV; modern desk; mahjong table; black knight; white knight; shark tooth; Peking Man;,Soulful K.K.,ornate wall,tartan rug,Yes,アポロ,Apolo,Apollon,Apollo,Apollo,아폴로,だワイ,rapaz,rapaz,trraaaa,trraaaa,ahhh,pah,다꿇어,No,,pbr00,0089
Amelia,,Eagle,Snooty,Female,November 19,cuz,spiderweb shirt,zebra umbrella,gaudy,subtle,red,Ranch,playful,retro,cabin table; ranch couch; cabin bookcase; folk guitar; birdcage; tall puffoid; cactus; tape deck;,K.K. Condor,desert vista,cabin rug,Yes,アンデス,Amelia,Aurélie,Adelheid,Amelia,안데스,カラカラ,chinchilla,chinchilla,croooa,croooa,adlerauge,mini mini,엄멈머,No,,pbr01,008A
Pierce,,Eagle,Jock,Male,January 8,hawkeye,circus shirt,modern umbrella,subtle,stylish,blue,Regal,dignified,trendy,regal bed; regal table; hi-fi stereo; regal sofa; radiator; regal armoire; regal chair; regal lamp; refrigerator;,K.K. Étude,regal wall,regal carpet,Yes,セバスチャン,Hugo,Napoléon,Adrian,Attilio,세바스찬,バサバサ,aguililla,aguililla,œil agile,œil agile,schwinge,pronti via,퍼덕퍼덕,No,,pbr02,008B
Avery,,Eagle,Cranky,Male,February 22,skree-haw,uncommon shirt,spider umbrella,strange,funky,brown,Ranch,dignified,retro,bonfire; cabin couch; fan palm; Ionian post; broken post; tiki torch; tiki torch;,K.K. Condor,western vista,ancient tile,Yes,クスケチャ,Cuzco,Faust,Quetzal,Falco,쿠스케처,アリョイ,gawk,grrraak,gawk,phélès,flapp,gawk,내놔,No,,prb05,008C
Aurora,,Penguin,Normal,Female,January 27,b-b-baby,pink tartan,lemon umbrella,funky,gaudy,pink,Cabana,playful,trendy,elephant slide; cabana dresser; gold stereo; cream sofa; daffodil chair; kitschy clock; nebuloid; iris table; harmonoid;,K.K. Gumbo,lunar horizon,kitchen tile,Yes,オーロラ,Aurora,Aurore,Sonja,Aurora,오로라,だジョー,pescadito,pescadito,b-b-bébé,b-b-bébé,b-bestens,b-b-baby,랄라,No,,pgn00,008D
Roald,,Penguin,Jock,Male,January 5,b-b-buddy,cafe shirt,Toad parasol,strange,subtle,orange,Kiddie,playful,trendy,train set; elephant slide; rocket; satellite; space shuttle; telescope; kiddie clock; super toilet; robo-stereo; bowling pins;,K.K. Parade,playroom wall,kiddie carpet,Yes,ペンタ,Bobi,Reynald,Roland,Angelino,펭수,だペン,titirito,titirito,pépépère,pépépère,k-k-kumpel,br-br-brr,팽팽,No,,pgn01,008E
Cube,,Penguin,Lazy,Male,January 29,d-d-dude,big dot shirt,petal parasol,cute,cool,colorful,Robo,playful,trendy,robo-bed; robo-dresser; robo-sofa; robo-clock; daffodil chair; apple clock; robo-stereo; tulip chair;,K.K. Technopop,mod wall,diner tile,Yes,ビス,Cube,Cube,Cube,Cubetto,빙수,ペンペン,waap,waap,cococopain,cococopain,d-d-dude,brivido,땡땡,No,,pgn02,008F
Hopper,,Penguin,Cranky,Male,April 6,slushie,dragon suit,flame umbrella,refined,cute,yellow,Cabin,dignified,retro,cabin table; cabin couch; cabin low table; cabin chair; bear pole; mini drilloid; tall gongoid; eagle pole;,Lucky K.K.,cabin wall,cowhide rug,Yes,ダルマン,Güiñón,Victor,Hauke,Pinguaio,달만이,ちぅねん,esploch,esploch,manette,manette,slaschi,sguish,아따,No,,pgn03,0090
Friga,,Penguin,Snooty,Female,October 16,brrrmph,picnic shirt,lacy parasol,cool,funky,pink,Regal,dignified,trendy,regal bed; cabana bookcase; regal dresser; retro stereo; regal table; bubble shirt; regal chair; regal chair; lacy parasol; spring shirt;,K.K. Tango,arched window,classic carpet,Yes,サブリナ,Frida,Friga,Frieda,Frida,사브리나,ツルルン,heladito,heladito,bourfff,bourfff,grrmpf,brrrumf,으쓱,No,,pgn04,0091
Gwen,,Penguin,Snooty,Female,January 23,h-h-h-hon,yellow bolero,lacy parasol,stylish,funky,purple,Ranch,dignified,trendy,ebony piano; ranch tea table; vibraphone; regal dresser; classic sofa; ranch bookcase; phonograph; pothos; classic clock; classic table;,Café K.K.,cityscape wall,round carpet,Yes,ポーラ,Fabiola,Gwen,Judith,Gelinda,폴라,ウフフ,crustáceo,crustáceo,h-h-h-hon,h-h-h-hon,ssswetie,a-a-amor,우훗훗,No,,pgn05,0092
Puck,,Penguin,Lazy,Male,February 21,brrrrrrrrr,BB shirt,blue umbrella,fresh,strange,blue,Blue,playful,retro,blue table; blue bench; blue bed; blue bureau; blue bookcase; blue clock; blue dresser; blue chair; tall percoloid;,K.K. Casbah,blue wall,blue flooring,Yes,ホッケー,Fredo,Hervé,Puck,Glacido,하키,さぶー,sardinilla,sardinilla,brrrrrrrrr,brrrrrrrrr,brrrrrrrrr,brrrrrrrrr,엣취,No,,pgn06,0093
Boomer,,Penguin,Lazy,Male,February 7,human,explorer shirt,camo umbrella,refined,strange,brown,Classic,dignified,retro,sleeping bag; ship cannon; frog-woman pole; coconut palm; bear pole; campfire; raven pole;,Aloha K.K.,tropical vista,tropical floor,Yes,ショーイ,Serafino,Ethan,Max,Icaro,팽기,ツーツツ,humanoide,humanoide,boudiou,boudiou,menschlein,glacius,에헴헴,No,,pgn10,0094
Curly,,Pig,Jock,Male,July 26,nyoink,green bar shirt,gelato umbrella,funky,cool,red,Cabin,dignified,retro,cabin table; classic bookcase; cabin couch; mini croakoid; pachira; tape deck; coconut palm; folk guitar;,K.K. Reggae,wood paneling,music-room floor,Yes,ハムカツ,Rufueto,Tirbou,Oink,Ricciolo,햄까스,どもども,ñoink,ñoink,coink,coink,oinkoink,niooink,꿀꿀,No,,pig00,0095
Truffles,,Pig,Peppy,Female,July 28,snoutie,turnip top,Toad parasol,cute,subtle,pink,Lovely,playful,trendy,blue table; lovely kitchen; lovely loveseat; lovely dresser; tootoid; mega tootoid; gold econo-chair; djimbe drum; tea set;,Two Days Ago,citrus wall,lovely carpet,Yes,トンコ,Trufas,Trufa,Luzie,Grufetta,탱고,だわさ,oink-oink,oink-oink,jambon,jambon,schnauzie,ficcanaso,거라예,No,,pig01,0096
Rasher,,Pig,Cranky,Male,April 7,swine,rugby shirt,busted umbrella,refined,cute,black,Modern,dignified,trendy,modern bed; wide-screen TV; glass-top table; white golf bag; office locker; quince bonsai; office locker; dharma;,K.K. Faire,shanty wall,cowhide rug,Yes,グレオ,Curtis,Salami,Ede,Broncio,글레이,まんねん,tocino,tocino,porcelet,porcelet,schweini,snoooink,꾸엑,No,,pig02,0097
Hugh,,Pig,Lazy,Male,December 30,snortle,jade check print,eggy parasol,stylish,gaudy,blue,Kiddie,dignified,trendy,kiddie table; kiddie stereo; kiddie bed; kiddie couch; toilet; alarm clock; refrigerator; blue lava lamp; stove;,K.K. Mambo,green wall,diner tile,Yes,クッチャネ,Jacobo,Bonno,Hugo,Jambon,먹고파,とかね,groink,groink,cuick,cuick,schniff,snort,아님말구,No,,pig03,0098
Lucy,,Pig,Normal,Female,June 2,snoooink,natty shirt,candy umbrella,cute,cool,orange,Ranch,playful,trendy,ranch table; exotic screen; cream sofa; sewing machine; glass-top table; holly bonsai; space heater; mugho bonsai; owl clock; ponderosa bonsai;,Comrade K.K.,chic wall,tartan rug,Yes,ルーシー,Aurelia,Lucie,Larissa,Lucy,루시,よぅ,jamoneti,jamoneti,groingroin,groingroin,schnoink,snoink,예예,No,,pig04,0099
Spork,,Pig,Lazy,Male,September 3,snork,jade check print,yellow umbrella,striking,subtle,green,Robo,dignified,retro,teacher's desk; chalk board; left platform; right platform; lefty desk; righty desk; righty desk; lefty desk; righty desk;,K.K. Mambo,classroom wall,backyard lawn,Yes,ポーク,Espork,Justin,Schwarte,Cicciolo,포크,だブー,pork,pork,diantre,diantre,grunz,snork,꼬르륵,No,"Named ""Crackle"" in English (EU)",pig05,009A
Peggy,,Pig,Peppy,Female,May 23,shweetie,blue stripe knit,sunny parasol,stylish,cool,blue,Cabana,playful,trendy,ivory piano; hammock; glass-top table; cabana screen; pachira; sunflower; cabana lamp; cabana chair; turntable;,K.K. Bossa,tropical vista,tropical floor,Yes,ちえり,Peggy,Rose,Quiekie,Sally,체리,ぷるる,trufita,trufita,fleur,fleur,glotz,oink,아앙,No,,pig11,009B
Bunnie,,Rabbit,Peppy,Female,May 9,tee-hee,jade check print,petal parasol,gaudy,strange,pink,Lovely,dignified,trendy,ebony piano; retro stereo; regal dresser; ranch couch; green bed; Mama bear; lovely chair; lovely lamp; regal vanity; lovely end table;,K.K. Aria,wood paneling,parquet floor,Yes,リリアン,Coni,Clara,Mimmi,Bonny,릴리안,みたいな,oy-oy-oy,oy-oy-oy,hé hé hé,hé hé hé,tiihii,tiptap,그렇지뭐,No,,rbt00,009C
Dotty,,Rabbit,Peppy,Female,March 14,wee one,blue check shirt,yellow umbrella,stylish,cool,black,Robo,dignified,trendy,lunar lander; lunar rover; satellite; tall sproid; Spaceman Sam; tape deck; Spaceman Sam; Spaceman Sam;,K.K. Technopop,desert vista,Saharah's desert,Yes,マーサ,Katia,Dorothée,Doro,Dotty,서머,ラン,trompis,trompis,lapinou,lapinou,uiui,caroté,룰루랄라,No,,rbt01,009D
Coco,,Rabbit,Normal,Female,March 1,doyoing,dawn shirt,leaf umbrella,refined,gaudy,beige,Exotic,playful,retro,outdoor bath; screen; exotic chest; tall lantern; spaceman; tall lantern; mega rustoid; quince bonsai;,K.K. Dirge,plaster wall,shanty mat,No,やよい,Cocoloca,Coco,Koko,Coco,이요,はにょ,toin-toin,toin-toin,touloulou,touloulou,hoppsa,evviva,삐용,No,,rbt02,009E
Snake,,Rabbit,Jock,Male,November 3,bunyip,zipper shirt,camo umbrella,striking,stylish,black,Exotic,playful,retro,screen; exotic chest; exotic chest; samurai suit; deer scare; ninja sword; oombloid; tiki torch; tiki torch;,K.K. Lullaby,lunar horizon,sandlot,No,モモチ,Rayo,Jeannot,Philip,Razzo,닌토,ニンニン,boin-boing,boin-boing,mon lapin,mon lapin,hopplahopp,bun bun,닌닌,No,,rbt03,009F
Gaston,,Rabbit,Cranky,Male,October 28,mon chou,swell shirt,leopard umbrella,refined,cute,green,Robo,dignified,retro,robo-table; amazing machine; medicine chest; hamster cage; reel-to-reel; haz-mat barrel; speed bag; sandbag;,K.K. Dirge,lab wall,lab floor,Yes,モサキチ,Gastón,Gaston,Gaston,Gaston,대길,ムホッ,mon chou,mon chou,mon petit,cahuète,herzblatt,cherie,쿨럭,No,,rbt04,00A0
Gabi,,Rabbit,Peppy,Female,December 16,honeybun,waffle shirt,candy umbrella,cute,strange,brown,Cabana,dignified,trendy,ebony piano; cabana screen; ranch tea table; regal sofa; vibraphone; pachira; slim nebuloid; metronome; turntable; pothos;,K.K. Love Song,green wall,birch flooring,Yes,ペチカ,Piluca,Gaby,Gabi,Gabri,패티카,だっち,mari,mari,mon lièvre,mon lièvre,liebling,mielito,꺄오,No,,rbt05,00A1
Pippy,,Rabbit,Peppy,Female,June 14,li'l hare,mint gingham top,forest umbrella,stylish,strange,pink,Ranch,dignified,trendy,backyard pool; mountain bike; blue bench; hammock; tape deck; Mr. Flamingo; sprinkler; Mrs. Flamingo; birdhouse;,K.K. Mambo,backyard fence,backyard lawn,Yes,ロッタ,Méloni,Nadia,Lotta,Pippi,로타,なのサ,pipita,pipita,ti-lièvre,ti’ lièvre,hihi,gnaf,울랄라,No,,rbt06,00A2
Tiffany,,Rabbit,Snooty,Female,January 9,bunbun,spiderweb shirt,elegant umbrella,striking,cute,red,Regal,dignified,trendy,modern bed; billiard table; wide-screen TV; retro stereo; red sofa; dart board; huge shades; classic table; red armchair; red armchair;,K.K. Rock,concrete wall,red tile,Yes,バズレー,Tiffany,Tiphaine,Michele,Stefania,바슬레,ってさ,pompón,pompón,pinpin,pinpin,öhrchen,bunbun,라던데,No,,rbt07,00A3
Genji,,Rabbit,Jock,Male,January 21,otaku,misty shirt,paper parasol,refined,striking,green,Exotic,dignified,retro,hearth; screen; mini-dharma; tea table; evening cicada; mop; paper parasol;,King K.K.,sea view,shanty mat,No,ゲンジ,Sumo,Kali,Aki,Genji,토시,まろ,otaku,otaku,otaku,otaku,goseimas,otaku,땡글,No,,rbt08,00A4
Ruby,,Rabbit,Peppy,Female,December 25,li'l ears,bunny shirt,leaf umbrella,cute,refined,yellow,Lovely,playful,retro,moon; lovely loveseat; claw-foot tub; lovely loveseat; mochi pestle; mochi pestle; tall quazoid; slim quazoid; mochi pestle;,K.K. Ska,lunar horizon,lunar surface,Yes,ルナ,Rubí,Rubis,Rubina,Rubina,루나,フツーに,orejitas,orejitas,z'oreilles,n'oreille,paffpaff,orecchine,보통이지,No,,rtb09,00A5
Francine,,Rabbit,Snooty,Female,January 22,karat,dark polka shirt,ribbon umbrella,gaudy,refined,blue,Blue,playful,trendy,regal bed; blue bureau; blue bench; blue bookcase; regal table; blue dresser; petal parasol; blue box; regal chair;,I Love You,blue wall,classic carpet,Yes,フランソワ,Natacha,Nadine,Manu,Francois,프랑소와,ルララ,kaninchen,kaninchen,carotte,carotte,hey man,lulalà,쇼봉,No,,rbt12,00A6
Chrissy,,Rabbit,Peppy,Female,August 28,sparkles,lite polka shirt,ribbon umbrella,gaudy,subtle,pink,Lovely,dignified,trendy,lovely bed; lovely kitchen; lovely loveseat; cream sofa; rainbow shirt; tulip table; lovely lamp; Mama bear; iris table;,K.K. Waltz,lovely wall,diner tile,Yes,クリスチーヌ,Lali,Kristine,Anne,Natascha,크리스틴,リララ,mimomimo,mimomimo,hop,hop,knuddl,lilalà,샤방,No,,rbt13,00A7
Tank,,Rhino,Jock,Male,May 6,kerPOW,No. 1 shirt,gelato umbrella,cool,subtle,green,Exotic,dignified,trendy,outdoor bath; exotic table; exotic bench; exotic lamp; maple bonsai; Japanese drum; tall lantern; tall gongoid;,K.K. Lament,bamboo wall,sandlot,Yes,くるぶし,Aníbal,Ben,Frank,Rinaldo,탱크,ですサイ,tapumba,tapumba,kaboum,kaboum,wuff,zamperù,아뿔소,No,,rhn00,00A8
Rhonda,,Rhino,Normal,Female,January 24,bigfoot,bodice,lacy parasol,stylish,gaudy,white,Regal,dignified,retro,regal bed; regal sofa; retro stereo; regal dresser; classic bookcase; scale; mega lullaboid; lady palm; cabana chair; cabana vanity;,K.K. Ballad,mosaic wall,palace tile,Yes,ユメコ,Ronda,Renée,Regina,Roby,론다,ンフ,jip-jip,jip-jip,grand pied,grand pied,stampf,piedone,훗,No,,rhn01,00A9
Vesta,,Sheep,Normal,Female,April 16,baaaffo,fall plaid shirt,elegant umbrella,fresh,funky,orange,Classic,dignified,trendy,classic bookcase; fireplace; ranch couch; sewing machine; turntable; natty shirt; comfy sweater; winter sweater; gumdrop shirt;,K.K. Steppe,ranch wall,backyard lawn,Yes,メリヤス,Vesta,Hélaine,Dolly,Lanella,메리어스,なのね,beeeibi,beeeibi,lââââine,pupull,bäääh,beeeby,쩝,No,,shp00,00AA
Baabara,,Sheep,Snooty,Female,March 28,daahling,purple tie-dye,ribbon umbrella,fresh,cool,brown,Classic,dignified,trendy,ivory piano; classic sofa; classic sofa; cabana dresser; antique clock; turntable; pachira; classic table; bass;,K.K. Swing,arched window,parquet floor,Yes,トロワ,Beelén,Bêêtty,Babsi,Bea,트로와,アンドゥ,abejita,peeelusa,chêêêri,chêêêri,däääää,breeezza,앤쥬,No,,shp01,00AB
Eunice,,Sheep,Normal,Female,April 3,lambchop,red grid shirt,melon umbrella,striking,gaudy,black,Modern,dignified,retro,ebony piano; classic bookcase; retro stereo; classic sofa; weeping fig; lacy parasol; retro TV; mega puffoid; mini puffoid;,K.K. Waltz,kitchen wall,kitchen flooring,Yes,モヘア,Lanolina,Bérénice,Edith,Tenerina,곱슬이,メェー,chuletita,chuletita,bêbêêêêh,bêbêêêêh,la-a-amm,laaagna,메에에,No,,shp02,00AC
Willow,,Sheep,Snooty,Female,November 26,bo peep,bad plaid shirt,lacy parasol,stylish,cool,white,Regal,dignified,retro,regal bed; regal dresser; upright piano; retro stereo; rubber tree; regal lamp; regal armoire; bass;,K.K. Étude,stately wall,palace tile,Yes,マリー,Cuqui,Maï,Natascha,Belinda,마리,ですのよ,babeeebí,babeeebí,tourni,tourni,blö-ö-ök,babeeebí,됐거든,No,,shp07,00AD
Peanut,,Squirrel,Peppy,Female,June 8,slacker,beatnik shirt,ribbon umbrella,funky,subtle,red,Green,dignified,trendy,watermelon table; dice stereo; cream sofa; blue bureau; green counter; red armchair; tall droploid; refrigerator; tall droploid; stove;,K.K. Salsa,citrus wall,red tile,Yes,ももこ,Belinda,Rachida,Paulina,Rachele,핑키,なのよ,almendrita,almendrita,flanc-mou,noisette,faulenzer,sgronch,거얌,No,,squ00,00AE
Blaire,,Squirrel,Snooty,Female,July 3,nutlet,peachy shirt,candy umbrella,stylish,cool,orange,Ranch,dignified,trendy,watermelon table; high-end stereo; cream sofa; red sofa; metronome; lemon table; lime chair; grapefruit table; orange chair;,K.K. Jazz,citrus wall,ceramic tile,Yes,シルエット,Azabache,Cachou,Klara,Ghianda,실루엣,ふふん,bayita,bayita,coquille,coquille,knack,scrick,헤헤헤,No,,squ01,00AF
Filbert,,Squirrel,Lazy,Male,June 3,bucko,vogue top,daisy umbrella,strange,gaudy,green,Kiddie,playful,retro,train set; robo-dresser; kiddie dresser; kiddie couch; satellite; tall cactus; TV with a VCR; mini croakoid; round cactus; mega croakoid;,Two Days Ago,lunar horizon,citrus carpet,Yes,リッキー,Filberto,Filibert,Felix,Scriccio,리키,でしゅ,guirlache,guirlache,gogo,gogo,manno,gnic gnic,예용,No,,squ02,00B0
Pecan,,Squirrel,Snooty,Female,September 10,chipmunk,red check shirt,elegant umbrella,stylish,refined,red,Regal,dignified,trendy,regal bed; regal sofa; hi-fi stereo; regal dresser; regal bookcase; regal vanity; mixer; aloe; Red Tulips; toaster;,Café K.K.,regal wall,stone tile,Yes,レベッカ,Camila,Pécan,Noisette,Nocina,레베카,つんっ,piñoncito,piñoncito,foufou,fouloulou,spatzl,cipì,쯧쯧,No,,squ03,00B1
Nibbles,,Squirrel,Peppy,Female,July 19,niblet,watermelon shirt,sunny parasol,cute,subtle,brown,Cabin,dignified,retro,watermelon table; mountain bike; lovely loveseat; elephant slide; kiddie bed; water bird; rock guitar; tall sproid; mega sproid; mini sproid;,K.K. Technopop,parlor wall,citrus carpet,Yes,ガリガリ,Dentina,Lola,Knuspi,Rododea,그리미,ガジガジ,bellotita,bellotita,nunuche,nunuche,knusper,truciolo,송송,No,,squ04,00B2
Agent S,,Squirrel,Peppy,Female,July 2,sidekick,No. 2 shirt,blue umbrella,cool,stylish,black,Cabana,dignified,retro,cabana bed; cabana bookcase; wide-screen TV; high-end stereo; giant snakehead; birdcage; cabana lamp; harp; classic clock; Mr. Flamingo;,K.K. Cruisin',cityscape wall,mosaic tile,No,2ごう,Fardilia,Ninjette,Karin,Agente S,２호,せいやっ,piñita,piñita,camarade,poto,strampl,spalla,흠냐,No,,squ05,00B3
Caroline,,Squirrel,Normal,Female,July 15,hulaaaa,gelato shirt,beach umbrella,gaudy,refined,colorful,Kiddie,dignified,trendy,basketball hoop; red sofa; claw-foot tub; kiddie stereo; beach chair; surfboard; lawn chair; candy machine; gas pump; life ring;,DJ K.K.,tropical vista,ceramic tile,Yes,キャロライン,Mariló,Isabelle,Ricarda,Carolina,캐롤라인,ユー,ulaaaa,ulaaaa,houlaaaa,houlaaaa,hulaaaa,ehilaaà,휴,No,,squ06,00B4
Sally,,Squirrel,Normal,Female,June 19,nutmeg,icy shirt,petal parasol,cute,cool,yellow,Kiddie,dignified,retro,green dresser; green counter; glass-top table; exotic screen; gold econo-chair; red boom box; lady palm; ruby econo-chair; jade econo-chair;,K.K. Fusion,blue-trim wall,kitchen tile,Yes,ララミー,Praliné,Damia,Hanne,Rossella,라라미,ったら,ramita,ramita,noisette,noisette,muskat,nocciolina,까꿍,No,,squ07,00B5
Static,,Squirrel,Cranky,Male,July 9,krzzt,melon shirt,yellow umbrella,gaudy,cute,black,Modern,dignified,trendy,modern bed; mountain bike; gold stereo; modern desk; modern sofa; mini gargloid; metal guitar; mini bowtoid; folk guitar; rock guitar;,Surfin' K.K.,plaza wall,steel flooring,Yes,スパーク,Protón,Electro,Rudolf,Protone,스파크,ピカッ,avería,avería,krzzt,krzzt,krazz,sguscio,콰광,No,,squ08,00B6
Mint,,Squirrel,Snooty,Female,May 2,ahhhhhh,gumdrop shirt,lacy parasol,cool,strange,blue,Blue,dignified,trendy,pine table; classic sofa; retro stereo; blue bureau; blue bookcase; dracaena; Baby bear; weeping fig; blue clock; blue cabinet;,K.K. Soul,blue-trim wall,birch flooring,Yes,ミント,Menta,Amande,Marika,Mentulla,민트,うっふん,aaaah,bichito,ahhhhhh,ahhhhhh,knabber,squercia,우훗,No,,squ09,00B7
Rolf,,Tiger,Cranky,Male,August 22,grrrolf,bubble shirt,blue dot parasol,refined,stylish,yellow,Exotic,dignified,retro,modern bed; gold stereo; exotic bench; mini bowtoid; black pawn; mega bowtoid; manhole cover; white pawn;,Rockin' K.K.,industrial wall,steel flooring,Yes,チョモラン,Albino,Ralf,Boris,Rolf,호랭이,だガー,grooorf,grooorf,grrrufff,grrrufff,brüll,grrrolf,근데,No,,tig00,00B8
Rowan,,Tiger,Jock,Male,August 26,mango,aqua polka shirt,bat umbrella,funky,subtle,yellow,Exotic,dignified,retro,green table; exotic screen; green bench; green bed; green counter; frog-woman pole; bear pole; rubber tree; sproid; grasshopper;,Aloha K.K.,bamboo wall,bamboo flooring,Yes,ゴメス,Miguelón,Marito,Gisbert,Ernesto,고메스,まったく,turista,turista,banane,banane,mango,mango,내참,No,,tig01,00B9
Chief,,Wolf,Cranky,Male,December 19,harrumph,red bar shirt,elegant umbrella,subtle,stylish,gray,Robo,dignified,trendy,modern bed; iron frame; modern cabinet; robo-TV; iron frame; tape deck; odd clock; robo-clock; red clock; owl clock;,DJ K.K.,industrial wall,steel flooring,Yes,チーフ,Zoilo,Chef,Sascha,Artiglio,대장,やんか,ejem,ejem,mmmph,mmmph,harrumff,arrrgh,그렇잖여,No,,wol00,00BA
Lobo,,Wolf,Cranky,Male,November 5,ah-rooooo,checkered shirt,paper parasol,subtle,funky,black,Cabin,playful,retro,cabin table; cabin couch; ranch bed; retro stereo; globe; djimbe drum; djimbe drum; conga drum; folk guitar;,K.K. Safari,stone wall,cowhide rug,Yes,ブンジロウ,Lupo,Lobo,Lupo,Lupen,늑태,だぜよ,auuuh,auuuh,ah rooooo,ah rooooo,auuuuuu,etchuuuu,봐봐,No,,wol01,00BB
Wolfgang,,Wolf,Cranky,Male,November 25,snarrrl,Gracie's top,paper parasol,cool,cute,black,Modern,dignified,trendy,modern bed; modern sofa; high-end stereo; howloid; mini echoid; piranha; mini howloid; rock guitar;,K.K. Song,concrete wall,modern tile,Yes,ロボ,Wolfi,Wolfgang,Weber,Wolfgang,로보,のな,grauuuh,grauuuh,snurffff,snurffff,knurrr,zanna,거봐,No,,wol02,00BC
Whitney,,Wolf,Snooty,Female,September 17,snappy,floral knit,zebra umbrella,stylish,refined,purple,Classic,dignified,trendy,classic bed; hi-fi stereo; classic bookcase; regal sofa; fireplace; classic wardrobe; classic clock; weeping fig; cabana lamp; Baby bear;,Lucky K.K.,stone wall,round carpet,Yes,ビアンカ,Lupe,Blanche,Lupa,Bianca,비앙카,ステキね,auf-auf,auf-auf,sbam,sbam,jaulll,snappy,멋져,No,,wol03,00BD
Freya,,Wolf,Snooty,Female,December 14,uff da,deer shirt,elegant umbrella,striking,gaudy,black,Modern,dignified,trendy,modern bed; modern table; hi-fi stereo; medicine chest; billiard table; metal guitar; kitschy clock; rock guitar; pinball machine; dart board;,Rockin' K.K.,stately wall,palace tile,Yes,ツンドラ,Lupita,Luppa,Freya,Freya,산드라,なのだわ,auuuff,auuuff,mon loulou,mon loulou,braul,uuuff,유행이야,No,,wol05,00BE
Fang,,Wolf,Cranky,Male,December 18,cha-chomp,icy shirt,bat umbrella,refined,cute,beige,Green,dignified,trendy,exotic bed; glass-top table; exotic chest; hi-fi stereo; dracaena; red vase; weeping fig; tall echoid; mega strumboid;,K.K. Calypso,shoji screen,red tile,Yes,シベリア,Colmillo,Pierrot,Grimm,Zanna,시베리아,ですダス,en-ñac,en-ñac,sagouin,sagouin,kraul,fabuuula,콜록콜록,No,,wol06,00BF
Poppy,,Squirrel,Normal,Female,August 5,nutty,rally shirt,mint umbrella,cute,refined,green,Classic,playful,retro,classic bed; classic buffet; sewing machine; classic sofa; retro stereo; rocking chair; tea set; weeping fig; exotic lamp; apple clock;,K.K. Lullaby,pastel-dot wall,kitschy tile,Yes,グミ,Encina,Irène,Trita,Granella,다람,デス,albricias,albricias,scratchy,scratchy,nussi,squittole,도톨도톨,Yes,,squ15,00C0
Carmen,,Rabbit,Peppy,Female,January 6,nougat,blue retro shirt,leaf umbrella,funky,refined,brown,Cabin,dignified,retro,lunar lander; lunar rover; rocket; satellite; space shuttle; Spaceman Sam; reel-to-reel; asteroid; mochi pestle; asteroid;,K.K. Technopop,lunar horizon,lunar surface,Yes,チョコ,Linda,Zoé,Hilda,Conny,초코,まじで,arcoiris,arcoiris,pinou-nou,pinou-nou,langohr,gnuf gnuf,진짜진짜,Yes,,rbt16,00C1
Clyde,,Horse,Lazy,Male,May 1,clip clawp,bubble gum shirt,red umbrella,cute,cool,colorful,Robo,playful,retro,watermelon table; pineapple bed; red boom box; orange chair; pear dresser; apple clock; melon chair;,K.K. Dixie,citrus wall,citrus carpet,Yes,デースケ,Moe,Dorian,Tommi,Lallo,마철이,ぴろぴろ,alfalfa,troteras,mouh-ouh,mouh-ouh,schauder,clop clop,다그닥,Yes,,hrs10,00C2
Pekoe,,Cub,Normal,Female,May 18,bud,hot spring shirt,paper parasol,cute,refined,brown,Exotic,playful,retro,exotic bed; exotic screen; exotic screen; exotic bench; exotic chest; red vase; exotic lamp; lady palm; lady palm; phonograph;,Imperial K.K.,exquisite wall,bamboo flooring,Yes,ジャスミン,Vera,Pauline,Sandrine,Mina,재스민,チャ,pitiminí,pitiminí,linou,linou,flüster,purrrimba,띵호아,Yes,,cbr14,00C3
Al,,Gorilla,Lazy,Male,October 18,hoo hoo ha,red warmup suit,yellow umbrella,cute,stylish,pink,Lovely,dignified,trendy,ball catcher; boxing mat; clothesline pole; ringside table; weight bench; sandbag; folding chair; scoreboard; tape deck; office locker;,Mr. K.K.,concrete wall,lab floor,Yes,たもつ,Álex,Gustave,Kokong,Gregorio,우락,ウヒョッ,chocolate,chocolate,ouba-oub,ouba-oub,uga-uga,bum bum,부락,Yes,,gor08,00C4
Iggly,,Penguin,Jock,Male,November 2,waddler,red bar shirt,gelato umbrella,funky,cool,blue,Kiddie,playful,trendy,backyard pool; elephant slide; writing desk; kiddie bed; kiddie dresser; writing chair; reel-to-reel; water bird; life ring; globe;,K.K. March,playroom wall,playroom rug,Yes,のりまき,Bobo,Urbain,Pingi,Piccio,김말이,クルクル,chirpi,chirpi,zoizo,zozio,plitsch,tubi tubi,펭글펭글,Yes,,pgn11,00C5
Gala,,Pig,Normal,Female,March 5,snortie,daisy shirt,daisy umbrella,cute,refined,pink,Lovely,playful,trendy,hinaningyo; claw-foot tub; cream sofa; dice stereo; candy machine; wobbelina; apple TV; barber's pole; Mrs. Flamingo;,Two Days Ago,kitchen wall,kitchen flooring,Yes,ためこ,Marita,Camille,Oinka,Lisetta,꽃지,ちゃりん,chanchi,chanchi,tigroin,tigroin,lächel,gruffeffè,땡그랑,Yes,,pig13,00C6
Gloria,,Duck,Snooty,Female,August 12,quacker,turnip top,zebra umbrella,stylish,fresh,black,Classic,dignified,trendy,ebony piano; modern table; red sofa; red sofa; fireplace; birdcage; Mr. Flamingo; cabana lamp; jukebox; anatomical model;,K.K. Blues,cityscape wall,checkered tile,Yes,スワンソン,Jarrea,Déborah,Gustavia,Pappy,마릴린,ぎゃくに,picodoro,picodoro,kwakos,kwakos,nerv,quacchio,유～후,Yes,,duk15,00C7
Moose,,Mouse,Jock,Male,September 13,shorty,big star shirt,busted umbrella,gaudy,cute,yellow,Cabana,dignified,trendy,retro stereo; screen; chalk board; office desk; dharma; lucky gold cat; retro TV; office chair; mahjong table;,K.K. Lament,modern wall,modern tile,Yes,ピン,Sato,Joachim,Mausbert,Aldo,핑,にゃろ,atiza,atiza,bééléé,bééléé,käääse,quink,짜샤,Yes,,mus14,00C8
Chester,,Cub,Lazy,Male,August 6,rookie,yellow bar shirt,leaf umbrella,funky,striking,green,Exotic,playful,retro,outdoor bath; exotic screen; exotic chest; exotic bench; tall lantern; deer scare; reel-to-reel; lady palm; exotic lamp;,Imperial K.K.,bamboo wall,shanty mat,Yes,パンタ,Osunio,Placide,Eduard,Clemente,팬타,だバンブ,ahivá,ahivá,pla-pla,pla-pla,baaambus,brupp,부끄,Yes,,cbr15,00C9
Mac,,Dog,Jock,Male,November 11,woo woof,red aloha shirt,leaf umbrella,stylish,subtle,red,Cabana,dignified,trendy,backyard pool; clothesline pole; beach chair; pike; red boom box; weeping fig; doghouse; weeping fig;,My Place,sky wall,tropical floor,Yes,チャンプ,Pit,Brutus,Wuffi,Teo,챔프,モグ,frusky,frusky,babines,babines,bellbell,arfidenti,우물우물,Yes,,dog14,00CA
Mott,,Lion,Jock,Male,July 10,cagey,pirate's coat,bat umbrella,cool,funky,aqua,Cabana,dignified,retro,bathtub; spa chair; amazing machine; washbasin; washbasin; metatoid; shower; bucket; fan palm; shower;,Marine Song 2001,bathhouse wall,bath tile,Yes,リック,Jones,Aimé,Leonhard,Leopold,릭,ハハハ,sapristi,sapristi,grif-grif,grif-grif,gröhl,groarrivo,하하하,Yes,,lon06,00CB
Gigi,,Frog,Snooty,Female,August 11,ribbette,beaded shirt,ribbon umbrella,stylish,cool,black,Regal,dignified,retro,regal bed; regal sofa; retro stereo; regal table; claw-foot tub; regal lamp; shower; white golf bag;,Only Me,cityscape wall,modern tile,No,リンダ,Cleo,Gloria,Violetta,Raganà,린다,ベイビィ,trebolito,trebolito,crôazou,crôazou,quaki,gurghigù,베이비,Yes,,flg16,00CC
Bettina,,Mouse,Normal,Female,June 12,eekers,chef's outfit,busted umbrella,subtle,gaudy,white,Cabana,playful,trendy,picnic table; kitchen sink; sink; refrigerator; potbelly stove; jukebox; range; pothos;,K.K. Swing,sweets wall,sweets floor,Yes,マルコ,Ottina,Sabrina,Schoki,Rattina,마르카,ですよね,piruleta,piruleta,skouik-ik,skouik-ik,achja,zink zink,내말이요,Yes,,mus15,00CD
Wendy,,Sheep,Peppy,Female,August 15,lambkins,watermelon shirt,gelato umbrella,funky,cute,white,Cabana,playful,retro,picnic table; hammock; high-end stereo; clothesline pole; weeping fig; shave-ice maker; melon chair; surfboard; watermelon chair;,K.K. Bossa,backyard fence,backyard lawn,Yes,みぞれ,Franela,Karen,Wolli,Agnola,눈송이,イシシ,joyita,joyita,bê-bê-bê,bê-bê-bê,wuschel,beee-ehi,꺄르르,Yes,,shp09,00CE
Knox,,Chicken,Cranky,Male,November 23,cluckling,one-way tee,red umbrella,refined,cute,brown,Regal,dignified,retro,bonfire; ship cannon; watering trough; covered wagon; treasure chest; barrel; wagon wheel; keg; birdcage;,K.K. Aria,basement wall,charcoal tile,No,キンカク,Tono,Wolfram,Tschiwi,Kalina,금끼오,せいッ,mazorca,mazorca,ra-ta-tak,ra-ta-tak,knusprig,uovole,하앗,Yes,,chn11,00CF
Sterling,,Eagle,Jock,Male,December 11,skraaaaw,scale armor suit,blue umbrella,striking,stylish,blue,Blue,playful,retro,screen; stair dresser; samurai suit; tea tansu; paper lantern; plum bonsai; sword; deer scare; tall lantern;,King K.K.,modern screen,planked tatami,No,ギンカク,Arni,Manfred,Horst,Beccodì,은수리,やあッ,mancuernas,mancuernas,skraaaaw,kaputt,krahkrah,chicchirò,호옷,Yes,,pbr07,00D0
Marcel,,Dog,Lazy,Male,December 31,non,chichi print,busted umbrella,refined,fresh,green,Regal,dignified,retro,hearth; samurai suit; phonograph; lucky cat; lefty lucky cat; lefty lucky cat; lucky cat;,Comrade K.K.,tea-room wall,tatami,No,もんじゃ,Eto,Ismaël,Ronaldo,Giosuè,에드워드,なんじゃ,colmillos,colmillos,miaouf,miaouf,tusch,snif snif,하옵소서,Yes,,dog15,00D1