Name,Image,Species,Personality,Gender,Default Catchphrase,Default Clothing,Default Umbrella,Fav Style,Least Fav Style,Starting Hobby,Birthday,House Exterior Model,House Exterior Palette Group,Furniture,Wallpaper,Carpet,Song,Furniture Tastes,Move-In Type,Name (Japanese),Name (Spanish),Name (French),Name (German),Name (Italian),Name (Korean),Catchphrase (Japanese),Catchphrase (Spanish),Catchphrase (French),Catchphrase (German),Catchphrase (Italian),Catchphrase (Korean),Hex ID,Filename
Cyrano,,Anteater,Cranky,Male,ah-CHOO,dawn shirt,paper parasol,conservative,fancy,walk around,March 9,0-0,A,"hearth, screen, screen, samurai suit, exotic chest, tea table, mega oboid, bow, sword",bamboo wall,tatami floor,K.K. Faire,"modern furniture, blue furniture, yellow furniture, paintings, Asian furniture, Cabana Series furniture",Move-in only,さくらじま,Cirano,Cyrano,Theo,Cirano,사지마,でごわす,achús,ATCHOUM,schneuf,ett-CCIÙ,임돠,00,ant00
Antonio,,Anteater,Jock,Male,honk,big star shirt,bat umbrella,conservative,zany,collect shells,October 20,0-1,B,"picnic table, claw-foot tub, clothesline pole, beach chair, life ring, refrigerator, lawn chair, red boom box, tea set",tropical vista,tropical floor,K.K. Faire,"old-school furniture, red furniture, yellow furniture, houseplants, Cabana Series furniture, Regal Series furniture",Move-in only,マコト,Antonio,Antonio,Siggi,Antonio,퍼머거,ホントに,fufuf,pouet,schlürrrf,honk,진짜로,01,ant01
Pango,,Anteater,Peppy,Female,snooooof,subdued print,picnic umbrella,gauche,cool,shop for clothes,November 9,0-2,D,"ranch table, classic bookcase, ranch couch, exotic screen, mega bowtoid, phonograph, biwa lute, classic clock, lady palm",lattice wall,exotic rug,K.K. Casbah,"modern furniture, red furniture, blue furniture, instruments, Classic Series furniture, Asian furniture",Move-in only,パトラ,Aspidora,Mathilda,Mathilda,Carlotta,패트라,だっしー,snuf-snuf,pouuuuuf,schnieef,snuuf,라지요,02,ant02
Anabelle,,Anteater,Peppy,Female,snorty,tropical shirt,mint umbrella,cute,funky,collect furniture,February 16,4-1,B,"cabana bed, green dresser, cabana screen, exotic bench, cabana vanity, phonograph, corn plant, shower, caladium",floral wall,diner tile,Aloha K.K.,"chic furniture, white furniture, brown furniture, paintings, Lovely Series furniture, Green Series furniture",Move-in only,あるみ,Anabel,Anabelle,Annabell,Annalisa,아롱이,マジでー,esnoink,grognon,puuust,snorty,정말,03,ant03
Teddy,,Bear,Jock,Male,grooof,club shirt,paper parasol,charming,funky,collect shells,September 26,0-2,C,"ebony piano, fireplace, retro stereo, writing desk, retro TV, Mama bear, stool, blue golf bag, writing chair",chic wall,plush carpet,Mr. K.K.,"lovely furniture, brown furniture, green furniture, instruments, Cabin Series furniture, Ranch Series furniture",Starter,たいへいた,Teddy,Teddy,Torsten,Teddy,병태,ですたい,gruuuf,grrrrrr,gruff,gruf,입네다,04,bea00
Pinky,,Bear,Peppy,Female,wah,dazed shirt,candy umbrella,cute,gauche,walk around,September 9,0-3,D,"classic bed, exotic screen, exotic chest, exotic bench, glass-top table, strumboid, red pompom hat, dingloid, goldfish, lamentoid",exquisite wall,bamboo flooring,Imperial K.K.,"chic furniture, blue furniture, white furniture, paintings, Classic Series furniture, Classic Series furniture",Starter,タンタン,Violeta,Rosine,Pia,Pinky,링링,わぉ,terroncito,ouah,schätzchen,cubetto,와,05,bea01
Curt,,Bear,Cranky,Male,fuzzball,MVP shirt,paper parasol,conservative,funky,dig up fossils,July 1,1-0,A,"ranch table, red sofa, wide-screen TV, mini bowtoid, Roman helmet, tiger shirt, weeping fig, zebra shirt",manor wall,tartan rug,K.K. Jazz,"black furniture, modern furniture, instruments, houseplants, Ranch Series furniture, Asian furniture",Starter,ガンテツ,Gorbaché,Curt,Kurt,Curt,뚝심,ウム,oye,bouboule,grumml,fuzzball,음,06,bea02
Chow,,Bear,Cranky,Male,aiya,star shirt,ribbon umbrella,zany,cute,fish,July 22,1-1,B,"exotic bed, exotic screen, sea bass, sea bass, croton, squat dingloid, exotic lamp, exotic end table, exotic chair",imperial wall,imperial tile,K.K. Steppe,"pink furniture, old-school furniture, black furniture, instruments, Regal Series furniture, Robo Series furniture",Starter,チャウヤン,Pando,Chulin,Chang,Chowchow,츄양,アルヨ,ándale-oso,lala,hiijaa,ehilà,그럼,07,bea03
Jay,,Bird,Jock,Male,heeeeeyy,six-ball shirt,yellow umbrella,gauche,charming,dig up fossils,July 17,1-2,C,"classic bed, cream sofa, vibraphone, bass, rocking chair, phonograph, violin, cello",ornate wall,classic carpet,K.K. Waltz,"instruments, Classic Series furniture, chic furniture, paintings, chic furniture, Regal Series furniture",Starter,ツバクロ,Jota,Gérard,Jan,Jet,참돌이,でおます,heeey,maaaaaais,hiiiijjj,cipinci,그쵸,08,brd00
Robin,,Bird,Snooty,Female,la-di-da,kiwi shirt,blue umbrella,charming,severe,shop for clothes,December 4,1-3,D,"pine table, regal sofa, salmon, classic buffet, birdcage, snake plant, exotic lamp, birdcage, turntable",lattice wall,kitchen tile,K.K. Bossa,"blue furniture, chic furniture, brown furniture, instruments, Cabana Series furniture, Asian furniture",Starter,パーチク,Aria,Robie,Jule,Rossana,파틱,さ,picatoste,ta-di-da,ladida,yuppidù,글쎄,09,brd01
Anchovy,,Bird,Lazy,Male,chuurp,earthy knit,yellow umbrella,funky,fancy,catch bugs,March 4,2-0,A,"blue table, green counter, retro stereo, pinball machine, pinball machine, pinball machine, pinball machine, pinball machine",modern wall,parquet floor,K.K. Ragtime,"chic furniture, brown furniture, white furniture, instruments, Regal Series furniture, old-school furniture",Starter,アンチョビ,Boquerón,Miguel,Armin,Acciuga,안쵸비,でシ,piu-piu,muf-muf,tschurp,ciripì,이어라,0A,brd02
Twiggy,,Bird,Peppy,Female,cheepers,barber shirt,gelato umbrella,zany,conservative,collect furniture,July 13,3-2,B,"blue bookcase, gold stereo, blue bureau, ranch bed, cabana vanity, Baby bear, warbloid, corn plant, gargloid",ranch wall,checkered tile,K.K. Calypso,"blue furniture, orange furniture, Blue Series furniture, houseplants, Cabana Series furniture, Classic Series furniture",Starter,ピーチク,Tití,Titi,Twiggy,Titti,핀틱,ッピ,tirití,coolos,zwirtschi,ciiip,크,0B,brd03
Jitters,,Bird,Jock,Male,bzzert,Latin uniform,bat umbrella,charming,cute,collect shells,February 2,1-2,D,"picnic table, hammock, clothesline pole, oil drum, red boom box, mega fizzoid, oil drum, lawn mower",shanty wall,backyard lawn,K.K. Samba,"yellow furniture, blue furniture, Blue Series furniture, instruments, Green Series furniture, modern furniture",Move-in only,ジーニョ,Camelio,Gilbert,Alex,Brivido,딩요,だニョ,pío-pío,bouerk,zischhh,bzzert,삼바,0C,brd04
Angus,,Bull,Cranky,Male,macmoo,flame shirt,flame umbrella,severe,hip,walk around,April 30,2-1,B,"ranch table, high-end stereo, ranch dresser, cream sofa, billiard table, Pantheon post, dart board, rocking chair, Pantheon post, rocking chair",library wall,charcoal tile,Señor K.K.,"old-school furniture, Modern Series furniture, black furniture, paintings, Cabin Series furniture, Cabana Series furniture",Starter,セルバンテス,Aliste,Angus,Angus,Angus,반데스,ふふ,cuernos,meuh meuh,brrruzzl,macmoo,후후,0D,bul00
Rodeo,,Bull,Lazy,Male,chaps,beatnik shirt,blue dot parasol,gauche,cute,fish,October 29,2-2,A,"blue table, gold stereo, red sofa, blue bed, cabin bookcase, cactus, men's toilet, purple lava lamp, mega timpanoid, tall timpanoid",groovy wall,ceramic tile,K.K. Gumbo,"colorful furniture, modern furniture, Blue Series furniture, instruments, Cabin Series furniture, houseplants",Starter,ロデオ,Rodeo,Flèche,Toro,Rodeo,로데오,さすがに,olé,crac,oléolé,chaps,띠용,0E,bul01
Bob,,Cat,Lazy,Male,pthhpth,blossom shirt,gelato umbrella,cool,fancy,walk around,January 1,2-2,C,"kiddie table, kiddie couch, kiddie stereo, kiddie bed, kiddie dresser, kiddie bureau, kiddie clock, kiddie wardrobe, kiddie chair, kiddie bookcase",kiddie wall,kiddie carpet,K.K. Ragtime,"lovely furniture, modern furniture, blue furniture, colorful furniture, Robo Series furniture, Cabin Series furniture",Starter,ニコバン,Arándano,Robert,Jens,Bob,히죽,ネコ,zarpas,pfioupf,psssps,baffo,고양이,0F,cat00
Mitzi,,Cat,Normal,Female,mew,gumdrop shirt,melon umbrella,charming,zany,garden,September 25,2-3,D,"blue table, cabana bookcase, cabana screen, blue bed, cabana dresser, ukulele, warbloid, exotic chair, fan palm, red boom box",modern wall,ranch flooring,K.K. Swing,"green furniture, houseplants, pink furniture, instruments, Classic Series furniture, Blue Series furniture",Starter,マール,Misi,Mistigri,Miezi,Zampetta,마르,ニャー,misi-misi,meeeeeh,muh,miao,야～옹,10,cat01
Rosie,,Cat,Peppy,Female,silly,dazed shirt,mint umbrella,cute,funky,shop for clothes,February 27,3-0,A,"blue table, red sofa, retro stereo, green counter, claw-foot tub, sandbag, kitschy clock, grapefruit table, snowboard, gas pump",mod wall,cowhide rug,Rockin' K.K.,"pink furniture, modern furniture, Lovely Series furniture, houseplants, Regal Series furniture, Green Series furniture",Starter,ブーケ,Minina,Rosie,Sophie,Grinfia,부케,チェキ,miaaau,flûte,dummerchen,tontolon,헤이,11,cat02
Olivia,,Cat,Snooty,Female,purrr,floral knit,elegant umbrella,fancy,funky,collect furniture,February 3,3-1,B,"ivory piano, regal sofa, retro stereo, regal bookcase, regal dresser, bass, regal armoire, snake plant, regal lamp, regal vanity",ornate wall,classic carpet,Two Days Ago,"white furniture, old-school furniture, blue furniture, houseplants, Lovely Series furniture, Cabana Series furniture",Starter,オリビア,Olivia,Olivia,Bianca,Micia,올리비아,なんやん,raspas,rrrrrrrrr,schnurr,purrr,머냐,12,cat03
Kiki,,Cat,Normal,Female,kitty cat,argyle knit,ribbon umbrella,conservative,gauche,shop for clothes,October 8,3-2,C,"pine table, retro stereo, ranch couch, ranch dresser, cabana lamp, pine chair, round cactus, mega bovoid, cactus",mod wall,music room floor,K.K. Country,"black furniture, lovely furniture, yellow furniture, instruments, Cabana Series furniture, Asian furniture",Starter,キャビア,Ágata,Kiki,Kiki,Kiki,캐비어,だニ,galletita,chti minou,miausi,mieaoo,뭐라지요,13,cat04
Tangy,,Cat,Peppy,Female,reeeeOWR,chain-gang shirt,Toad parasol,hip,funky,shop for clothes,June 17,3-3,D,"watermelon table, cream sofa, kiddie stereo, pineapple bed, cabana dresser, pear wardrobe, orange chair, pear dresser, apple clock, lime chair",citrus wall,citrus carpet,Señor K.K.,"orange furniture, yellow furniture, colorful furniture, houseplants, Lovely Series furniture, Cabana Series furniture",Starter,ヒャクパー,Tricia,Marine,Tanja,Arancina,백프로,みかん,mandarinas,roooaR,grraul,miiiiaOU,귤귤,14,cat05
Punchy,,Cat,Lazy,Male,mrmpht,gray tartan,blue umbrella,hip,gauche,fish,April 11,4-0,A,"blue table, blue bench, gold stereo, blue bookcase, blue bed, cactus, gold econo-chair, stove, refrigerator, gold econo-chair",mod wall,blue flooring,K.K. Love Song,"lovely furniture, blue furniture, houseplants, instruments, Blue Series furniture, Cabin Series furniture",Starter,ビンタ,Félix,Cédric,Julian,Felix,빙티,だのら,arenque,blébléblé,mrmpft,maramao,노라줘,15,cat06
Purrl,,Cat,Snooty,Female,kitten,asian shirt,Toad parasol,hip,gauche,catch bugs,May 29,4-1,B,"exotic bed, classic sofa, hi-fi stereo, cabana bookcase, exotic screen, mega fizzoid, antique clock, birdcage, red armchair, corn plant",concrete wall,checkered tile,K.K. Swing,"green furniture, brown furniture, chic furniture, instruments, Cabana Series furniture, Asian furniture",Starter,たま,Wanda,Perle,Franka,Felidia,타마,ふんっ,tontaina,chaton,kätzchen,micetto,냠,16,cat07
Moe,,Cat,Lazy,Male,myawn,BB shirt,daisy umbrella,zany,charming,collect shells,January 12,4-2,C,"green table, kiddie dresser, blue bed, dice stereo, mop, skeleton, clear model, vision tester, trunk measure",green wall,music room floor,K.K. Ragtime,"lovely furniture, blue furniture, houseplants, paintings, Asian furniture, Ranch Series furniture",Starter,ジンペイ,Tristán,Momo,Mia,Moe,진상,な,grrrroou,miou,schluchz,myawn,그치,17,cat08
Kabuki,,Cat,Cranky,Male,meooo-OH,misty shirt,paper parasol,severe,hip,walk around,November 29,4-3,D,"hearth, black katana, red snapper, screen, reel-to-reel, Japanese drum, tall oombloid, giant dharma, mochi pestle",shoji screen,tatami floor,K.K. Folk,"green furniture, gray furniture, brown furniture, houseplants, Classic Series furniture, Asian furniture",Move-in only,かぶきち,Kabuki,Kabuki,Kabuki,Kabuki,가북희,ぃよぉー,imikimono,mia-ouh,miiiau,meooo-OH,꺄,18,cat09
Kid Cat,,Cat,Jock,Male,psst,No. 1 shirt,red umbrella,cool,conservative,catch bugs,August 1,0-0,A,"basketball hoop, clothesline pole, Nintendo bench, iron frame, weight bench, red drum, retro TV, robo-stereo, garbage pail, office locker",chainlink fence,sandlot,Go K.K. Rider!,"red furniture, modern furniture, colorful furniture, instruments, Robo Series furniture, Blue Series furniture",Move-in only,１ごう,Gatomán,Câlin,Petra,Zampa,１호,とぉっ,soldado,psst,maunz,psst,얍,19,cat10
Monique,,Cat,Snooty,Female,pffffft,grape shirt,ribbon umbrella,cute,cool,collect furniture,September 30,3-2,B,"lovely bed, lovely dresser, lovely table, retro stereo, cream sofa, lovely lamp, iris table, lovely chair, tulip table, lovely vanity",groovy wall,ceramic tile,K.K. Swing,"pink furniture, brown furniture, blue furniture, houseplants, Lovely Series furniture, Classic Series furniture",Starter,ジェーン,Monique,Monique,Monique,Marylin,제인,ウフーン,ronrón,pffffft,schnurr,miaù,우,1A,cat11
Tabby,,Cat,Peppy,Female,me-WOW,bone shirt,blue umbrella,zany,charming,catch bugs,August 13,4-1,A,"modern bed, modern table, red sofa, modern desk, red armchair, ponderosa bonsai, red boom box, pine bonsai, green lava lamp",illusion wall,illusion floor,To the Edge,"chic furniture, gray furniture, white furniture, instruments, Regal Series furniture, Lovely Series furniture",Starter,トラこ,Liana,Tigri,Zita,Lisca,호냥이,にゃは,animiaul,mi-AOUUH,mrriau,meOW,삐뽀,1B,cat12
Bluebear,,Cub,Peppy,Female,peach,lemon gingham,blue dot parasol,hip,gauche,catch bugs,June 24,1-0,A,"blue table, red snapper, blue bed, cabana table, blue bench, blue wardrobe, red boom box, blue clock, coconut palm, rock guitar",exotic wall,cabana flooring,K.K. Ska,"modern furniture, instruments, blue furniture, houseplants, Kiddie Series furniture, Robo Series furniture",Starter,グルミン,Celeste,Myrtille,Birte,Azzurra,글루민,キュン,cielito,prune,früchtchen,pepè,두근,1C,cbr00
Maple,,Cub,Normal,Female,honey,citrus gingham,petal parasol,cute,zany,collect furniture,June 15,1-1,B,"ranch table, retro stereo, sewing machine, ranch couch, ranch tea table, mini lullaboid, Baby bear, Mama bear, tall lullaboid, Baby bear",ranch wall,ranch flooring,I Love You,"lovely furniture, brown furniture, houseplants, Ranch Series furniture, Classic Series furniture, Green Series furniture",Starter,メープル,Dulce,Léa,Mona,Dulcinea,메이첼,だベア,trufita,chouchou,darling,miele,저기요,1D,cbr01
Poncho,,Cub,Jock,Male,li'l bear,blue grid shirt,beach umbrella,conservative,funky,collect shells,January 2,1-2,C,"modern bed, cream sofa, mountain bike, modern cabinet, rubber tree, tall droploid, classic table, mini dekkoid, mega timpanoid",music room wall,steel flooring,K.K. Condor,"lovely furniture, black furniture, white furniture, instruments, Regal Series furniture, Modern Series furniture",Starter,ポンチョ,Poncho,Théo,Toni,Poncho,봉추,モン,bolita,nounours,bärli,babà,몽,1E,cbr02
Pudge,,Cub,Lazy,Male,pudgy,chichi print,green umbrella,zany,cute,walk around,June 11,1-3,D,"Arwing, elephant slide, mountain bike, hospital bed, executive toy, red boom box, barber's pole, mochi pestle, tall sputnoid",ornate wall,green rug,Rockin' K.K.,"lovely furniture, yellow furniture, colorful furniture, instruments, Blue Series furniture, Robo Series furniture",Starter,きんぞう,Bollito,Gradub,Bertram,Tombolo,우띠,んもう,rebollos,loulou,griesgram,pulcino,아이참,1F,cbr03
Kody,,Cub,Jock,Male,grah grah,orange check tee,sunny parasol,cool,severe,collect shells,September 28,2-1,D,"moon, sea bass, salmon, red snapper, djimbe drum, bear pole, eagle pole, gongoid, oombloid",ancient wall,exotic rug,K.K. Country,"green furniture, gray furniture, houseplants, Asian furniture, Cabana Series furniture, Classic Series furniture",Starter,アイダホ,Orestes,Bill,Bernd,Salomone,아이다호,のこころ,mola,grih grih,okeydokey,oki-doki,나는나야,20,cbr04
Stitches,,Cub,Lazy,Male,stuffin',star shirt,bat umbrella,hip,cool,garden,February 10,0-3,B,"train set, elephant slide, kiddie dresser, kiddie stereo, hammock, green lamp, rocking horse, jack-in-the-box",playroom wall,playroom rug,K.K. Lullaby,"gray furniture, colorful furniture, Modern Series furniture, paintings, Cabana Series furniture, Regal Series furniture",Starter,パッチ,Parches,Miro,Berry,Toppetta,패치,なのれす,peluche,ou bien,brummm,ohilà,그런거죠,21,cbr05
Goose,,Chicken,Jock,Male,buh-kay,tropical shirt,paper parasol,funky,severe,shop for clothes,October 4,0-1,B,"ranch table, ranch couch, retro stereo, ranch bed, lady palm, exotic chair, classic table, rocking horse, ranch armchair",floral wall,old flooring,K.K. Country,"brown furniture, old-school furniture, green furniture, houseplants, Ranch Series furniture, Green Series furniture",Starter,ケンタ,Gus,Pouli,Konrad,Chiricò,건태,だコケ,caracol,bouyaka,buaa-ka-ka,cucù,키득,22,chn00
Benedict,,Chicken,Lazy,Male,uh-hoo,two-ball shirt,Toad parasol,funky,cool,catch bugs,October 10,0-2,C,"wave breaker, iron frame, iron frame, hospital bed, jackhammer, striped cone, red drum, wet roadway sign, drilloid",backyard fence,closed road,I Love You,"red furniture, lovely furniture, colorful furniture, houseplants, pink furniture, Robo Series furniture",Starter,ぺしみち,Benito,Dimitri,Benedikt,Biagio,페니실린,ウヒョー,cocorico,oh oh,putputtt,uh-hoo,우힛,23,chn01
Egbert,,Chicken,Lazy,Male,doodle-duh,swell shirt,blue umbrella,conservative,zany,dig up fossils,October 14,0-3,D,"robo-table, cream sofa, space shuttle, mini dinkoid, robo-clock, mega dinkoid, dinosaur egg, robo-stereo",mosaic wall,blue flooring,K.K. Technopop,"yellow furniture, chic furniture, colorful furniture, instruments, Kiddie Series furniture, Cabin Series furniture",Starter,しもやけ,Norberto,Herbert,Waldemar,Ovidio,김희,だヨ,kikirikí,di di dou,duudle-du,du du du,짜잔,24,chn02
Patty,,Cow,Peppy,Female,how-now,citrus shirt,gelato umbrella,cute,conservative,dig up fossils,May 10,2-0,A,"cabana bed, cabana screen, cabana table, red tulips, birdcage, cabana wardrobe, white boom box, cabana chair",ranch wall,cabana flooring,K.K. Calypso,"brown furniture, modern furniture, yellow furniture, houseplants, Asian furniture, Cabana Series furniture",Starter,カルピ,Vacarena,Margaux,Patricia,Patty,밀크,だモー,muuuu,allez,muuhna,truuulà,음메,25,cow00
Tipper,,Cow,Snooty,Female,pushy,rainbow shirt,forest umbrella,gauche,conservative,catch bugs,August 25,0-3,A,"classic bed, cream sofa, classic bookcase, kitchen sink, tall bovoid, white cosmos, antique clock, phonograph, mega bovoid",modern wall,stone tile,Soulful K.K.,"chic furniture, modern furniture, houseplants, paintings, Regal Series furniture, Classic Series furniture",Starter,まきば,Pinta,Valé,Angela,Tipper,마틸다,ミルミル,cuernitos,choupette,dingdong,sì sì sì,우유우유,26,cow01
Alfonso,,Alligator,Lazy,Male,it'sa me,big bro's shirt,leaf umbrella,funky,fancy,fish,June 9,2-1,B,"retro stereo, glass-top table, exotic table, exotic chest, corn plant, mini rhythmoid, mini rhythmoid, mini rhythmoid, men's toilet",imperial wall,charcoal tile,Forest Life,"pink furniture, old-school furniture, colorful furniture, instruments, Cabana Series furniture, Regal Series furniture",Starter,アルベルト,Kaimán,Alphonse,Markus,Alfonso,알베르트,だワニ,ñam-ñam,moi moi,ahhhrg,proprio,나아거,27,crd00
Alli,,Alligator,Snooty,Female,graaagh,leopard shirt,sunny parasol,conservative,charming,collect furniture,November 8,1-2,C,"cabana bed, sewing machine, ranch dresser, ranch couch, hi-fi stereo, daisy shirt, dark polka shirt, blue diamond top, natty shirt, lite polka shirt",cabana wall,cabana flooring,K.K. Chorale,"brown furniture, orange furniture, yellow furniture, paintings, Asian furniture, Classic Series furniture",Starter,クロコ,Codrila,Allie,Ali,Alli,크로크,どすえ,lagartija,graaagh,graaach,graaag,얘야,28,crd01
Goldie,,Dog,Normal,Female,woof,dapper shirt,Toad parasol,fancy,zany,garden,December 27,2-2,C,"cabin table, cream sofa, green counter, regal bookcase, ranch bed, rocking chair, tall nebuloid, round cactus, cactus, turntable",blue-trim wall,birch flooring,K.K. Bossa,"yellow furniture, lovely furniture, brown furniture, paintings, Cabin Series furniture, Modern Series furniture",Starter,キャラメル,Tere,Mirza,Bienchen,Dora,카라멜,ワン,guau-guau,ouaf,wuff,wuf wuf,왈왈,29,dog00
Butch,,Dog,Cranky,Male,ROOOOOWF,arctic camo,spider umbrella,cool,cute,dig up fossils,November 1,2-3,D,"modern bed, gold stereo, modern table, nebuloid, blue golf bag, dart board, fan palm",concrete wall,modern tile,K.K. Fusion,"black furniture, chic furniture, brown furniture, houseplants, Classic Series furniture, Modern Series furniture",Starter,ジョン,Bruno,Avril,Hasso,Attila,존,ノン,gruf-gruf,WROOOOUF,GRRUFF,ROOOOOF,아니,2A,dog01
Lucky,,Dog,Lazy,Male,rrr-owch,No. 23 shirt,bat umbrella,cool,zany,catch bugs,November 4,3-0,A,"pyramid, sphinx, clothesline pole, watering trough, asteroid, mummy's casket, squat dingloid, Master Sword, asteroid",ancient wall,ancient tile,K.K. Dirge,"modern furniture, red furniture, white furniture, instruments, Cabin Series furniture, Asian furniture",Move-in only,ラッキー,Pupas,Ramsès,Viktor,Felice,럭키,らしいよ,guuuuAY,graaaouch,rrr-awau,ossorrr,그렇대,2B,dog02
Biskit,,Dog,Lazy,Male,dawg,deep blue tee,sunny parasol,charming,funky,collect shells,May 13,3-1,B,"ranch bed, high-end stereo, cabin low table, ranch dresser, mega bovoid, straw hat, fan palm, cabin clock, ranch armchair",wood paneling,cabana flooring,K.K. Mambo,"old-school furniture, yellow furniture, green furniture, paintings, Regal Series furniture, Robo Series furniture",Starter,ロビン,Amnesio,Crocket,Keks,Buffetto,로빈,だイヌ,guau,clair,kläff,brrranco,멍멍,2C,dog03
Bones,,Dog,Lazy,Male,yip yip,caveman tunic,leaf umbrella,severe,gauche,walk around,August 4,3-2,C,"green bench, basic yellow bed, kiddie dresser, writing desk, computer, tall harmonoid, office chair, blue box, writing chair",playroom wall,green rug,K.K. Ragtime,"lovely furniture, white furniture, brown furniture, houseplants, Cabin Series furniture, Lovely Series furniture",Starter,トミ,Cándido,Nonos,Strolch,Tobia,토미,ネッ,yip yip,yip yip,hechel,yip yip,옙,2D,dog04
Portia,,Dog,Snooty,Female,ruffian,polar fleece,elegant umbrella,gauche,severe,shop for clothes,October 25,3-3,D,"regal bed, regal dresser, classic bookcase, cream sofa, classic buffet, white knight, bad plaid shirt, lacy parasol, phonograph, regal lamp",chic wall,tartan rug,Café K.K.,"chic furniture, black furniture, white furniture, instruments, Cabana Series furniture, Asian furniture",Starter,ブレンダ,Amanda,Dalma,Isolde,Porzia,블랜더,フンッ,ruf-ruf,brute,frechi,ronfietto,흥,2E,dog05
Walker,,Dog,Lazy,Male,wuh,No. 67 shirt,yellow umbrella,conservative,zany,fish,June 10,4-0,A,"cabin bookcase, red sofa, sea bass, red sofa, paperboy cap, retro TV, classic clock, spaceman, caladium",stone wall,old flooring,Two Days Ago,"black furniture, modern furniture, white furniture, paintings, Regal Series furniture, Cabana Series furniture",Starter,ベン,Miki,George,Fido,Walter,벤,バウ,huesitos,ouh,wafff,wuff,컹컹,2F,dog06
Daisy,,Dog,Normal,Female,bow-WOW,kiddie shirt,gelato umbrella,conservative,cool,dig up fossils,November 16,1-2,A,"moon, exotic screen, cream sofa, antique clock, amber, ammonite, extinguisher, telescope",library wall,tartan rug,K.K. Soul,"black furniture, brown furniture, colorful furniture, paintings, Classic Series furniture, Asian furniture",Starter,バニラ,Luisa,Naomie,Doris,Fiorella,바닐라,だよね,guaay,mon chou,wauwau,bau WOW,그렇죠,30,dog07
Bill,,Duck,Jock,Male,quacko,No. 2 shirt,gelato umbrella,charming,conservative,garden,February 1,4-1,B,"exotic bed, cabana dresser, watering trough, glass-top table, exotic wardrobe, birdcage, birdcage, coconut palm, coconut palm",lattice wall,kitchen tile,K.K. Reggae,"brown furniture, old-school furniture, blue furniture, instruments, Cabin Series furniture, Cabana Series furniture",Starter,ピータン,Paquito,Choco,Bill,Gino,코코아,だね,cuaco,choupichou,quako,quaqua,탕,31,duk00
Joey,,Duck,Lazy,Male,bleeeeeck,No. 3 shirt,leaf umbrella,funky,cute,garden,January 3,4-2,C,"backyard pool, elephant slide, lunar rover, exotic chest, globe, giant dharma, giant dharma, tape deck, mega quazoid",tropical vista,ranch flooring,K.K. Lament,"yellow furniture, lovely furniture, white furniture, instruments, Classic Series furniture, Modern Series furniture",Starter,リチャード,Pascual,Joseph,Kalle,Pino,리처드,でヤンス,uac-uac,beeeuuuurk,tschiiirp,squack,그래유,32,duk01
Pate,,Duck,Peppy,Female,quackle,winter sweater,blue umbrella,cute,severe,collect shells,February 23,4-3,D,"classic bed, regal sofa, classic bookcase, classic vanity, classic clock, turntable, mega freakoid, Corinthian post, mini freakoid",stone wall,opulent rug,K.K. Dirge,"blue furniture, chic furniture, yellow furniture, paintings, Asian furniture, Ranch Series furniture",Starter,ナッキー,Pati,Terrine,Daune,Camilla,나키,メソメソ,cuaqui,coin coin,quaak,quackquack,아잉,33,duk02
Maelle,,Duck,Snooty,Female,duckling,heart shirt,yellow umbrella,fancy,severe,garden,April 8,0-0,A,"lovely bed, lovely kitchen, classic buffet, cream sofa, phonograph, birdcage, lacy parasol, candy gingham, bromeliaceae",parlor wall,ceramic tile,Café K.K.,"modern furniture, pink furniture, yellow furniture, houseplants, Lovely Series furniture, Regal Series furniture",Move-in only,アンヌ,Patidifú,Maëlle,Sissi,Palmita,앤,ふぅ,perla,canardou,entchen,paperotto,우아,34,duk03
Deena,,Duck,Normal,Female,woowoo,kiddie shirt,green umbrella,conservative,zany,fish,June 27,0-1,B,"basketball hoop, tennis table, weight bench, ringside table, mop, CD player, office locker, office locker, office locker",concrete wall,concrete floor,Mr. K.K.,"lovely furniture, brown furniture, pink furniture, instruments, Blue Series furniture, Kiddie Series furniture",Starter,まりも,Martita,Mina,Olivia,Dina,마리모,マル,miguita,youhou,engelchen,quiproquò,우우,35,duk04
Pompom,,Duck,Peppy,Female,rah rah,No. 4 shirt,candy umbrella,fancy,funky,walk around,February 11,0-2,C,"classic bed, sink, elephant slide, cream sofa, lovely dresser, retro fridge, tulip table, baby bed, merry-go-round, retro TV",parlor wall,kitchen tile,K.K. Jazz,"lovely furniture, pink furniture, orange furniture, instruments, Cabana Series furniture, Asian furniture",Starter,のりっぺ,Flopi,Pompon,Erika,Erica,주디,だっピ,sinplumas,rah rah,krah,quoquiquà,다삐,36,duk05
Mallary,,Duck,Snooty,Female,quackpth,blue stripe knit,sunny parasol,fancy,zany,shop for clothes,November 17,0-3,D,"cabana bed, cabana dresser, claw-foot tub, exotic bench, cactus, lady palm, turntable, cabana lamp, pothos",blue wall,mosaic tile,K.K. Bossa,"chic furniture, blue furniture, black furniture, modern furniture, Regal Series furniture, Cabana Series furniture",Starter,スミモモ,Mirta,Mallory,Marina,Sofia,스미모,ヨネ,recuac,coinpff,quackpss,quackplà,모모,37,duk06
Freckles,,Duck,Peppy,Female,ducky,bright shirt,beach umbrella,severe,zany,fish,February 19,0-3,B,"outdoor bath, boxing mat, boxing mat, dice stereo, kiddie dresser, mini puffoid, froggy chair, fan, mega puffoid, tulip table",green wall,bamboo flooring,K.K. Song,"old-school furniture, green furniture, houseplants, instruments, Green Series furniture, Blue Series furniture",Starter,マグロ,Rebeca,Caro,Quacks,Semola,다랑어,ぎょぎょ,cui-cuá,poussin,quaak,qua qua,물물,38,duk07
Derwin,,Duck,Lazy,Male,derrrr,yellow bar shirt,yellow umbrella,cool,fancy,catch bugs,May 25,4-1,C,"sink, basic green bed, writing desk, salmon, retro fridge, space heater, giant dharma, gargloid, writing chair",old brick wall,music room floor,The K. Funk,"lovely furniture, modern furniture, Blue Series furniture, instruments, Robo Series furniture, Classic Series furniture",Starter,ボン,Torcuato,Prof,Erwin,Mike,봉,ね！ママ,cuato,derrrr,krook,quaccolo,엄마,39,duck08
Drake,,Duck,Lazy,Male,quacko,folk shirt,yellow umbrella,conservative,gauche,walk around,June 25,3-2,C,"outdoor bath, sleeping bag, fireplace, Nintendo bench, retro stereo, red tulips, microwave, yellow tulips, glow clock, white tulips",cabin wall,shanty mat,K.K. Blues,"modern furniture, orange furniture, red furniture, houseplants, instruments, Asian furniture",Starter,フォアグラ,Draco,Colvert,Gustav,Drago,푸아그라,かもね,polluelo,canard,schnabbl,quaqua,어쩌면,3A,duck09
Opal,,Elephant,Snooty,Female,snoot,gray tartan,mint umbrella,gauche,cool,shop for clothes,January 20,1-0,A,"exotic bed, exotic screen, classic sofa, pachira, odd clock, exotic wardrobe, exotic lamp, phonograph",mosaic wall,plaza tile,Forest Life,"blue furniture, orange furniture, chic furniture, instruments, Classic Series furniture, Cabin Series furniture",Starter,オパール,Ópalo,Opaline,Olga,Opal,오팔,ヨン,flip-flop,gropif,töööt,snoob,땡,3B,elp00
Dizzy,,Elephant,Lazy,Male,woo-oo,No. 5 shirt,gelato umbrella,gauche,severe,dig up fossils,July 14,1-1,B,"train set, elephant slide, cabin bed, mini dingloid, mega timpanoid, blue chair, mega lamentoid, alarm clock",wood paneling,backyard lawn,K.K. Gumbo,"lovely furniture, modern furniture, colorful furniture, instruments, Ranch Series furniture, Cabin Series furniture",Starter,ヒュージ,Quique,Pachy,Bastian,Annibale,휴지,だゾウ,naricita,woutchou,taraaaa,ullà,휴휴,3C,elp01
Big Top,,Elephant,Lazy,Male,villain,No. 3 shirt,green umbrella,cool,charming,catch bugs,October 3,1-2,C,"blue corner, boxing mat, ringside table, weight bench, boxing mat, sandbag, boxing barricade, tape deck, scale, judge's bell",ringside seating,boxing ring mat,K.K. Metal,"green furniture, lovely furniture, colorful furniture, pink furniture, Asian furniture, Ranch Series furniture",Move-in only,３ごう,Déivid,Miles,Benni,Grande C,３호,うりゃー,mutante,vipère,truuu,furfante,으랏차,3D,elp02
Eloise,,Elephant,Snooty,Female,tooooot,yellow bar shirt,Toad parasol,gauche,severe,collect shells,December 8,1-3,D,"lovely bed, blue bench, green counter, retro stereo, green desk, blue clock, green chair, corn plant, folk guitar",citrus wall,ceramic tile,K.K. Jazz,"yellow furniture, orange furniture, pink furniture, instruments, houseplants, Lovely Series furniture",Starter,エレフィン,Eloísa,Eloïse,Frauke,Eloisa,엘레핀,ルン,orejillas,tooouut,tuutuuuu,nappole,훨훨,3E,elp03
Margie,,Elephant,Normal,Female,tootie,hot spring shirt,petal parasol,gauche,funky,shop for clothes,January 28,3-0,C,"classic bed, cabana screen, cabana bookcase, exotic bench, cabana dresser, djimbe drum, lady palm, tea vase, turntable, exotic end table",Persian wall,exquisite rug,K.K. Bossa,"white furniture, red furniture, brown furniture, instruments, Cabana Series furniture, Asian furniture",Starter,サリー,Rita,Maguy,Elisa,Marianna,샐리,シャララ,flaqui,toutie,trampl,tootie,샬랄라,3F,elp04
Lily,,Frog,Normal,Female,zzrrbbitt,icy shirt,blue dot parasol,charming,cool,garden,February 4,2-1,B,"cabin table, cabin low table, green dresser, green counter, cream sofa, stove, red boom box, froggy chair, retro fridge, fan",groovy wall,ceramic tile,K.K. Salsa,"old-school furniture, green furniture, pink furniture, houseplants, Asian furniture, Cabana Series furniture",Starter,レイニー,Lili,Raina,Liliane,Gigliola,레이니,でちゅ,mosquita,watich',kröti,gragragra,그래요,40,flg00
Ribbot,,Frog,Jock,Male,toady,lightning shirt,blue umbrella,zany,severe,walk around,February 13,2-0,A,"lunar lander, space shuttle, lunar rover, satellite, asteroid, asteroid, Spaceman Sam, Spaceman Sam, tall quazoid",lunar horizon,lunar surface,Go K.K. Rider!,"modern furniture, gray furniture, paintings, Modern Series furniture, Lovely Series furniture, Cabin Series furniture",Move-in only,ガチャ,Ranobot,Crabot,Robbi,Ranabot,철컥,だロボ,crobit,croac,quarrrk,cracrà,오버,41,flg01
Frobert,,Frog,Jock,Male,fribbit,Gracie's top,daisy umbrella,zany,conservative,shop for clothes,February 8,2-2,C,"watermelon table, kiddie couch, sea bass, kiddie stereo, clothesline pole, slim quazoid, pear wardrobe, melon chair, watermelon chair, pear dresser",pastel dot wall,citrus carpet,My Place,"lovely furniture, colorful furniture, instruments, Blue Series furniture, Cabana Series furniture, Regal Series furniture",Starter,コージィ,Croaldo,Verbert,Fritz,Froberto,구리구리,クルリ,anquitas,breup,quäääk,fribbit,객울,42,flg02
Camofrog,,Frog,Cranky,Male,ten-hut,MVP shirt,bat umbrella,gauche,charming,catch bugs,June 5,2-3,D,"backyard pool, ringside table, Nintendo bench, boxing mat, tape deck, squelchoid, boxing barricade, office locker, boxing barricade",ringside seating,boxing ring mat,K.K. Rock,"chic furniture, brown furniture, black furniture, paintings, Cabin Series furniture, Blue Series furniture",Starter,フルメタル,Comando,Milos,Tarno,Crambo,충성,わい,recluta,taïaut,quak-quak,attacroak,와이,43,flg03
Drift,,Frog,Jock,Male,brah,No. 67 shirt,petal parasol,funky,zany,fish,October 9,3-0,A,"clothesline pole, covered wagon, watering trough, mini drilloid, broken post, cow skull, broken post, tumbleweed",western vista,western desert,K.K. Country,"colorful furniture, modern furniture, houseplants, Asian furniture, Ranch Series furniture, Classic Series furniture",Move-in only,ドク,Surfín,Gordon,Caspar,Prospero,덕,ゲロゲロ,colega,braaaa,quak,girin,개굴개굴,44,flg04
Wart Jr.,,Frog,Cranky,Male,grr-ribbit,sharp outfit,busted umbrella,severe,cute,dig up fossils,August 21,3-1,B,"outdoor bath, watering trough, exotic bench, pine bonsai, frog, azalea bonsai, tootoid, tall lantern",old brick wall,sandlot,To the Edge,"brown furniture, old-school furniture, gray furniture, instruments, Ranch Series furniture, Asian furniture",Starter,サム,Saponcio,Crakos,Warzi,Porro,샘,だぎゃ,grroac,croa-croa,grupap,cracragnam,므흣,45,flg05
Puddles,,Frog,Peppy,Female,splish,lovely shirt,sunny parasol,cute,severe,collect furniture,January 13,3-2,C,"picnic table, beach chair, refrigerator, tape deck, lawn chair, gerbera, stove",lunar horizon,daisy meadow,K.K. Ballad,"red furniture, lovely furniture, pink furniture, paintings, Regal Series furniture, Robo Series furniture",Starter,チョキ,Nenúfar,Rénata,Nele,Grazia,가위,っちゃ,esplís,splufff,platschi,splash,그랬쪄,46,flg06
Jeremiah,,Frog,Lazy,Male,nee-deep,sunset top,blue umbrella,conservative,gauche,collect shells,July 8,2-0,A,"outdoor bath, tennis table, green bed, green dresser, leaf umbrella, froggy chair, tall droploid, leaf shirt, white boom box",bamboo wall,red tile,K.K. Mambo,"old-school furniture, blue furniture, white furniture, paintings, Asian furniture, Cabin Series furniture",Starter,クワトロ,Jeremías,Jérémie,Jörg,Geremia,드리미,にゃむ,croc-croc,brooap,nidip,fri fri,딩동댕,47,flg07
Chevre,,Goat,Normal,Female,la baa,natty shirt,candy umbrella,cute,cool,garden,March 6,3-3,D,"classic bed, classic sofa, regal bookcase, classic buffet, regal dresser, white boom box, classic desk, jade econo-chair, Mama bear, petal parasol",cabana wall,regal carpet,K.K. Chorale,"white furniture, chic furniture, red furniture, houseplants, Classic Series furniture, Lovely Series furniture",Starter,ユキ,Cabriola,Biquette,Anette,Diletta,윤이,っぺ,beee-beee,la baa,määääh,beeello,맞아유,48,goa00
Nan,,Goat,Normal,Female,kid,citrus gingham,lemon umbrella,charming,gauche,catch bugs,August 24,4-0,A,"classic bed, blue bureau, blue bookcase, blue bench, wooden box, telescope, mop, retro TV, regal lamp",library wall,modern tile,Steep Hill,"old-school furniture, gray furniture, instruments, Modern Series furniture, Asian furniture, Green Series furniture",Starter,スミ,Pécora,Nana,Zenobi,Nan,순이,っしょ,peque,fromage,mekker,bimbi,그랬슈,49,goa01
Cesar,,Gorilla,Cranky,Male,highness,A shirt,blue umbrella,conservative,gauche,collect furniture,September 6,4-1,B,"retro stereo, regal table, regal sofa, tall strumboid, white pawn, white pawn, bromeliaceae, bromeliaceae",Persian wall,Persian rug,K.K. Lament,"white furniture, black furniture, chic furniture, paintings, houseplants, Classic Series furniture",Starter,アラン,César,César,Alfredo,Cesare,앨런,ウホウホ,monigote,brutus,hoheit,dado,우갸우갸,4A,gor00
Peewee,,Gorilla,Cranky,Male,li'l dude,five-ball shirt,leaf umbrella,cool,charming,fish,September 11,2-2,A,"exotic bed, samurai suit, high-end stereo, samurai suit, mega timpanoid, Japanese drum, Japanese drum, rustoid",concrete wall,concrete floor,K.K. Casbah,"chic furniture, black furniture, instruments, houseplants, Asian furniture, Regal Series furniture",Starter,ダンベル,Lotar,Gogo,Manfred,Kong,덤벨,ガオ,cani,gadget,zwerg,baaanane,겉멋,4B,gor01
Boone,,Gorilla,Jock,Male,baboom,comfy sweater,paper parasol,cool,hip,walk around,September 12,3-1,D,"bonfire, weight bench, watering trough, trash can, white boom box, doghouse",western vista,western desert,K.K. Western,"old-school furniture, brown furniture, red furniture, houseplants, Cabin Series furniture, Asian furniture",Move-in only,まんたろう,Babú,Babouin,Kong,Babu,만복이,このやろ,angaua,ma noix,ugh,baboom,야임마,4C,gor02
Rocco,,Hippo,Cranky,Male,hippie,danger shirt,leopard umbrella,funky,fancy,fish,August 18,4-2,C,"billiard table, exotic chest, ranch couch, classic bookcase, ranch armchair, cabin clock, wooden box, turntable, pinball machine",stone wall,old flooring,Lucky K.K.,"chic furniture, red furniture, colorful furniture, instruments, Ranch Series furniture, Cabin Series furniture",Starter,ゴンザレス,Roco,Bebel,Richi,Rocco,곤잘레스,だぎゃー,batracio,babi,pfffft,ipper,그러마,4D,hip00
Buck,,Horse,Jock,Male,pardner,eight-ball shirt,bat umbrella,cool,conservative,collect furniture,April 4,4-3,D,"exotic screen, fireplace, exotic chest, ranch couch, classic clock, leather jerkin, ranch armchair, phonograph, classic table",old brick wall,opulent rug,My Place,"chic furniture, green furniture, brown furniture, instruments, Classic Series furniture, Ranch Series furniture",Starter,ヴァヤシコフ,Trotón,Daniel,Rudi,Trottolo,바야시코프,なんちて,zanahoria,taty,wiehie,cowboy,농담,4E,hrs00
Victoria,,Horse,Peppy,Female,sugar cube,one-ball shirt,lacy parasol,cute,funky,walk around,July 11,0-0,A,"watermelon table, lovely loveseat, storefront, storefront, watering trough, red boom box, tulip chair, kitschy clock, tulip chair, tulip table",lunar horizon,backyard lawn,K.K. Country,"green furniture, modern furniture, colorful furniture, paintings, Ranch Series furniture, Asian furniture",Starter,セントアロー,Victoria,Victoria,Emma,Vittoria,센트엘로,いくわよ,terroncito,susucre,gimazuka,zolletta,달리자,4F,hrs01
Savannah,,Horse,Normal,Female,y'all,deep blue tee,blue dot parasol,fancy,cute,garden,January 25,0-1,B,"cabana screen, exotic bench, retro stereo, vibraphone, birdcage, cabana armchair, cabana armchair, pachira, corn plant",plaza wall,red tile,Forest Life,"white furniture, old-school furniture, black furniture, paintings, Regal Series furniture, Cabana Series furniture",Starter,サバンナ,Sabana,Savana,Zara,Savannah,사반나,ってば,azucarillo,wimbowé,wichichi,hip hip,맞아요,50,hrs02
Elmer,,Horse,Lazy,Male,tenderfoot,gaudy sweater,gelato umbrella,funky,cute,walk around,October 5,0-2,C,"ranch couch, regal dresser, ranch tea table, ranch couch, phonograph, classic clock, folk guitar, regal armoire, regal lamp",arched window,opulent rug,K.K. Waltz,"brown furniture, lovely furniture, green furniture, instruments, Regal Series furniture, Lovely Series furniture",Starter,サブレ,Jacinto,Martin,Emil,Oreste,샤브렌,だヒヒン,pezuñitas,mouuuuiii,anfänger,pinopino,히히힝,51,hrs03
Roscoe,,Horse,Cranky,Male,nay,checkered shirt,bat umbrella,funky,charming,dig up fossils,June 16,1-1,B,"modern bed, gold stereo, modern sofa, pachira, white knight, modern lamp, black knight",plaza wall,modern tile,K.K. Dirge,"blue furniture, brown furniture, instruments, Modern Series furniture, Asian furniture, Cabin Series furniture",Move-in only,シュバルツ,Jereza,Rosco,Jolly,Roscoe,슈베르트,ブルル,bípedo,shérif,galoppp,nay,부르르,52,hrs04
Yuka,,Koala,Snooty,Female,tsk tsk,citrus gingham,lacy parasol,fancy,cool,collect furniture,July 20,1-1,B,"regal bed, regal table, blue bench, regal bookcase, regal vanity, turntable, tea set, caladium, regal lamp",stately wall,parquet floor,Soulful K.K.,"chic furniture, white furniture, blue furniture, instruments, paintings, Blue Series furniture",Starter,ユーカリ,Yuka,Calypso,Ute,Yuka,유카리,アラ,pues,tss tss,grins,tsé tsé,어맛,53,kal00
Alice,,Koala,Normal,Female,guvnor,barber shirt,lacy parasol,hip,severe,collect shells,August 19,1-2,C,"pine table, cabana screen, cabana bookcase, retro stereo, vibraphone, pine chair, caladium, cactus, pachira, fan palm",green wall,diner tile,Surfin' K.K.,"lovely furniture, colorful furniture, pink furniture, houseplants, Cabana Series furniture, Lovely Series furniture",Starter,メルボルン,Zelanda,Alice,Konny,Alice,멜버른,キラリ,tú,chef,schnarchhh,guvnor,반짝,54,kal01
Melba,,Koala,Normal,Female,toasty,green vest,lacy parasol,cute,funky,garden,April 12,2-0,B,"cabin table, cabin bed, claw-foot tub, cabin couch, green counter, shower, fan palm, green lamp, jukebox, cabin dresser",fairy tale wall,fairy tale floor,K.K. Ragtime,"gray furniture, colorful furniture, Modern Series furniture, paintings, Cabana Series furniture, Regal Series furniture",Starter,アデレード,Melba,Melba,Kornelia,Melba,아델레이드,とっても,tesoro,pêchou,zubba,toasty,정말로요,55,kal02
Kitt,,Kangaroo,Normal,Female,child,blue diamond top,spider umbrella,charming,hip,collect furniture,October 11,0-3,D,"ebony piano, classic sofa, classic sofa, exotic screen, lady palm, powdered wig, tall lullaboid, classic table, turntable",arched window,birch flooring,K.K. Chorale,"red furniture, chic furniture, brown furniture, paintings, Cabana Series furniture, Asian furniture",Move-in only,アップリケ,Antípoda,Poquette,Kerstin,Kitt,애플리케,ッポン,mi alma,gamin,kindchen,cucciolo,폴짝,56,kgr00
Mathilda,,Kangaroo,Snooty,Female,wee baby,U R here shirt,elegant umbrella,conservative,cute,dig up fossils,November 12,1-0,A,"ranch table, classic sofa, billiard table, checkered shirt, rocking chair, corn plant, checkerboard tee, dart board",green wall,checkered tile,K.K. Ragtime,"modern furniture, black furniture, houseplants, Modern Series furniture, Regal Series furniture, Cabana Series furniture",Move-in only,アザラク,Pugilda,Mathilde,Marga,Matilda,안젤라,ッハ,peso mosca,riquiqui,knirps,oplà,응,57,kgr01
Bud,,Lion,Jock,Male,maaan,flowery shirt,beach umbrella,cool,charming,fish,August 8,1-3,D,"picnic table, beach chair, beach chair, beach chair, beach chair, red boom box, ukulele, surfboard, beach table, yellow tulips",tropical vista,tropical floor,K.K. Ska,"yellow furniture, pink furniture, red furniture, houseplants, Asian furniture, Cabana Series furniture",Move-in only,グラさん,Surfleo,Léonard,Dieter,Leo,선글,メ～ン,sabes,m'pote,kumpel,ruggi,요～맨,58,lon00
Elvis,,Lion,Cranky,Male,unh-hunh,royal shirt,red umbrella,conservative,cute,walk around,July 23,0-3,B,"regal sofa, exotic screen, regal sofa, exotic screen, throne, throne, Pantheon post, treasure chest, Pantheon post",arched window,stone tile,K.K. Casbah,"white furniture, black furniture, brown furniture, paintings, Classic Series furniture, Regal Series furniture",Starter,キング,Elvis,Elvis,Leonardo,Elvis,킹,ダロガ,groar,bébé,grolll,unh-hunh,안그냐,59,lon01
Dora,,Mouse,Normal,Female,squeaky,sharp outfit,paper parasol,charming,zany,garden,February 18,2-0,A,"hearth, sewing machine, retro stereo, exotic table, exotic bench, maple bonsai, quince bonsai, blue vase, tall lantern, tall lantern",cabin wall,tatami floor,Soulful K.K.,"white furniture, modern furniture, blue furniture, instruments, Robo Series furniture, Regal Series furniture",Starter,とめ,Dori,Dora,Dora,Serena,티미,だべ,cuiqui,tatouille,quieek,squiksquik,찍찍,5A,mus00
Limberg,,Mouse,Cranky,Male,squinky,subdued print,busted umbrella,hip,cute,walk around,October 17,2-1,B,"outdoor bath, screen, exotic screen, samurai suit, wee dingloid, reel-to-reel, tall percoloid, Japanese drum, tall oombloid",stone wall,tatami floor,K.K. Folk,"gray furniture, old-school furniture, yellow furniture, houseplants, Asian furniture, Robo Series furniture",Starter,らっきょ,Camember,Gruyère,Rafael,Rosico,단무지,てやんで,caramba,Scriiich,pfiffikus,squick,긍가벼,5B,mus01
Bella,,Mouse,Peppy,Female,eeks,skull shirt,flame umbrella,zany,charming,garden,December 28,2-2,C,"lovely bed, green dresser, retro stereo, lovely loveseat, green counter, refrigerator, kitschy clock, iris chair, stove, tulip table",concrete wall,steel flooring,K.K. Metal,"colorful furniture, red furniture, pink furniture, houseplants, Robo Series furniture, instruments",Starter,イザベラ,Prity,Belle,Susi,Bella,이자벨,ギャハッ,petisú,hiiiii,visavisa,eeks,캬학,5C,mus02
Bree,,Mouse,Snooty,Female,cheeseball,floral knit,lacy parasol,charming,gauche,collect furniture,July 7,2-3,D,"regal bed, vibraphone, gold stereo, regal sofa, regal bookcase, weeping fig, radiator, doghouse, regal lamp, regal vanity",blue-trim wall,kitchen tile,Two Days Ago,"white furniture, chic furniture, pink furniture, instruments, Regal Series furniture, Cabana Series furniture",Starter,サラ,Brie,Quenotte,Jenny,Ginella,사라,なんてね,orejas,boulette,kicher,formaggino,글치머,5D,mus03
Samson,,Mouse,Jock,Male,pipsqueak,airy shirt,eggy parasol,hip,zany,dig up fossils,July 5,4-2,D,"blue table, green counter, ball return, gas pump, water bird, watermelon chair, melon chair, kitschy clock",citrus wall,kiddie carpet,Go K.K. Rider!,"lovely furniture, blue furniture, instruments, houseplants, Lovely Series furniture, Robo Series furniture",Starter,ピース,Sansón,Samson,Samson,Sansone,피스,チュー,flojeras,scouic,pieeeps,pisquak,쪽,5E,mus04
Rod,,Mouse,Jock,Male,ace,zipper shirt,gelato umbrella,cool,conservative,catch bugs,August 14,4-3,A,"ranch couch, green counter, billiard table, turntable, odd clock, round cactus, ranch armchair, ranch armchair",sea view,old flooring,K.K. March,"chic furniture, red furniture, colorful furniture, instruments, Cabana Series furniture, instruments",Starter,ジャン,Rodi,Marcel,Manni,Riccardo,쟝,すっげぇ,quesito,tip-top,boa-ey,flapflap,무진장,5F,mus05
Octavian,,Octopus,Cranky,Male,sucker,big star shirt,beach umbrella,hip,fancy,collect shells,September 20,3-0,A,"flying saucer, lunar rover, rocket, satellite, space shuttle, asteroid, asteroid, robo-stereo, robo-chair, Spaceman Sam",lunar horizon,lunar surface,K.K. D & B,"modern furniture, red furniture, black furniture, houseplants, Modern Series furniture, Robo Series furniture",Move-in only,おくたろう,Octavio,Octave,Ottfried,Ottavio,문복,タコ,chupatinta,chenapan,dummkopf,perdindi,쭉쭉,60,ocp00
Marina,,Octopus,Normal,Female,blurp,bubble gum shirt,ribbon umbrella,cute,severe,collect shells,June 26,3-1,B,"lovely bed, lovely dresser, lovely loveseat, claw-foot tub, lovely vanity, sunflower, turntable, lovely end table, lovely lamp",lovely wall,lovely carpet,Soulful K.K.,"pink furniture, houseplants, yellow furniture, paintings, Cabana Series furniture, Classic Series furniture",Move-in only,タコリーナ,Marina,Marina,Marianne,Marina,문리나,きゃ,dospatas,beurp,blubblub,blurp,캬캬,61,ocp01
Queenie,,Ostrich,Snooty,Female,chicken,laced shirt,lacy parasol,zany,gauche,shop for clothes,November 13,3-2,C,"modern bed, regal table, vibraphone, classic sofa, retro stereo, white pawn, black pawn, deluxe range, white pawn, black pawn",plaza wall,modern tile,K.K. Gumbo,"chic furniture, blue furniture, gray furniture, instruments, Asian furniture, Cabana Series furniture",Move-in only,タキュ,Marujita,Reine,Isabella,Regina,택주,やっぱし,gallina,poupoule,hühnchen,polpetta,역시,62,ost00
Gladys,,Ostrich,Normal,Female,stretch,misty shirt,paper parasol,conservative,gauche,catch bugs,January 15,3-3,D,"exotic bed, exotic bench, exotic table, exotic screen, exotic chest, azalea bonsai, exotic wardrobe, phonograph, biwa lute, mega oboid",shoji screen,tatami floor,K.K. Folk,"chic furniture, Asian furniture, houseplants, paintings, Classic Series furniture, Regal Series furniture",Move-in only,ちとせ,Gladis,Gladys,Sandra,Marta,빅토리아,ですの,plumillas,codêt,ajajajjj,stretch,그렇지라,63,ost01
Apollo,,Eagle,Cranky,Male,pah,zipper shirt,paper parasol,funky,hip,walk around,July 4,4-0,A,"modern bed, billiard table, modern sofa, wide-screen TV, modern desk, mahjong table, black knight, white knight, shark tooth, Peking Man",ornate wall,tartan rug,Soulful K.K.,"white furniture, modern furniture, black furniture, houseplants, Robo Series furniture, Cabin Series furniture",Starter,アポロ,Apolo,Apollon,Apollo,Apollo,아폴로,だワイ,rapaz,trraaaa,ahhh,pah,다꿇어,64,pbr00
Amelia,,Eagle,Snooty,Female,cuz,spiderweb shirt,zebra umbrella,gauche,conservative,dig up fossils,November 19,4-1,B,"cabin table, ranch couch, cabin bookcase, folk guitar, birdcage, tall puffoid, cactus, tape deck",desert vista,cabin rug,K.K. Condor,"red furniture, old-school furniture, brown furniture, instruments, Asian furniture, Ranch Series furniture",Starter,アンデス,Amelia,Aurélie,Adelheid,Amelia,안데스,カラカラ,chinchilla,croooa,adlerauge,mini mini,엄멈머,65,pbr01
Pierce,,Eagle,Jock,Male,hawkeye,circus shirt,modern umbrella,conservative,fancy,shop for clothes,January 8,1-1,B,"regal bed, regal table, hi-fi stereo, regal sofa, radiator, regal armoire, regal chair, regal lamp, refrigerator",regal wall,regal carpet,K.K. Etude,"white furniture, yellow furniture, green furniture, instruments, Cabana Series furniture, Regal Series furniture",Starter,セバスチャン,Hugo,Napoléon,Adrian,Attilio,세바스찬,バサバサ,aguililla,œil agile,schwinge,pronti via,퍼덕퍼덕,66,pbr02
Aurora,,Penguin,Normal,Female,b-b-baby,pink tartan,lemon umbrella,hip,gauche,collect shells,January 27,4-2,C,"elephant slide, cabana dresser, gold stereo, cream sofa, daffodil chair, kitschy clock, nebuloid, iris table, harmonoid",lunar horizon,kitchen tile,K.K. Gumbo,"white furniture, lovely furniture, black furniture, paintings, Lovely Series furniture, Regal Series furniture",Starter,オーロラ,Aurora,Aurore,Sonja,Aurora,오로라,だジョー,pescadito,b-b-bébé,b-bestens,b-b-baby,랄라,67,pgn00
Roald,,Penguin,Jock,Male,b-b-buddy,cafe shirt,Toad parasol,funky,conservative,catch bugs,January 5,4-3,D,"train set, elephant slide, rocket, satellite, space shuttle, telescope, kiddie clock, super toilet, robo-stereo, bowling pins",playroom wall,kiddie carpet,K.K. Parade,"blue furniture, lovely furniture, white furniture, houseplants, Cabin Series furniture, Ranch Series furniture",Starter,ペンタ,Bobi,Reynald,Roland,Angelino,펭수,だペン,titirito,pépépère,k-k-kumpel,br-br-brr,팽팽,68,pgn01
Cube,,Penguin,Lazy,Male,d-d-dude,big dot shirt,petal parasol,cute,cool,walk around,January 29,0-0,A,"robo-bed, robo-dresser, robo-sofa, red snapper, robo-clock, daffodil chair, apple clock, robo-stereo, tulip chair",mod wall,diner tile,K.K. Technopop,"modern furniture, black furniture, colorful furniture, instruments, Classic Series furniture, Kiddie Series furniture",Starter,ビス,Cube,Cube,Cube,Cubetto,빙수,ペンペン,waap,cococopain,d-d-dude,brivido,땡땡,69,pgn02
Hopper,,Penguin,Cranky,Male,slushie,dragon suit,flame umbrella,severe,cute,fish,April 6,0-1,B,"cabin table, cabin couch, cabin low table, cabin chair, bear pole, mega timpanoid, tall gongoid, eagle pole",cabin wall,cowhide rug,Lucky K.K.,"old-school furniture, red furniture, black furniture, paintings, Ranch Series furniture, Asian furniture",Starter,ダルマン,Güiñón,Victor,Hauke,Pinguaio,달만이,ちぅねん,esploch,manette,slaschi,sguish,아따,6A,pgn03
Friga,,Penguin,Snooty,Female,brrrmph,picnic shirt,lacy parasol,cool,hip,collect furniture,October 16,0-2,C,"regal bed, cabana bookcase, regal dresser, retro stereo, regal table, bubble shirt, regal chair, regal chair, lacy parasol, spring shirt",arched window,classic carpet,K.K. Tango,"white furniture, pink furniture, houseplants, Cabana Series furniture, Regal Series furniture, Lovely Series furniture",Starter,サブリナ,Frida,Friga,Frieda,Frida,사브리나,ツルルン,heladito,bourfff,grrmpf,brrrumf,으쓱,6B,pgn04
Gwen,,Penguin,Snooty,Female,h-h-h-hon,yellow bolero,lacy parasol,fancy,hip,garden,January 23,0-2,C,"ebony piano, ranch tea table, vibraphone, regal dresser, classic sofa, ranch bookcase, phonograph, pothos, classic clock, classic table",cityscape wall,round carpet,Café K.K.,"white furniture, blue furniture, yellow furniture, paintings, Classic Series furniture, Asian furniture",Starter,ポーラ,Fabiola,Gwen,Judith,Gelinda,폴라,ウフフ,crustáceo,h-h-h-hon,ssswetie,a-a-amor,우훗훗,6C,pgn05
Curly,,Pig,Jock,Male,nyoink,green bar shirt,gelato umbrella,hip,cool,dig up fossils,July 26,0-3,D,"cabin table, classic bookcase, cabin couch, mini croakoid, pachira, tape deck, coconut palm, folk guitar",wood paneling,music room floor,K.K. Reggae,"yellow furniture, brown furniture, houseplants, instruments, Ranch Series furniture, Cabin Series furniture",Starter,ハムカツ,Rufueto,Tirbou,Oink,Ricciolo,햄까스,どもども,ñoink,coink,oinkoink,niooink,꿀꿀,6D,pig00
Truffles,,Pig,Peppy,Female,snoutie,turnip top,Toad parasol,cute,conservative,fish,July 28,1-0,A,"blue table, lovely kitchen, lovely loveseat, lovely dresser, tootoid, mega tootoid, gold econo-chair, djimbe drum, tea set",citrus wall,lovely carpet,Two Days Ago,"pink furniture, modern furniture, colorful furniture, paintings, Asian furniture, Cabana Series furniture",Starter,トンコ,Trufas,Trufa,Luzie,Grufetta,탱고,だわさ,oink-oink,jambon,schnauzie,ficcanaso,거라예,6E,pig01
Rasher,,Pig,Cranky,Male,swine,rugby shirt,busted umbrella,severe,cute,dig up fossils,April 7,1-1,B,"modern bed, wide-screen TV, glass-top table, office locker, office locker, white golf bag, quince bonsai, dharma",shanty wall,cowhide rug,K.K. Faire,"red furniture, old-school furniture, brown furniture, paintings, Cabana Series furniture, Ranch Series furniture",Starter,グレオ,Curtis,Salami,Ede,Broncio,글레이,まんねん,tocino,porcelet,schweini,snoooink,꾸엑,6F,pig02
Hugh,,Pig,Lazy,Male,snortle,jade check print,eggy parasol,fancy,gauche,collect furniture,December 30,0-0,B,"kiddie table, kiddie stereo, kiddie bed, kiddie couch, toilet, alarm clock, refrigerator, blue lava lamp, stove",green wall,diner tile,K.K. Mambo,"orange furniture, yellow furniture, pink furniture, houseplants, Green Series furniture, Blue Series furniture",Starter,クッチャネ,Jacobo,Bonno,Hugo,Jambon,먹고파,とかね,groink,cuick,schniff,snort,아님말구,70,pig03
Lucy,,Pig,Normal,Female,snoooink,natty shirt,candy umbrella,cute,cool,garden,June 2,0-2,D,"ranch table, exotic screen, cream sofa, sewing machine, glass-top table, holly bonsai, space heater, mugho bonsai, owl clock, ponderosa bonsai",chic wall,tartan rug,Comrade K.K.,"brown furniture, modern furniture, black furniture, instruments, Robo Series furniture, Classic Series furniture",Starter,ルーシー,Aurelia,Lucie,Larissa,Lucy,루시,よぅ,jamoneti,groingroin,schnoink,snoink,예예,71,pig04
Bunnie,,Rabbit,Peppy,Female,tee-hee,jade check print,petal parasol,gauche,funky,collect furniture,May 9,1-2,C,"ebony piano, retro stereo, regal dresser, ranch couch, green bed, lovely lamp, lovely chair, Mama bear, regal vanity, lovely end table",wood paneling,parquet floor,K.K. Aria,"pink furniture, lovely furniture, brown furniture, instruments, Lovely Series furniture, Cabin Series furniture",Starter,リリアン,Coni,Clara,Mimmi,Bonny,릴리안,みたいな,oy-oy-oy,hé hé hé,tiihii,tiptap,그렇지뭐,72,rbt00
Dotty,,Rabbit,Peppy,Female,wee one,blue check shirt,yellow umbrella,fancy,cool,walk around,March 14,1-3,D,"lunar lander, lunar rover, satellite, tall sproid, Spaceman Sam, tape deck, Spaceman Sam, Spaceman Sam",desert vista,Saharah's desert,K.K. Technopop,"colorful furniture, chic furniture, pink furniture, paintings, Classic Series furniture, Cabana Series furniture",Starter,マーサ,Katia,Dorothée,Doro,Dotty,서머,ラン,trompis,lapinou,uiui,caroté,룰루랄라,73,rbt01
Coco,,Rabbit,Normal,Female,doyoing,dawn shirt,leaf umbrella,severe,gauche,collect furniture,March 1,2-0,A,"outdoor bath, screen, exotic chest, tall lantern, spaceman, tall lantern, mega rustoid, quince bonsai",plaster wall,shanty mat,K.K. Dirge,"modern furniture, brown furniture, instruments, Modern Series furniture, Ranch Series furniture, Asian furniture",Move-in only,やよい,Cocoloca,Coco,Koko,Coco,이요,はにょ,toin-toin,touloulou,hoppsa,evviva,삐용,74,rbt02
Snake,,Rabbit,Jock,Male,bunyip,zipper shirt,camo umbrella,zany,fancy,fish,November 3,2-1,B,"screen, exotic chest, exotic chest, samurai suit, deer scare, ninja sword, oombloid, tiki torch, tiki torch",stone wall,sandlot,K.K. Lullaby,"old-school furniture, pink furniture, blue furniture, instruments, Regal Series furniture, Robo Series furniture",Move-in only,モモチ,Rayo,Jeannot,Philip,Razzo,닌토,ニンニン,boin-boing,mon lapin,hopplahopp,bun bun,닌닌,75,rbt03
Gaston,,Rabbit,Cranky,Male,mon chou,swell shirt,leopard umbrella,severe,cute,dig up fossils,October 28,2-2,C,"robo-table, amazing machine, medicine chest, hamster cage, reel-to-reel, haz-mat barrel, speed bag, sandbag",lab wall,lab floor,K.K. Dirge,"old-school furniture, black furniture, yellow furniture, paintings, Cabin Series furniture, Robo Series furniture",Starter,モサキチ,Gastón,Gaston,Gaston,Gaston,대길,ムホッ,mon chou,cahuète,herzblatt,cherie,쿨럭,76,rbt04
Gabi,,Rabbit,Peppy,Female,honeybun,waffle shirt,candy umbrella,cute,funky,catch bugs,December 16,2-3,D,"ebony piano, cabana screen, ranch tea table, regal sofa, vibraphone, pachira, slim nebuloid, metronome, turntable, pothos",green wall,birch flooring,K.K. Love Song,"white furniture, blue furniture, brown furniture, instruments, Cabana Series furniture, Classic Series furniture",Starter,ペチカ,Piluca,Gaby,Gabi,Gabri,패티카,だっち,mari,mon lièvre,liebling,mielito,꺄오,77,rbt05
Pippy,,Rabbit,Peppy,Female,li'l hare,mint gingham top,forest umbrella,fancy,funky,fish,June 14,3-0,A,"backyard pool, mountain bike, Nintendo bench, hammock, tape deck, Mr. Flamingo, sprinkler, Mrs. Flamingo, birdhouse",backyard fence,backyard lawn,K.K. Mambo,"blue furniture, modern furniture, yellow furniture, instruments, Regal Series furniture, Cabana Series furniture",Starter,ロッタ,Méloni,Nadia,Lotta,Pippi,로타,なのサ,pipita,ti’ lièvre,hihi,gnaf,울랄라,78,rbt06
Tiffany,,Rabbit,Snooty,Female,bunbun,spiderweb shirt,elegant umbrella,zany,cute,garden,January 9,3-1,B,"modern bed, billiard table, wide-screen TV, retro stereo, red sofa, dart board, huge shades, classic table, red armchair, red armchair",concrete wall,red tile,K.K. Rock,"black furniture, blue furniture, red furniture, instruments, Modern Series furniture, Regal Series furniture",Move-in only,バズレー,Tiffany,Tiphaine,Michele,Stefania,바슬레,ってさ,pompón,pinpin,ramml,bunbun,라던데,79,rbt07
Genji,,Rabbit,Jock,Male,otaku,misty shirt,paper parasol,severe,zany,catch bugs,January 21,1-1,D,"hearth, screen, evening cicada, tea table, mini-dharma, mop, paper parasol",sea view,shanty mat,King K.K.,"lovely furniture, old-school furniture, white furniture, instruments, Cabin Series furniture, Asian furniture",Move-in only,ゲンジ,Sumo,Kali,Aki,Genji,토시,まろ,otaku,otaku,goseimas,otaku,땡글,7A,rbt08
Ruby,,Rabbit,Peppy,Female,li'l ears,bunny shirt,leaf umbrella,cute,severe,collect furniture,December 25,4-3,C,"moon, lovely loveseat, claw-foot tub, lovely loveseat, mochi pestle, mochi pestle, tall quazoid, slim quazoid, mochi pestle",lunar horizon,lunar surface,K.K. Ska,"pink furniture, white furniture, blue furniture, houseplants, Lovely Series furniture, Regal Series furniture",Starter,ルナ,Rubí,Rubis,Tommy,Rubina,루나,フツーに,orejitas,n'oreille,paffpaff,orecchine,보통이지,7B,rbt09
Tank,,Rhino,Jock,Male,kerPOW,No. 1 shirt,gelato umbrella,cool,conservative,dig up fossils,May 6,3-2,C,"outdoor bath, exotic table, exotic bench, exotic lamp, maple bonsai, Japanese drum, tall lantern, tall gongoid",bamboo wall,sandlot,K.K. Lament,"brown furniture, old-school furniture, gray furniture, houseplants, Ranch Series furniture, Asian furniture",Starter,くるぶし,Aníbal,Ben,Frank,Rinaldo,탱크,ですサイ,tapumba,kaboum,wuff,zamperù,아뿔소,7C,rhn00
Rhonda,,Rhino,Normal,Female,bigfoot,bodice,lacy parasol,fancy,gauche,garden,January 24,2-3,C,"regal bed, regal sofa, retro stereo, regal dresser, classic bookcase, scale, mega lullaboid, lady palm, cabana chair, cabana vanity",mosaic wall,palace tile,K.K. Ballad,"white furniture, brown furniture, green furniture, paintings, Lovely Series furniture, Asian furniture",Move-in only,ユメコ,Ronda,Renée,Regina,Roby,론다,ンフ,jip-jip,grand pied,stampf,piedone,훗,7D,rhn01
Vesta,,Sheep,Normal,Female,baaaffo,fall plaid shirt,elegant umbrella,charming,hip,shop for clothes,April 16,3-3,D,"classic bookcase, fireplace, ranch couch, sewing machine, turntable, natty shirt, comfy sweater, winter sweater, gumdrop shirt",ranch wall,backyard lawn,K.K. Steppe,"white furniture, chic furniture, brown furniture, instruments, Asian furniture, Ranch Series furniture",Starter,メリヤス,Vesta,Hélaine,Dolly,Lanella,메리어스,なのね,beeeibi,pupull,bäääh,beeeby,쩝,7E,shp00
Baabara,,Sheep,Snooty,Female,daahling,purple tie-dye,ribbon umbrella,charming,cool,collect shells,March 28,4-1,A,"ivory piano, classic sofa, classic sofa, cabana dresser, antique clock, turntable, pachira, classic table, bass",arched window,parquet floor,K.K. Swing,"brown furniture, white furniture, pink furniture, paintings, Classic Series furniture, Regal Series furniture",Starter,トロワ,Beelén,Bêêtty,Babsi,Bea,트로와,アンドゥ,peeelusa,chêêêri,däääää,breeezza,앤쥬,7F,shp01
Peanut,,Squirrel,Peppy,Female,slacker,beatnik shirt,ribbon umbrella,hip,conservative,garden,June 8,4-1,B,"watermelon table, dice stereo, cream sofa, blue bureau, green counter, red armchair, tall droploid, refrigerator, tall droploid, stove",citrus wall,red tile,K.K. Salsa,"orange furniture, pink furniture, red furniture, houseplants, Ranch Series furniture, colorful furniture",Starter,ももこ,Belinda,Rachida,Paulina,Rachele,핑키,なのよ,almendrita,noisette,faulenzer,sgronch,거얌,80,squ00
Blaire,,Squirrel,Snooty,Female,nutlet,peachy shirt,candy umbrella,fancy,cool,collect shells,July 3,4-2,C,"watermelon table, high-end stereo, cream sofa, red sofa, metronome, lemon table, lime chair, grapefruit table, orange chair",citrus wall,ceramic tile,K.K. Jazz,"lovely furniture, colorful furniture, Modern Series furniture, instruments, Lovely Series furniture, Cabana Series furniture",Starter,シルエット,Azabache,Cachou,Klara,Ghianda,실루엣,ふふん,bayita,coquille,knack,scrick,헤헤헤,81,squ01
Filbert,,Squirrel,Lazy,Male,bucko,vogue top,daisy umbrella,funky,gauche,catch bugs,June 3,4-3,D,"train set, robo-dresser, kiddie dresser, kiddie couch, satellite, tall cactus, TV with a VCR, mini croakoid, round cactus, mega croakoid",lunar horizon,citrus carpet,Two Days Ago,"lovely furniture, blue furniture, colorful furniture, paintings, Green Series furniture, pink furniture",Starter,リッキー,Filberto,Filibert,Felix,Scriccio,리키,でしゅ,guirlache,gogo,manno,gnic gnic,예용,82,squ02
Pecan,,Squirrel,Snooty,Female,chipmunk,red check shirt,elegant umbrella,fancy,severe,shop for clothes,September 10,0-0,A,"regal bed, regal sofa, hi-fi stereo, regal dresser, regal bookcase, regal vanity, mixer, aloe, red tulips, toaster",regal wall,stone tile,Café K.K.,"yellow furniture, orange furniture, brown furniture, houseplants, Classic Series furniture, Lovely Series furniture",Starter,レベッカ,Camila,Pécan,Noisette,Nocina,레베카,つんっ,piñoncito,fouloulou,spatzl,cipì,쯧쯧,83,squ03
Nibbles,,Squirrel,Peppy,Female,niblet,watermelon shirt,sunny parasol,cute,conservative,shop for clothes,July 19,0-1,B,"watermelon table, mountain bike, lovely loveseat, elephant slide, kiddie bed, water bird, rock guitar, tall sproid, mega sproid, mini sproid",parlor wall,citrus carpet,K.K. Technopop,"green furniture, orange furniture, green furniture, instruments, Blue Series furniture, Green Series furniture",Starter,ガリガリ,Dentina,Lola,Knuspi,Rododea,그리미,ガジガジ,bellotita,nunuche,knusper,truciolo,송송,84,squ04
Agent S,,Squirrel,Peppy,Female,sidekick,No. 2 shirt,blue umbrella,cool,fancy,fish,July 2,0-2,C,"cabana bed, cabana bookcase, wide-screen TV, high-end stereo, giant snakehead, birdcage, cabana lamp, harp, classic clock, Mr. Flamingo",cityscape wall,mosaic tile,K.K. Cruisin',"blue furniture, red furniture, green furniture, paintings, Cabana Series furniture, Regal Series furniture",Move-in only,２ごう,Fardilia,Ninjette,Karin,Agente S,２호,せいやっ,piñita,poto,strampl,spalla,흠냐,85,squ05
Caroline,,Squirrel,Normal,Female,hulaaaa,gelato shirt,beach umbrella,gauche,severe,collect furniture,July 15,0-3,D,"basketball hoop, red sofa, claw-foot tub, kiddie stereo, beach chair, surfboard, lawn chair, candy machine, gas pump, life ring",tropical vista,ceramic tile,DJ K.K.,"pink furniture, orange furniture, houseplants, Cabana Series furniture, Lovely Series furniture, Regal Series furniture",Move-in only,キャロライン,Mariló,Isabelle,Ricarda,Carolina,캐롤라인,ユー,ulaaaa,houlaaaa,hulaaaa,ehilaaà,휴,86,squ06
Sally,,Squirrel,Normal,Female,nutmeg,icy shirt,petal parasol,cute,cool,collect shells,June 19,1-0,D,"green dresser, green counter, glass-top table, exotic screen, gold econo-chair, red boom box, lady palm, ruby econo-chair, jade econo-chair",blue-trim wall,kitchen tile,K.K. Fusion,"yellow furniture, lovely furniture, green furniture, instruments, Cabin Series furniture, Robo Series furniture",Starter,ララミー,Praliné,Damia,Hanne,Rossella,라라미,ったら,ramita,noisette,muskat,nocciolina,까꿍,87,squ07
Static,,Squirrel,Cranky,Male,krzzt,melon shirt,yellow umbrella,gauche,cute,walk around,July 9,1-0,A,"modern bed, mountain bike, gold stereo, modern desk, modern sofa, mini gargloid, metal guitar, mini bowtoid, folk guitar, rock guitar",plaza wall,steel flooring,Surfin' K.K.,"brown furniture, black furniture, blue furniture, instruments, Blue Series furniture, Modern Series furniture",Starter,スパーク,Protón,Electro,Rudolf,Elettra,스파크,ピカッ,avería,krzzt,krazz,sguscio,콰광,88,squ08
Mint,,Squirrel,Snooty,Female,ahhhhhh,gumdrop shirt,lacy parasol,cool,funky,garden,May 2,1-1,B,"pine table, classic sofa, retro stereo, blue bureau, blue bookcase, dracaena, Baby bear, weeping fig, blue clock, blue cabinet",blue-trim wall,birch flooring,K.K. Soul,"blue furniture, yellow furniture, pink furniture, houseplants, Classic Series furniture, Lovely Series furniture",Starter,ミント,Menta,Amande,Marika,Mentulla,민트,うっふん,bichito,ahhhhhh,knabber,squercia,우훗,89,squ09
Rolf,,Tiger,Cranky,Male,grrrolf,bubble shirt,blue dot parasol,severe,fancy,dig up fossils,August 22,1-0,A,"modern bed, gold stereo, exotic bench, mini bowtoid, black pawn, mega bowtoid, manhole cover, white pawn",industrial wall,steel flooring,Rockin' K.K.,"modern furniture, red furniture, white furniture, instruments, Modern Series furniture, Classic Series furniture",Starter,チョモラン,Albino,Ralf,Boris,Rolf,호랭이,だガー,grooorf,grrrufff,brüll,grrrolf,근데,8A,tig00
Rowan,,Tiger,Jock,Male,mango,aqua polka shirt,bat umbrella,hip,conservative,fish,August 26,1-1,B,"green table, exotic screen, green bench, green bed, green counter, frog woman pole, bear pole, rubber tree, sproid, grasshopper",bamboo wall,bamboo flooring,Aloha K.K.,"old-school furniture, blue furniture, houseplants, instruments, Asian furniture, Cabana Series furniture",Move-in only,ゴメス,Miguelón,Marito,Gisbert,Ernesto,고메스,まったく,turista,banane,mango,mango,내참,8B,tig01
Chief,,Wolf,Cranky,Male,harrumph,red bar shirt,elegant umbrella,conservative,fancy,shop for clothes,December 19,1-2,C,"modern bed, iron frame, modern cabinet, robo-TV, iron frame, tape deck, odd clock, robo-clock, red clock, owl clock",industrial wall,steel flooring,DJ K.K.,"black furniture, yellow furniture, white furniture, instruments, Cabana Series furniture, Regal Series furniture",Starter,チーフ,Zoilo,Chef,Sascha,Artiglio,대장,やんか,ejem,mmmph,harrumff,arrrgh,그렇잖여,8C,wol00
Lobo,,Wolf,Cranky,Male,ah-rooooo,checkered shirt,paper parasol,conservative,hip,fish,November 5,1-3,D,"cabin table, cabin couch, ranch bed, retro stereo, globe, djimbe drum, djimbe drum, conga drum, folk guitar",stone wall,cowhide rug,K.K. Safari,"chic furniture, blue furniture, gray furniture, instruments, Cabin Series furniture, Ranch Series furniture",Starter,ブンジロウ,Lupo,Lobo,Lupo,Lupen,늑태,だぜよ,auuuh,ah rooooo,auuuuuu,etchuuuu,봐봐,8D,wol01
Wolfgang,,Wolf,Cranky,Male,snarrrl,Gracie's top,paper parasol,cool,cute,dig up fossils,November 25,1-3,C,"modern bed, modern sofa, high-end stereo, howloid, mini echoid, piranha, mini howloid, rock guitar",concrete wall,modern tile,K.K. Song,"gray furniture, colorful furniture, Modern Series furniture, paintings, Cabana Series furniture, Regal Series furniture",Starter,ロボ,Wolfi,Wolfgang,Weber,Wolfgang,로보,のな,grauuuh,snurffff,knurrr,zanna,거봐,8E,wol02
Whitney,,Wolf,Snooty,Female,snappy,floral knit,zebra umbrella,fancy,severe,shop for clothes,September 17,3-3,D,"classic bed, hi-fi stereo, classic bookcase, regal sofa, fireplace, classic wardrobe, classic clock, weeping fig, cabana lamp, Baby bear",stone wall,round carpet,Lucky K.K.,"gray furniture, colorful furniture, Modern Series furniture, paintings, Cabana Series furniture, Regal Series furniture",Starter,ビアンカ,Lupe,Blanche,Lupa,Bianca,비앙카,ステキね,auf-auf,sbam,jaulll,snappy,멋져,8F,wol03
Champ,,Monkey,Jock,Male,choo CHOO,paw shirt,gelato umbrella,hip,zany,garden,June 4,1-2,C,"train set, red sofa, office desk, office locker, alarm clock, rubber tree, office chair, red armchair",backyard fence,red tile,K.K. Salsa,"lovely furniture, yellow furniture, houseplants, Blue Series furniture, Kiddie Series furniture, Green Series furniture",Download only,さるお,Mico,Thibaut,Tschita,Champ,몽돌이,ウッキー,uh-ah-ah,tchouTCHOU,u-u-u,choo CHOO,우키,90,mnk00
Nana,,Monkey,Normal,Female,po po,bubble gum shirt,candy umbrella,cute,severe,collect furniture,August 23,0-2,A,"watermelon table, blue bookcase, retro stereo, blue bed, lovely lamp, orange chair, retro fridge, mixer, lime chair",parlor wall,citrus carpet,K.K. Dixie,"modern furniture, orange furniture, houseplants, instruments, Green Series furniture, Cabana Series furniture",Download only,チッチ,Nana,Mireille,Dorothea,Nanà,키키,ウキャ,monada,po po,spitzi,po po,끼끼,91,mnk01
Simon,,Monkey,Lazy,Male,zzzook,red bar shirt,forest umbrella,charming,cool,fish,January 19,2-3,C,"bonfire, cabin bookcase, hammock, conga drum, fan palm, fan palm, tiki torch, tiki torch",lunar horizon,sandlot,Forest Life,"green furniture, gray furniture, brown furniture, instruments, Asian furniture, Cabin Series furniture",Download only,エテキチ,Simón,Simon,Simon,Simon,시몬,でござる,chimpa,zzziik,bannabanna,zzzook,하옵니다,92,mnk02
Tammi,,Monkey,Peppy,Female,chimpy,new spring shirt,petal parasol,fancy,severe,shop for clothes,April 1,0-3,D,"classic bed, classic bookcase, claw-foot tub, cream sofa, cabana dresser, cabana vanity, lady palm, reel-to-reel, birdcage, cabana lamp",mosaic wall,blue flooring,Only Me,"chic furniture, white furniture, brown furniture, houseplants, Classic Series furniture, Blue Series furniture",Download only,エイプリル,Tami,Lili,Bonni,Tammi,에이프릴,ワオ,uki-uki,booof,agaga,scimmietta,와우,93,mnk03
Monty,,Monkey,Cranky,Male,g'tang,blue pinstripe,leaf umbrella,severe,cute,catch bugs,December 7,4-3,C,"outdoor bath, clothesline pole, mountain bike, sleeping bag, snowboard, campfire, backpack, tape deck, lantern",meadow vista,daisy meadow,Pondering,"blue furniture, green furniture, instruments, Robo Series furniture, Kiddie Series furniture, Cabana Series furniture",Download only,サルモンティ,Burton,Lourant,Daniel,Mimmo,몽티,バナーナ,uuuuh-ah,l'outang,unnerum,g'tang,바나나,94,mnk04
Elise,,Monkey,Snooty,Female,puh-lease,cool shirt,sunny parasol,fancy,severe,collect shells,March 21,3-1,D,"regal bed, exotic screen, classic vanity, classic buffet, classic sofa, retro TV, owl clock, racoon figurine, lucky gold cat, super toilet",cityscape wall,ceramic tile,Neapolitan,"red furniture, pink furniture, chic furniture, houseplants, Lovely Series furniture, Asian furniture",Download only,モンこ,Mayra,Elise,Steffi,Elisa,몽자,だモン,ricura,steup,strebstreb,per favore,몽몽,95,mnk05